원본품목번호,원본분할,대분류,중분류,소분류,품목명,제조사,용량
35186,Training|Validation,과자,스낵,감자스낵,CJ푸드)비비고칩포테이토40G,CJ제일제당,40G
25846,Training|Validation,과자,스낵,감자스낵,남양 우리아이처음먹는감자얌얌35G,남양유업,35G
25618,Training|Validation,과자,스낵,감자스낵,농심 수미칩 어니언 85G,농심,85G
25617,Training|Validation,과자,스낵,감자스낵,농심 수미칩 오리지널 85G,농심,85G
40183,Training|Validation,과자,스낵,감자스낵,농심)포테토칩육개장사발면맛60G,농심,60G
20128,Training|Validation,과자,스낵,감자스낵,농심)프링글스버터캬라멜110G,농심,110G
70143,Training|Validation,과자,스낵,감자스낵,농심)프링글스블랙페퍼크랩110G,농심,110G
20126,Training|Validation,과자,스낵,감자스낵,농심)프링글스클래식110G,농심,110G
10112,Training|Validation,과자,스낵,감자스낵,농심)프링글스클래식53G,농심,53G
60132,Training|Validation,과자,스낵,감자스낵,농심)프링글스할라피뇨110G,농심,110G
40092,Training|Validation,과자,스낵,감자스낵,농심감자깡75G,농심,75G
40148,Training|Validation,과자,스낵,감자스낵,농심수미칩어니언55G,농심,55G
10178,Training|Validation,과자,스낵,감자스낵,농심칩포테토오리지날125G,농심,125G
30061,Training|Validation,과자,스낵,감자스낵,농심포스틱84G,농심,84G
60097,Training|Validation,과자,스낵,감자스낵,농심프링글스핫앤스파이시53G,농심,53G
70142,Training|Validation,과자,스낵,감자스낵,프링글스WTF110G,농심,110G
60131,Training|Validation,과자,스낵,감자스낵,프링글스마요치즈맛110G,농심,110G
30292,Training|Validation,과자,스낵,감자스낵,프링글스양파맛 53G,농심,53G
30291,Training|Validation,과자,스낵,감자스낵,프링글스오리지날 53G,농심,53G
20125,Training|Validation,과자,스낵,감자스낵,프링글스오리지날110G,농심,110G
20127,Training|Validation,과자,스낵,감자스낵,프링글스치즈맛110G,농심,110G
80117,Training|Validation,과자,스낵,감자스낵,프링글스핫스파이시110G,농심,110G
25181,Training|Validation,과자,스낵,감자스낵,농심켈로그)프링글스 마늘감자구이맛110G,농심켈로그,110G
25180,Training|Validation,과자,스낵,감자스낵,농심켈로그)프링글스 버팔로윙맛110G,농심켈로그,110G
45167,Training|Validation,과자,스낵,감자스낵,농심켈로그)프링글스블로네제스파게티맛110G,농심켈로그,110G
45168,Training|Validation,과자,스낵,감자스낵,농심켈로그)프링글스사워크림앤어니언100G,농심켈로그,110G
20129,Training|Validation,과자,스낵,감자스낵,켈로그)프링글스사워크림&어니언,농심켈로그,110G
65199,Training|Validation,과자,스낵,감자스낵,켈로그프링글스찹스테이크,농심켈로그,110G
65200,Training|Validation,과자,스낵,감자스낵,켈로그프링글스크리미쉬림프,농심켈로그,110G
70102,Training|Validation,과자,스낵,감자스낵,롯데)에어베이크드포테이토사워크림어니언맛70G,롯데제과,70G
30137,Training|Validation,과자,스낵,감자스낵,롯데)에어베이크드포테이토오리지날85G,롯데제과,85G
15745,Training|Validation,과자,스낵,감자스낵,신세계 자주 아삭함그대로감자스틱 50G,신세계,50G
40153,Training|Validation,과자,스낵,감자스낵,오)포카칩어니언맛 110g,오뚜기,110g
25591,Training|Validation,과자,스낵,감자스낵,오리온 마켓오 리얼치즈칩포테이토 62G,오리온,62G
25601,Training|Validation,과자,스낵,감자스낵,오리온 예감 볶은양파맛 204G,오리온,204G
25668,Training|Validation,과자,스낵,감자스낵,오리온 예감 치즈그라탕맛 204G,오리온,204G
25006,Training|Validation,과자,스낵,감자스낵,오리온 예감오리지날 12P 192G,오리온,192G
40145,Training|Validation,과자,스낵,감자스낵,오리온)무뚝뚝감자칩60G,오리온,60G
45219,Training|Validation,과자,스낵,감자스낵,오리온)예감32G,오리온,32G
45221,Training|Validation,과자,스낵,감자스낵,오리온)예감볶은양파맛32G,오리온,32G
50072,Training|Validation,과자,스낵,감자스낵,오리온)예감오리지날2P 64G,오리온,64G
20180,Training|Validation,과자,스낵,감자스낵,오리온)예감치즈그라탕2P 64G,오리온,64G
45220,Training|Validation,과자,스낵,감자스낵,오리온)예감치즈그라탕맛32G,오리온,32G
90075,Training|Validation,과자,스낵,감자스낵,오리온)오감자감자그라탕맛50G,오리온,50G
30067,Training|Validation,과자,스낵,감자스낵,오리온)포카칩양파66G,오리온,66G
10210,Training|Validation,과자,스낵,감자스낵,오리온)포카칩오리지널66G,오리온,66G
50261,Training|Validation,과자,스낵,감자스낵,오리온무뚝뚝감자칩124G,오리온,124G
50061,Training|Validation,과자,스낵,감자스낵,오리온스윙칩볶음고추장60G,오리온,60G
40147,Training|Validation,과자,스낵,감자스낵,오리온오감자양념바베큐맛50G,오리온,50G
30133,Training|Validation,과자,스낵,감자스낵,포카칩오리지널110G,오리온,110G
20239,Training|Validation,과자,스낵,감자스낵,Onlyprice 감자칩 어니언맛,온리프라이스,110g
80181,Training|Validation,과자,스낵,감자스낵,Onlyprice 감자칩 오리지널,온리프라이스,110g
35637,Training|Validation,과자,스낵,감자스낵,이마트)프링글스사워크림앤어니언,이마트,134G
35638,Training|Validation,과자,스낵,감자스낵,이마트)프링글스오리지널,이마트,134G
A40004,Training|Validation,과자,스낵,감자스낵,(주)이마트24감자칩 김와사비향,이마트24,110g
A40003,Training|Validation,과자,스낵,감자스낵,(주)이마트24감자칩 오리지널,이마트24,110g
A40002,Training|Validation,과자,스낵,감자스낵,(주)이마트24민생감자칩 사워크림&어니언,이마트24,45g
15711,Training|Validation,과자,스낵,감자스낵,이멕스무역 포테이토크리스프바비큐맛 540G,이멕스무역,540G
15710,Training|Validation,과자,스낵,감자스낵,이멕스무역 포테이토크리스프사워크림향 540G,이멕스무역,540G
25835,Training|Validation,과자,스낵,감자스낵,이멕스무역 포테이토크리스프사워크림향75G,이멕스무역,75G
55823,Training|Validation,과자,스낵,감자스낵,이멕스무역)스위트포테이토크리스프5개입,이멕스무역,90G
55821,Training|Validation,과자,스낵,감자스낵,이멕스무역)포테이토크리스프바비큐맛5개입,이멕스무역,75G
55822,Training|Validation,과자,스낵,감자스낵,이멕스무역)포테이토크리스프스위트콘맛5개입,이멕스무역,90G
50259,Training|Validation,과자,스낵,감자스낵,일동후디스 냠냠 단호박볼60g,일동후디스,60G
50258,Training|Validation,과자,스낵,감자스낵,일동후디스 냠냠과자 시금치당근 브로콜리볼60g,일동후디스,60G
45035,Training|Validation,과자,스낵,감자스낵,크라운 감자품격 트러플 96G,크라운제과,96G
55994,Training|Validation,과자,스낵,감자스낵,티디에프코리아)아미카알프레도트러플감자칩,티디에프코리아,100G
15742,Training|Validation,과자,스낵,감자스낵,오희숙전통부각 찹쌀감자부각 25G,하늘바이오,25G
20164,Training|Validation,과자,스낵,감자스낵,해태)허니버터칩38G,해태,38G
70166,Training|Validation,과자,스낵,감자스낵,해태)맛볼버터갈릭60G,해태제과식품,60G
90123,Training|Validation,과자,스낵,감자스낵,해태허니버터칩60G,해태제과식품,60G
60283,Training|Validation,과자,스낵,감자스낵,심플러스 오리지날 감자칩 110G,홈플러스,110G
60284,Training|Validation,과자,스낵,감자스낵,심플러스 오리지날 감자칩 샤워크림 & 어니언향,홈플러스,111G
60282,Training|Validation,과자,스낵,감자스낵,심플러스 오리지날 감자칩 치즈,홈플러스,112G
25637,Training|Validation,과자,건채소,고구마,경성 반건조첫사랑군고구마 65G,경성미가,65G
90073,Training|Validation,과자,스낵,고구마스낵,농심)고구마깡83G,농심,83G
15650,Training|Validation,과자,스낵,고구마스낵,대산인터내셔널 자색고구마칩 200G,대산인터내셔널,200G
35542,Training|Validation,과자,스낵,고구마스낵,새롬식품)수고구마스틱,새롬식품,50G
15738,Training|Validation,과자,스낵,고구마스낵,신세계 자주 달콤함그대로고구마칩 50G,신세계,50G
25913,Training|Validation,과자,스낵,고구마스낵,씨제이올리브영 자색고구마베이글칩60G,씨제이올리브영,60G
66031,Training|Validation,과자,스낵,고구마스낵,씨제이올리브영)바삭한고구마칩50G,씨제이올리브영,50G
66032,Training|Validation,과자,스낵,고구마스낵,씨제이올리브영)바삭한자색고구마칩50G,씨제이올리브영,50G
45765,Training|Validation,과자,스낵,고구마스낵,오성물산)촉촉한고구마,오성물산,50G
45766,Training|Validation,과자,스낵,고구마스낵,우수에프앤비)자색고구마칩스,우수에프앤비,60G
A40009,Training|Validation,과자,스낵,고구마스낵,(주)이마트24자색고구마칩,이마트24,110g
25903,Training|Validation,과자,스낵,고구마스낵,장수농가 맛있구마반건조고구마60G,장수농가,60G
35055,Training|Validation,과자,스낵,고구마스낵,쿠팡 곰곰 고구마말랭이80G,쿠팡,80G
55970,Training|Validation,과자,스낵,고구마스낵,태진무역)달콤한자색고구마칩,태진무역,240G
25907,Training|Validation,과자,스낵,고구마스낵,하임상사 더리얼한입자색찐고구마80G,하임상사,80G
45762,Training|Validation,과자,스낵,고구마스낵,하임상사)한입자색찐고구마,하임상사,80G
20167,Training|Validation,과자,스낵,고구마스낵,해태)오사쯔60G,해태제과식품,60G
15741,Training|Validation,과자,스낵,과일스낙,유기농산 푸름맘유기농블루베리요거트큐브 16G,유기농산,16G
A30048,Training|Validation,과자,스낵,과일스낵,(주)굿푸드 블루베리엔치즈,굿푸드,16g
A20046,Training|Validation,과자,스낵,과일스낵,(주)굿푸드 퓨어잇딸기엔치즈,굿푸드,16g
A40045,Training|Validation,과자,스낵,과일스낵,(주)굿푸드 퓨어잇사과엔치즈,굿푸드,16g
A30045,Training|Validation,과자,스낵,과일스낵,(주)굿푸드퓨어잇동결건조딸기칩,굿푸드,12g
15475,Training|Validation,과자,스낵,과일스낵,산들 새콤달콤 동결 건조딸기칩 20G,기타,20G
55100,Training|Validation,과자,스낵,과일스낵,네이처팜새콤달콤복숭아말랭이,네이처팜,80G
A20038,Training|Validation,과자,스낵,과일스낵,(주)리뉴얼라이프오가닉라이스퍼프레인보우소프트바사과,리뉴얼라이프,20g
45429,Training|Validation,과자,스낵,과일스낵,산들)새콤바삭감귤칩,산들,50G
65913,Training|Validation,과자,스낵,과일스낵,삼원트레이드)오올트리바나나칩,삼원트레이드,60G
25957,Training|Validation,과자,스낵,과일스낵,석보유통 구운코코넛칩90G,석보유통,90G
75043,Training|Validation,과자,스낵,과일스낵,신세계 자주 배아삭아삭 15G,신세계,15G
15744,Training|Validation,과자,스낵,과일스낵,신세계 자주 사과사각사각 20G,신세계,20G
75044,Training|Validation,과자,스낵,과일스낵,신세계 자주 포도포도해 30G,신세계,30G
25916,Training|Validation,과자,스낵,과일스낵,씨제이올리브영 부드러운사과칩8G,씨제이올리브영,8G
25914,Training|Validation,과자,스낵,과일스낵,씨제이올리브영 상큼한딸기칩7G,씨제이올리브영,7G
25915,Training|Validation,과자,스낵,과일스낵,씨제이올리브영 상큼한블루베리찹14G,씨제이올리브영,14G
25917,Training|Validation,과자,스낵,과일스낵,씨제이올리브영 새콤달콤파인애플칩16G,씨제이올리브영,16G
25918,Training|Validation,과자,스낵,과일스낵,씨제이올리브영 하루과일칩10G,씨제이올리브영,10G
35554,Training|Validation,과자,스낵,과일스낵,에이뷰)유기농순수딸기,에이뷰,15G
15627,Training|Validation,과자,스낵,과일스낵,유기농산 유기농아로니아통통 40G,유기농산,40G
15719,Training|Validation,과자,스낵,과일스낵,유기농산 유기농현미로만든블루베리볼 65G,유기농산,65G
15740,Training|Validation,과자,스낵,과일스낵,유기농산 푸름맘새콤한딸기요거트큐브 16G,유기농산,16G
15655,Training|Validation,과자,스낵,과일스낵,이마트 피코크 유기농딸기그대로 15G,이마트,15G
25627,Training|Validation,과자,스낵,과일스낵,이마트 피코크 유기농사과그대로 15G,이마트,15G
15881,Training|Validation,과자,스낵,과일스낵,이마트피코크 망고그대로10G,이마트,10G
25841,Training|Validation,과자,스낵,과일스낵,이마트피코크 배그대로18G,이마트,18G
25842,Training|Validation,과자,스낵,과일스낵,이마트피코크 사과그대로18G,이마트,18G
35925,Training|Validation,과자,스낵,과일스낵,일해)보석귤,일해,25G
15056,Training|Validation,과자,스낵,과일스낵,퓨어잇 동결건조 바나나칩 25G,퓨어잇,25G
65058,Training|Validation,과자,스낵,과일스낵,퓨어잇 동결건조 사과칩 12G,퓨어잇,12G
15064,Training|Validation,과자,스낵,과일스낵,퓨어잇 망고엔요거트 16G,퓨어잇,16G
15061,Training|Validation,과자,스낵,과일스낵,퓨어잇 블루베리엔요거트 16G,퓨어잇,16G
A40042,Training|Validation,과자,스낵,과일스낵,퓨어잇퓨어잇동결건조배칩,퓨어잇,12g
35810,Training|Validation,과자,스낵,과일스낵,프로푸드코리아)조비스바나나칩,프로푸드코리아,100G
15879,Training|Validation,과자,스낵,과일스낵,후디스 아이말냠냠순딸기12G,후디스,12G
90048,Training|Validation,과자,과채음료,과일음료,롯데)곤약애빠지다자몽&히비스커스130G,롯데제과,130G
70068,Training|Validation,과자,과채음료,과일음료,롯데)곤약애젤리퐁당망고코코130G,롯데제과,130G
90049,Training|Validation,과자,과채음료,과일음료,롯데)곤약애젤리퐁당피치코코130G,롯데제과,130G
70069,Training|Validation,과자,과채음료,과일음료,롯데곤약애빠지다복숭아맛130G,롯데제과,130G
90045,Training|Validation,과자,과채음료,과일음료,롯데곤약애빠지다청포도맛130G,롯데제과,130G
66094,Training|Validation,과자,과채음료,과일음료,메디쿼터스)닥터리브곤약젤리블루베리150G,메디쿼터스,150G
66095,Training|Validation,과자,과채음료,과일음료,메디쿼터스)닥터리브곤약젤리청포도150G,메디쿼터스,150G
55684,Training|Validation,과자,과채음료,과일음료,씨제이쁘띠젤워터젤리복숭아,씨제이제일제당,130ML
55682,Training|Validation,과자,과채음료,과일음료,씨제이쁘띠첼워터젤리사과,씨제이제일제당,130ML
55683,Training|Validation,과자,과채음료,과일음료,씨제이쁘띠첼워터젤리포도,씨제이제일제당,130ML
66096,Training|Validation,과자,과채음료,과일음료,자임에프앤비)곤약젤리복숭아140G,자임에프앤비,140G
45794,Training|Validation,과자,파이류,과자세트,삼경에프에스)벤또만들기,삼경에프에스,29G
45781,Training|Validation,과자,파이류,과자세트,삼경에프에스)타노시이케이크야상,삼경에프에스,26G
45795,Training|Validation,과자,파이류,과제세트,삼경에프에스)해피키친햄버거만들기,삼경에프에스,22G
45225,Training|Validation,과자,차류,과칠차,꽃샘식품)블렌딩스틱유자&모과,꽃샘식품,400G
55475,Training|Validation,과자,아이스크림,구슬아이스크림,디펜다트리오큐씨그레이프향,디펜다트,14.8G
55476,Training|Validation,과자,아이스크림,구슬아이스크림,디펜다트리오큐씨페퍼민트향,디펜다트,14.8G
35520,Training|Validation,과자,껌류,기능성껌,기준인터내셔날)알프스스트롱껌,기준인터내셔날,54G
55928,Training|Validation,과자,껌류,기능성껌,네오브리즈)퍼지락자일리톨크리스탈캔디복숭아향,네오브리즈,40G
35037,Training|Validation,과자,껌류,기능성껌,롯데 자일리톨 알파 수박 86G,롯데제과,86G
35033,Training|Validation,과자,껌류,기능성껌,롯데 자일리톨 쿨러쉬 70G,롯데제과,70G
45027,Training|Validation,과자,껌류,기능성껌,롯데 자일리톨알파오리지날용기 86G,롯데제과,87G
20159,Training|Validation,과자,껌류,기능성껌,롯데)운동할때씹는껌25G,롯데제과,25G
40096,Training|Validation,과자,껌류,기능성껌,롯데)자일리톨마우스워터24G,롯데제과,24G
10100,Training|Validation,과자,껌류,기능성껌,롯데)자일리톨베타비타D용기86G,롯데제과,86G
50066,Training|Validation,과자,껌류,기능성껌,롯데)자일리톨소다향W24G,롯데제과,24G
A20031,Training|Validation,과자,껌류,기능성껌,롯데)자일리톨알파오리지날,롯데제과,86G
50064,Training|Validation,과자,껌류,기능성껌,롯데)자일리톨프로폴리스24G,롯데제과,24G
30108,Training|Validation,과자,껌류,기능성껌,롯데)졸음번쩍껌87G,롯데제과,87G
40142,Training|Validation,과자,껌류,기능성껌,롯데ID자일리톨화이트,롯데제과,25G
40097,Training|Validation,과자,껌류,기능성껌,롯데자일리톨F24G,롯데제과,24G
50112,Training|Validation,과자,껌류,기능성껌,롯데자일리톨스윗핑크,롯데제과,23G
50111,Training|Validation,과자,껌류,기능성껌,롯데자일리톨오리지날빅팩23G,롯데제과,23G
45700,Training|Validation,과자,껌류,기능성껌,오리온)부드러운더자일리톨껌(애플&자몽맛),오리온,102G
A30038,Training|Validation,과자,껌류,기능성껌,오리온달지않아깔끔한더자일리톨,오리온,102g
15631,Training|Validation,과자,껌류,기능성껌,해태 아이스쿨 82G,해태,82G
15632,Training|Validation,과자,껌류,기능성껌,해태 아이스쿨레드루비 82G,해태,82G
70121,Training|Validation,과자,껌류,기능성껌,해태)아이스쿨19G,해태,19G
55935,Training|Validation,과자,씨리얼,기능성시리얼,다노)브라운라이스소울프로틴베리35G,다노,35G
55934,Training|Validation,과자,씨리얼,기능성시리얼,다노)브라운라이스소울프로틴초코35G,다노,35G
40129,Training|Validation,과자,캔디,기능성캔디,롯데)목캔디믹스베리38G,롯데제과,38G
50103,Training|Validation,과자,캔디,기능성캔디,롯데)목캔디스트롱민트38G,롯데제과,38G
40135,Training|Validation,과자,캔디,기능성캔디,롯데)목캔디허브용기137G,롯데제과,137G
60102,Training|Validation,과자,캔디,기능성캔디,롯데)비타C박스17G,롯데제과,17G
70147,Training|Validation,과자,캔디,기능성캔디,롯데목캔디허브38G,롯데제과,38G
40241,Training|Validation,과자,캔디,기능성캔디,에이플러스아이스큐브캔디,에이플러스,23G
45948,Training|Validation,과자,캔디,기능성캔디,자노닥트)임팩트에너지딸기,자노닥트,33G
45949,Training|Validation,과자,캔디,기능성캔디,자노닥트)임팩트에너지레몬,자노닥트,33G
45947,Training|Validation,과자,캔디,기능성캔디,자노닥트)임팩트에너지복숭아,자노닥트,33G
45950,Training|Validation,과자,캔디,기능성캔디,자노닥트)임팩트에너지오리지널,자노닥트,33G
15731,Training|Validation,과자,기타,기타,CJ 쁘띠첼 워터젤리오렌지 130ML,CJ제일제당,130ML
66025,Training|Validation,과자,기타,기타,다노)단백질공화국닭가슴살칩_매운카레25G,다노,25G
66026,Training|Validation,과자,기타,기타,다노)단백질공화국닭가슴살칩_오리지날25G,다노,25G
15470,Training|Validation,과자,기타,기타,머거본 꾸이한통 290G,머거본,290G
35397,Training|Validation,과자,기타,기타,미성패밀리)바비쇼월드캔디분홍,미성패밀리,11G
35396,Training|Validation,과자,기타,기타,미성패밀리)바비쇼월드캔디파랑,미성패밀리,11G
35820,Training|Validation,과자,기타,기타,미성패밀리)스위스미스다크초코,미성패밀리,280G
15814,Training|Validation,과자,기타,기타,베베쿡 사르르쿵딸기 23G,베베쿡,23G
66023,Training|Validation,과자,기타,기타,블랭크코퍼레이션)소소칩닭가슴살오리지날&치즈30G,블랭크코퍼레이션,30G
35748,Training|Validation,과자,기타,기타,삼경에프에스)타노시이오마츠리야상,삼경에프에스,24G
66182,Training|Validation,과자,기타,기타,신우식품주식회사)미떼화이트초코10T,신우식품주식회사,300G
15889,Training|Validation,과자,기타,기타,신화에프에스 심플한입꾸이130G,신화에스에프,130G
25905,Training|Validation,과자,기타,기타,아기닐도유통 옐로욜로카카오칩25G,아기날도유통,25G
A20036,Training|Validation,과자,기타,기타,(주)에버플러스네츄럴팜야채,에버플러스,200g
55045,Training|Validation,과자,기타,기타,오리온쫀득쫀득참붕어빵,오리온,232G
60174,Training|Validation,과자,기타,기타,오리온참붕어빵348G,오리온,348G
65979,Training|Validation,과자,기타,기타,와이즈유엑스글로벌)아임닭국내산매실로숙성한수제닭가슴살육포20G,와이즈유엑스글로벌,20G
65978,Training|Validation,과자,기타,기타,와이즈유엑스글로벌)아임닭닭가슴살꾸이칩스파이시7G,와이즈유엑스글로벌,7G
65981,Training|Validation,과자,기타,기타,와이즈유엑스글로벌)아임닭바삭바삭닭가슴살크런칩구운갈릭25G,와이즈유엑스글로벌,25G
65980,Training|Validation,과자,기타,기타,와이즈유엑스글로벌)아임닭바삭바삭닭가슴살크런칩레드페퍼25G,와이즈유엑스글로벌,25G
35871,Training|Validation,과자,기타,기타,일동후디스)아이밀냠냠김과자코코넛,일동후디스,25G
45760,Training|Validation,과자,기타,기타,임실치즈에프엔비)퀵밀크매직스트로우딸기향,임실치즈에프엔비,78G
15705,Training|Validation,과자,기타,기타,크라운 포켓쵸코 120G,크라운제과,120G
45844,Training|Validation,과자,기타,기타,키즈웰)밀크퐁당스트로우딸기맛,키즈웰,78G
45843,Training|Validation,과자,기타,기타,키즈웰)밀크퐁당스트로우초콜릿향,키즈웰,78G
25959,Training|Validation,과자,기타,기타,티엠글로벌 바삭하게튀긴진짜새우오리지널70G,티엠글로벌,70G
35390,Training|Validation,과자,기타,기타,페레로)킨더조이분홍,페레로,60G
35391,Training|Validation,과자,기타,기타,페레로)킨더조이파랑,페레로,60G
25728,Training|Validation,과자,기타,기타,페이펄유통 알유21비타민C 4.5G,페이펄유통,4.5G
25119,Training|Validation,과자,기타,기타,포마 참깨이야기 100G,포마,100G
65470,Training|Validation,과자,기타,기타,해태얼초집만들기,해태,166G
35388,Training|Validation,과자,기타,기타,홈플러스)매지컬유니콘즈,홈플러스,40G
15717,Training|Validation,과자,유아식품,기타간식/안주형과자,진주햄 천하장사 더블링콘&스윗치즈 400G,진주햄,400G
45871,Training|Validation,과자,견과류,기타견과류,비케이씨코퍼레이션)마카도씨위드,비케이씨코퍼레이션,60G
65906,Training|Validation,과자,전통과자,기타전통과자,리리식품)친환경찹쌀로만든밤모나카,리리식품,112G
15694,Training|Validation,과자,전통과자,기타전통과자,성진식품 담미장찹쌀약과 400G,성진식품,400G
15693,Training|Validation,과자,전통과자,기타전통과자,성진식품 담미정찹쌀약과 480G,성진식품,480G
55755,Training|Validation,과자,전통과자,기타전통과자,신세계인터내셔날)점보달고나,신세계인터내셔날,70G
30185,Training|Validation,과자,전통과자,기타전통과자,에코푸드추억의 호박맛쫀드기,에코푸드,90G
90186,Training|Validation,과자,전통과자,기타전통과자,오리온땅콩강정80G,오리온,80g
65975,Training|Validation,과자,전통과자,기타전통과자,오성푸드)우리밀우리꿀약과6개입150G,오성푸드,150G
35726,Training|Validation,과자,전통과자,기타전통과자,우리밀새말공장)우미리우리콩두부스낵,우리밀새말공장,60G
15051,Training|Validation,과자,전통과자,기타전통과자,청우 아꾸뿔레 102G,청우,102G
90206,Training|Validation,과자,전통과자,기타전통과자,한진식품)월드컵맛기차콘10G,한진식품,10G
20226,Training|Validation,과자,전통과자,기타전통과자,한진식품)호박꿀맛나100G,한진식품,100G
45044,Training|Validation,과자,가공분말류,기타프리믹스,CJ제일제당)초코칩쿠키믹스290G,CJ제일제당,290G
35389,Training|Validation,과자,냉장음료,냉장곡물견과음료,코카)아데스아몬드오리지널,코카콜라음료,190ML
55056,Training|Validation,과자,견과류,땅콩,길림양행군옥수수맛땅콩190G,길림양행,190G
55063,Training|Validation,과자,견과류,땅콩,길림양행허니버터땅콩190G,길림양행,190G
45112,Training|Validation,과자,견과류,땅콩,길림양횅 와사비맛땅콩 190G,길림양행,190G
20121,Training|Validation,과자,견과류,땅콩,머거본) 알땅콩,머거본,135G
90198,Training|Validation,과자,견과류,땅콩,머거본커피땅콩55G,머거본,55G
25102,Training|Validation,과자,견과류,땅콩,산들 꿀땅콩 300G,산들 꿀,300G
35433,Training|Validation,과자,견과류,땅콩,세계식품)머거본꿀탕콩,세계식품,300G
15815,Training|Validation,과자,견과류,땅콩,싸이클릭푸드 피넛브리틀바이츠 210G,싸이클릭푸드,210G
A30049,Training|Validation,과자,소스류,맛가루,(주)우리찬 바삭바삭어린이현미가구노랑마을,우리찬,28g
A40043,Training|Validation,과자,소스류,맛가루,(주)우리찬 바삭바삭어린이현미가케빨강마을,우리찬,28g
45450,Training|Validation,과자,문화용품,문구,두드림엠앤비)신비아파트보석퍼즐(금비),두드림엠앤비,1개입
45449,Training|Validation,과자,문화용품,문구,두드림엠앤비)신비아파트보석퍼즐(신비),두드림엠앤비,1개입
45845,Training|Validation,과자,문화용품,문구,미스티)빙글빙글뽀로로랜드,미스티,30G
50176,Training|Validation,과자,스낵,밀가루스낵,게메즈에낙,게메즈에낙,16G
66307,Training|Validation,과자,스낵,밀가루스낵,새롬식품펭수초코프레첼80G,기타,80G
80115,Training|Validation,과자,스낵,밀가루스낵,용문산산더덕쌀과자60G,기타,60G
70127,Training|Validation,과자,스낵,밀가루스낵,추억의꽈배기80G,기타,80G
45059,Training|Validation,과자,스낵,밀가루스낵,길림양행 카라멜 아몬드 앤 프레첼 210G,길림양행,210G
25072,Training|Validation,과자,스낵,밀가루스낵,길림양행 카라멜솔티드 땅콩앤프레첼 190G,길림양행,190G
15908,Training|Validation,과자,스낵,밀가루스낵,남양 우리아이처음먹는새우얌얌40G,남양유업,40G
90204,Training|Validation,과자,스낵,밀가루스낵,네모스낵 후라이드치킨맛,네모스낵,13G
30068,Training|Validation,과자,스낵,밀가루스낵,농심)깐풍새우깡80G,농심,80G
70161,Training|Validation,과자,스낵,밀가루스낵,농심)쫄병스낵달고나맛77G,농심,77G
70125,Training|Validation,과자,스낵,밀가루스낵,농심)쫄병스낵매콤한맛82G,농심,82G
70160,Training|Validation,과자,스낵,밀가루스낵,농심)쫄병스낵짜파게티맛77G,농심,77G
30066,Training|Validation,과자,스낵,밀가루스낵,농심꿀꽈배기90G,농심,90G
30090,Training|Validation,과자,스낵,밀가루스낵,농심닭다리핫숯불바베큐66G,농심,66G
70096,Training|Validation,과자,스낵,밀가루스낵,농심닭다리후라이드66G,농심,66G
10093,Training|Validation,과자,스낵,밀가루스낵,농심매운새우깡90G,농심,90G
30060,Training|Validation,과자,스낵,밀가루스낵,농심벌집핏자90G,농심,90G
40095,Training|Validation,과자,스낵,밀가루스낵,농심새우깡90G,농심,90G
30069,Training|Validation,과자,스낵,밀가루스낵,농심쌀새우깡80G,농심,80G
20171,Training|Validation,과자,스낵,밀가루스낵,농심알새우칩68G,농심,68G
90125,Training|Validation,과자,스낵,밀가루스낵,농심양파링84G,농심,84G
90074,Training|Validation,과자,스낵,밀가루스낵,농심오징어다리달달구이75G,농심,75G
10092,Training|Validation,과자,스낵,밀가루스낵,농심오징어집83G,농심,83G
50062,Training|Validation,과자,스낵,밀가루스낵,농심자갈치90G,농심,90G
20182,Training|Validation,과자,스낵,밀가루스낵,농심쫄병스낵안성탕면맛77G,농심,77G
35567,Training|Validation,과자,스낵,밀가루스낵,담양한과명진식품)꿀건빵,담양한과명진식품,80G
40151,Training|Validation,과자,스낵,밀가루스낵,크리스피롤12곡 180G,대진유통,180G
45861,Training|Validation,과자,스낵,밀가루스낵,더더)추억의러스크,더더,180G
45867,Training|Validation,과자,스낵,밀가루스낵,델리팜)로아커웨하스그린티,델리팜,37.5G
45869,Training|Validation,과자,스낵,밀가루스낵,델리팜)로아커웨하스나폴리타너,델리팜,45G
35742,Training|Validation,과자,과자,밀가루스낵,델리팜)로아커웨하스다크초콜릿,델리팜,250G
35645,Training|Validation,과자,스낵,밀가루스낵,델리팜)로아커웨하스더블초코,델리팜,125G
45868,Training|Validation,과자,스낵,밀가루스낵,델리팜)로아커웨하스바닐라,델리팜,45G
35646,Training|Validation,과자,스낵,밀가루스낵,델리팜)로아커웨하스코코아&밀크,델리팜,125G
45866,Training|Validation,과자,스낵,밀가루스낵,델리팜)로아커웨하스크림카카오,델리팜,45G
45865,Training|Validation,과자,스낵,밀가루스낵,델리팜)로아커웨하스폰덴테다크노아,델리팜,37.5G
45835,Training|Validation,과자,스낵,밀가루스낵,델리팜)로하커웨하스,델리팜,125G
55860,Training|Validation,과자,스낵,밀가루스낵,델리팜)로하커웨하스에스프레소,델리팜,100G
55859,Training|Validation,과자,스낵,밀가루스낵,델리팜)로하커웨하스티라미스,델리팜,100G
45052,Training|Validation,과자,스낵,밀가루스낵,델리팜로아커웨하스밀크바닐라,델리팜,200G
45053,Training|Validation,과자,스낵,밀가루스낵,델리팜로아커웨하스바닐라,델리팜,250G
A40032,Training|Validation,과자,스낵,밀가루스낵,로아커사로아커웨하스바닐라,로아커,125g
A40033,Training|Validation,과자,스낵,밀가루스낵,로아커사로아커웨하스샌드위치초콜릿,로아커,200g
35039,Training|Validation,과자,스낵,밀가루스낵,롯데 ABC초코쿠키 쿠키앤크림 43G,롯데제과,43G
70281,Training|Validation,과자,스낵,밀가루스낵,롯데 씨리얼오트 2번들 56G,롯데제과,56G
35051,Training|Validation,과자,스낵,밀가루스낵,롯데 칸쵸 스윗밀크 170G,롯데제과,170G
30093,Training|Validation,과자,스낵,밀가루스낵,롯데)ABC초코쿠키50G,롯데제과,50G
30120,Training|Validation,과자,스낵,밀가루스낵,롯데)꼬깔콘매콤달콤72G,롯데제과,72G
10177,Training|Validation,과자,스낵,밀가루스낵,롯데)오징어땅콩90G,롯데제과,90G
30096,Training|Validation,과자,스낵,밀가루스낵,롯데)웨하스딸기맛50G,롯데제과,50G
55044,Training|Validation,과자,스낵,밀가루스낵,롯데와플메이트허니소프트,롯데제과,144G
90089,Training|Validation,과자,스낵,밀가루스낵,롯데칸쵸컵88G,롯데제과,88G
20323,Training|Validation,과자,비스킷,밀가루스낵,허쉬 후퍼스 340g,미성패밀리,340G
15619,Training|Validation,과자,스낵,밀가루스낵,바스락 빙빙초코 107G,바스락,107G
65915,Training|Validation,과자,스낵,밀가루스낵,보람비티)미니카안녕자두야바삭바삭맛있는초코과자초코펀초코맛,보람비티,40G
30063,Training|Validation,과자,스낵,밀가루스낵,빙그레꽃게랑오리지널맛70G,빙그레,70G
35049,Training|Validation,과자,스낵,밀가루스낵,삼아 꼬마 웨하스 바닐라맛 80G,삼아 꼬,80G
55605,Training|Validation,과자,스낵,밀가루스낵,삼아인터내셔날초코&와플,삼아인터,254G
45198,Training|Validation,과자,스낵,밀가루스낵,삼아인터내셔날)키요단백질웨하스카카오60G,삼아인터내셔날,60G
55049,Training|Validation,과자,스낵,밀가루스낵,삼아초코와플,삼아초코,64G
70140,Training|Validation,과자,스낵,밀가루스낵,삼양)부셔먹는라면스낵90G,삼양,90G
20165,Training|Validation,과자,스낵,밀가루스낵,삼양)사또밥갈릭버터맛52G,삼양,52G
40144,Training|Validation,과자,스낵,밀가루스낵,삼양별뽀빠이72G,삼양식품,72G
35735,Training|Validation,과자,과자,밀가루스낵,삼양식품)별뽀빠이,삼양식품,288G
40150,Training|Validation,과자,스낵,밀가루스낵,삼양짱구115g,삼양식품,115G
45980,Training|Validation,과자,스낵,밀가루스낵,삼진씨앤에프)온리프라이스프레첼고스트칠리맛,삼진씨앤에프,160G
45769,Training|Validation,과자,스낵,밀가루스낵,삼진씨앤에프)초코프레첼,삼진씨앤에프,45G
45051,Training|Validation,과자,스낵,밀가루스낵,삼하꼬마웨하스,삼하꼬마,80G
65862,Training|Validation,과자,스낵,밀가루스낵,새롬식품)피코크펭수초코프레첼3봉기획팩,새롬식품,240G
45241,Training|Validation,과자,스낵,밀가루스낵,서주)서주딸기웨하스63G,서주,63G
65048,Training|Validation,과자,스낵,밀가루스낵,서주딸기웨하스,서주,63G
65049,Training|Validation,과자,스낵,밀가루스낵,서주밀크웨하스,서주,63G
45793,Training|Validation,과자,스낵,밀가루스낵,서주제과)서주허쉬민트웨하스,서주제과,63G
45238,Training|Validation,과자,스낵,밀가루스낵,서주제과)서주허쉬민트훼하스미니100G,서주제과,100G
45237,Training|Validation,과자,스낵,밀가루스낵,서주제과)서주허쉬웨하스미니100G,서주제과,100G
45792,Training|Validation,과자,스낵,밀가루스낵,서주제과)서주허쉬초코웨하스,서주제과,63G
45979,Training|Validation,과자,스낵,밀가루스낵,서주제과)온리프라이스한입에쏙미니메론웨하스,서주제과,190G
45968,Training|Validation,과자,스낵,밀가루스낵,서주제과)온리프라이스한입에쏙미니초코웨하스,서주제과,190G
75046,Training|Validation,과자,스낵,밀가루스낵,신세계 자주 꿀바른건빵 80G,신세계,80G
75047,Training|Validation,과자,스낵,밀가루스낵,신세계 자주 달콤버터베이글칩 60G,신세계,60G
66013,Training|Validation,과자,스낵,밀가루스낵,신세계인터내셔날)제주그대로우리밀감귤과즐,신세계인터내셔날,90G
50146,Training|Validation,과자,스낵,밀가루스낵,와파라면땅70G,써라클,70G
25911,Training|Validation,과자,스낵,밀가루스낵,씨제이올리브영 갈릭버터베이글칩60G,씨제이올리브영,60G
25912,Training|Validation,과자,스낵,밀가루스낵,씨제이올리브영 리얼피자베이글칩60G,씨제이올리브영,60G
25910,Training|Validation,과자,스낵,밀가루스낵,씨제이올리브영 허니버터베이글칩60G,씨제이올리브영,60G
65985,Training|Validation,과자,스낵,밀가루스낵,씨제이올리브영)버터갈릭프레첼70G,씨제이올리브영,70G
65986,Training|Validation,과자,스낵,밀가루스낵,씨제이올리브영)어니언치즈프레첼70G,씨제이올리브영,70G
65977,Training|Validation,과자,스낵,밀가루스낵,씨제이올리브영)와사비프레첼70G,씨제이올리브영,70G
45838,Training|Validation,과자,스낵,밀가루스낵,에스에이치글로벌)고소한치즈&버터미니스틱,에스에이치글로벌,70G
15720,Training|Validation,과자,스낵,밀가루스낵,영남코프레이션 피넛크런치바 100G,영남코프레이션,100G
35736,Training|Validation,과자,과자,밀가루스낵,오뚜기)미니뿌셔바베큐맛,오뚜기,275G
35737,Training|Validation,과자,과자,밀가루스낵,오뚜기)미니뿌셔불고기맛,오뚜기,275G
30119,Training|Validation,과자,스낵,밀가루스낵,오뚜기뿌셔뿌셔불고기90G,오뚜기,90G
70126,Training|Validation,과자,스낵,밀가루스낵,오뚜기뿌셔뿌셔양념치킨맛90G,오뚜기,90G
25587,Training|Validation,과자,스낵,밀가루스낵,오리온 공룡알공룡모양스낵 152G,오리온,152G
25606,Training|Validation,과자,스낵,밀가루스낵,오리온 메리크리스마스초코송이36G 2번들,오리온,2번들
40143,Training|Validation,과자,스낵,밀가루스낵,오리온)치킨팝81G,오리온,81G
80099,Training|Validation,과자,스낵,밀가루스낵,오리온고래밥볶음46G,오리온,46G
40089,Training|Validation,과자,스낵,밀가루스낵,오리온꼬북칩80G,오리온,80G
20179,Training|Validation,과자,스낵,밀가루스낵,오리온미쯔스낵팩84G,오리온,84G
90072,Training|Validation,과자,스낵,밀가루스낵,오리온오징어땅콩98G,오리온,98G
55537,Training|Validation,과자,스낵,밀가루스낵,오리온초코파송이2개가한묶음,오리온,36G
65879,Training|Validation,과자,스낵,밀가루스낵,오설물산코리아)와플쿠키(노란바탕),오설물산코리아,75G
35812,Training|Validation,과자,스낵,밀가루스낵,오성물산)니신와퍼딸기맛,오성물산,132G
45863,Training|Validation,과자,스낵,밀가루스낵,오성물산)니신와퍼땅콩맛,오성물산,132G
35803,Training|Validation,과자,스낵,밀가루스낵,오성물산)니신와퍼초콜릿맛,오성물산,145G
55036,Training|Validation,과자,스낵,밀가루스낵,국내산21곡 크리스피롤 미니 초코 130G,온리프라이스,130G
25823,Training|Validation,과자,스낵,밀가루스낵,윈윈인터내셔날 탱고와즐핑크크런치스트로베리맛80G,윈윈인터내셔날,80G
35595,Training|Validation,과자,스낵,밀가루스낵,이마트 동물쿠키펭귄 175G,이마트,175G
15656,Training|Validation,과자,스낵,밀가루스낵,이마트 피코크 두부과자고소한맛플레인 80G,이마트,80G
15652,Training|Validation,과자,스낵,밀가루스낵,이마트 피코크 브라우니칩 80G,이마트,80G
15657,Training|Validation,과자,스낵,밀가루스낵,이마트 피코크 초코프레첼 80G,이마트,80G
15654,Training|Validation,과자,스낵,밀가루스낵,이마트 피코크 카스테라칩 50G,이마트,50G
15653,Training|Validation,과자,스낵,밀가루스낵,이마트 피코크 허니버터베이글칩 40G,이마트,40G
A40008,Training|Validation,과자,스낵,밀가루스낵,(주)이마트24달콤한딸기 웨하스미니,이마트24,165g
A40007,Training|Validation,과자,스낵,밀가루스낵,(주)이마트24달콤한바닐라 웨하스미니,이마트24,165g
35784,Training|Validation,과자,스낵,밀가루스낵,이멕스무역)이타리코코아와플밀크맛,이멕스무역,90G
30059,Training|Validation,과자,스낵,밀가루스낵,프레첼체다치즈맛85G,이지그로,85G
15783,Training|Validation,과자,스낵,밀가루스낵,일동후디스 아이밀냠냠DHA웨하스요구르트 36G,일동후디스,36G
15781,Training|Validation,과자,스낵,밀가루스낵,일동후디스 아이밀냠냠초유웨하스우유 36G,일동후디스,36G
15782,Training|Validation,과자,스낵,밀가루스낵,일동후디스 아이밀냠냠칼슘웨하스딸기 36G,일동후디스,36G
65208,Training|Validation,과자,스낵,밀가루스낵,일동후디스키요두부와프감자,일동후디스,64G
45054,Training|Validation,과자,스낵,밀가루스낵,청우초코먹은공룡,청우식품,60G
65880,Training|Validation,과자,스낵,밀가루스낵,케이비인터내셔널)와플초콜릿쿠키,케이비인터내셔널,100G
25908,Training|Validation,과자,스낵,밀가루스낵,쿠키아 두부니카퀴노아35G,쿠키아,35G
25230,Training|Validation,과자,스낵,밀가루스낵,크라운)초코먹은공룡60G,크라운,60G
20211,Training|Validation,과자,스낵,밀가루스낵,크라운)카라멜메이플콘74G,크라운,74G
45530,Training|Validation,과자,스낵,밀가루스낵,크라운)키커바,크라운,90G
10199,Training|Validation,과자,스낵,밀가루스낵,스모키베이컨칩매콤불맛70G,크라운제과,70G
40317,Training|Validation,과자,스낵,밀가루스낵,크라운 키커바,크라운제과,30G
30064,Training|Validation,과자,스낵,밀가루스낵,크라운)꽃게랑불짬뽕맛70G,크라운제과,70G
30065,Training|Validation,과자,스낵,밀가루스낵,크라운)꽃게랑와사비 70G,크라운제과,70G
70086,Training|Validation,과자,스낵,밀가루스낵,크라운)못말리는신짱120G,크라운제과,120G
90076,Training|Validation,과자,스낵,밀가루스낵,크라운)죠리퐁74G,크라운제과,74G
50199,Training|Validation,과자,스낵,밀가루스낵,크라운버터와플,크라운제과,35G
65718,Training|Validation,과자,스낵,밀가루스낵,크라운제과피코크우리밀버터와플,크라운제과,316G
30057,Training|Validation,과자,스낵,밀가루스낵,크라운쵸코하임284G,크라운제과,284G
90068,Training|Validation,과자,스낵,밀가루스낵,크라운츄러스84G,크라운제과,84G
15966,Training|Validation,과자,스낵,밀가루스낵,태광웰푸드 뽀로로츄러스초코크림17.5G*12개입,태광웰푸드,210G
15904,Training|Validation,과자,스낵,밀가루스낵,태광웰푸드 처음먹는칼슘츄러스코코아45.5G,태광웰푸드,45.5G
45681,Training|Validation,과자,스낵,밀가루스낵,토하토)포켓몬스낵초콜릿향,토하토,23G
65890,Training|Validation,과자,스낵,밀가루스낵,투데이)크리스프초코,투데이,51G
65976,Training|Validation,과자,스낵,밀가루스낵,퍼니엠)통밀당단백칩갈릭버터45G,퍼니엠,45G
65983,Training|Validation,과자,스낵,밀가루스낵,퍼니엠)통밀당단백칩스파이시45G,퍼니엠,45G
65982,Training|Validation,과자,스낵,밀가루스낵,퍼니엠)통밀당단백칩인절미45G,퍼니엠,45G
25231,Training|Validation,과자,스낵,밀가루스낵,폴란드)토피넥40G,폴란드,40G
15039,Training|Validation,과자,스낵,밀가루스낵,프라이스 한입에쏙미니바닐라웨하스 190G,프라이스,190G
15895,Training|Validation,과자,스낵,밀가루스낵,해태 맛동산375G,해태,375G
15893,Training|Validation,과자,스낵,밀가루스낵,해태 블랙맛동산아몬드&헤이즐넛300G,해태,300G
35050,Training|Validation,과자,스낵,밀가루스낵,해태 홈런볼 티라미수 146G,해태,146G
35044,Training|Validation,과자,스낵,밀가루스낵,해태 후렌치파이 딸기 256G,해태,256G
35045,Training|Validation,과자,스낵,밀가루스낵,해태 후렌치파이 사과 256G,해태,256G
15894,Training|Validation,과자,스낵,밀가루스낵,해태 흑당맛동산300G,해태,300G
20166,Training|Validation,과자,스낵,밀가루스낵,해태)구운대파70G,해태,70G
30070,Training|Validation,과자,스낵,밀가루스낵,해태)구운양파70G,해태,70G
70154,Training|Validation,과자,스낵,밀가루스낵,해태)꼬마버스타요140g,해태,140G
30086,Training|Validation,과자,스낵,밀가루스낵,해태)딸기웨하스Original50G,해태,50G
30087,Training|Validation,과자,스낵,밀가루스낵,해태)크림웨하스Original50G,해태,50G
40156,Training|Validation,과자,스낵,밀가루스낵,해태맛동산165g,해태,165G
70082,Training|Validation,과자,스낵,밀가루스낵,해태)맛동산300G,해태제과식품,300G
10209,Training|Validation,과자,스낵,밀가루스낵,해태)맛동산90G,해태제과식품,90G
40155,Training|Validation,과자,스낵,밀가루스낵,해태)빠새60G,해태제과식품,60G
55820,Training|Validation,과자,스낵,밀가루스낵,효성인터내셔날)녹차웨이퍼8개입,효성인터내셔날,80G
55788,Training|Validation,과자,스낵,밀가루스낵,효성인터내셔날)코코아웨이퍼8팩,효성인터내셔날,80G
55047,Training|Validation,과자,스낵,밀가루스낵,효성임페리얼 밀키바닐라향 웨이퍼,효성임페리얼,100G
25232,Training|Validation,과자,스낵,밀가루스낵,후디스)키요두부와플바나나64G,후디스,64G
65277,Training|Validation,과자,스낵,밀가루스낵,후디스키요단백질웨하스딸기,후디스,60G
65276,Training|Validation,과자,스낵,밀가루스낵,후디스키요단백질웨하스카카오,후디스,60G
55395,Training|Validation,과자,초콜렛,바초콜릿,델리팜앤디스민트파르페,델리팜,132G
30118,Training|Validation,과자,초콜렛,바초콜릿,롯데)가나초코바50G,롯데제과,50G
30117,Training|Validation,과자,초콜렛,바초콜릿,롯데가나바아몬드45G,롯데제과,45G
90208,Training|Validation,과자,초콜렛,바초콜릿,롯데크런키딸기바나나44G,롯데제과,44G
90207,Training|Validation,과자,초콜렛,바초콜릿,롯데크런키웨하스초코바30G,롯데제과,30G
20160,Training|Validation,과자,초콜렛,바초콜릿,매일킨더초코렛T4_50G,매일유업,50G
40185,Training|Validation,과자,초콜렛,바초콜릿,매일킨더초코렛T8_100G,매일유업,100G
25857,Training|Validation,과자,초콜렛,바초콜릿,매크로통상 모리나가다스비터초콜릿42G,매크로통,42G
25856,Training|Validation,과자,초콜렛,바초콜릿,매크로통상 모리나가다스화이트초콜릿42G,매크로통,42G
45813,Training|Validation,과자,초콜렛,바초콜릿,바오밥)팀탐바닐라,바오밥,81G
45798,Training|Validation,과자,초콜렛,바초콜릿,바오밥)팀탐클래식초콜릿,바오밥,81G
25389,Training|Validation,과자,초콜렛,바초콜릿,서영이앤티 토블론 스위스밀크초콜릿 100G,서영이앤,100G
65844,Training|Validation,과자,초콜렛,바초콜릿,서영이엔티)토블론스위스다크초콜릿,서영이엔티,100G
30136,Training|Validation,과자,초콜렛,바초콜릿,스니커즈땅콩51G,스니커즈,51G
45862,Training|Validation,과자,초콜렛,바초콜릿,스위트스페이스)팀탐츄이카라멜,스위트스페이스,175G
30111,Training|Validation,과자,초콜렛,바초콜릿,마즈스니커즈아몬드49.9G,한국마즈,49.9G
65476,Training|Validation,과자,초콜렛,바초콜릿,한국마즈트윅스탑(10개입),한국마즈,210G
30139,Training|Validation,과자,초콜렛,바초콜릿,해태)자유시간크리스피27G,해태,27G
20170,Training|Validation,과자,초콜렛,바초콜릿,해태)미니자유시간200G,해태제과식품,200G
90295,Training|Validation,과자,초콜렛,바초콜릿,심플러스 헤이즐넛크런치 100G,홈플러스,100G
25813,Training|Validation,과자,초콜렛,바초콜릿,효성인터내셔날 초콜릿바80G,효성인터내셔날,80G
25943,Training|Validation,과자,레저취미,반려묘간식,네슬레 프리스키파티믹스캘리포니아드리밍베이컨과칠면조맛60G,네슬레코리아,60G
56028,Training|Validation,과자,레저취미,반려묘간식,에이플러스)초이스엘CHOICEL바삭바삭한스낵연어&새우,에이플러스,85G
25638,Training|Validation,과자,견과류,밤,아트위드미 유기농참밤 60G,아트위드미,60G
25858,Training|Validation,과자,견과류,밤,오성물산코리아 촉촉한밤70G,오성물산,70G
56010,Training|Validation,과자,견과류,브라질넛,엄마사랑)건강한리얼너프바브라질넛,엄마사랑,210G
45870,Training|Validation,과자,과자,비스킷,투데이)알비엔핑거비스킷,투데이,650G
25589,Training|Validation,과자,스낵,비스킷/스틱과자,훼밀리인터내셔널 빅롤그릴드씨위드롤클래식향 27G,훼밀리인터내셔날,27G
80091,Training|Validation,과자,건강보조식품,비타민/미네랄,경남제약레모나2G*10포,경남제약,10포
25394,Training|Validation,과자,캔디,사탕/캔디세트,나무인터내셔널 락캔디 66G,나뭉인터내셔널,66G
25796,Training|Validation,과자,캔디,사탕/캔디세트,대조에프앤비 바이오모멘트베어롤리팝믹스100G,대조에프앤비,100G
15868,Training|Validation,과자,캔디,사탕/캔디세트,대조에프앤비 바이오모멘트유기농플랫롤리팝믹스65G,대조에프앤비,65G
50115,Training|Validation,과자,캔디,사탕/캔디세트,롯데)스카치세가지157G,롯데칠성음료,157G
45785,Training|Validation,과자,캔디,사탕/캔디세트,보보에프엔지)바이오모멘트유기농볼롤리팝믹스,보보에프엔지,100G
55805,Training|Validation,과자,캔디,사탕/캔디세트,보보에프엔지)바이오모멘트유기농볼롤리팝믹스,보보에프엔지,100G
45784,Training|Validation,과자,캔디,사탕/캔디세트,보보에프엔지)바이오모멘트유기농캔디믹스,보보에프엔지,80G
25855,Training|Validation,과자,캔디,사탕/캔디세트,유앤아이트레이드 로로구슬캔디16G,유앤아이트레아드,16G
A30039,Training|Validation,과자,캔디,사탕/캔디세트,(주)천하코퍼레이션캐빈디쉬하비믹스드후르티셀렉션,천하코퍼레이션,300g
10225,Training|Validation,과자,캔디,사탕/캔디세트,청우레몬캔디100G,청우,100G
10109,Training|Validation,과자,캔디,사탕/캔디세트,캐빈디쉬하비트로피칼캔디200G,캐빈디쉬,200G
25673,Training|Validation,과자,비스킷,샌드,다인인터내셔널 게리초코크래커 110G,다인인터내셔널,110G
25674,Training|Validation,과자,비스킷,샌드,다인인터내셔널 게리코코넛크래커 105G,다인인터내셔널,105G
35590,Training|Validation,과자,스낵,샌드,대광인터내셔날 누가크래커 140G,대광인터내셔날,140G
35042,Training|Validation,과자,비스킷,샌드,동서 골든 오레오 샌드위치쿠키 300G,동서식품,300G
35047,Training|Validation,과자,비스킷,샌드,동서 딸기크림 오레오 샌드위치쿠키 300G,동서식품,300G
15047,Training|Validation,과자,비스킷,샌드,동서 리츠 샌드위치크래커 레몬 96G,동서식품,96G
15046,Training|Validation,과자,비스킷,샌드,동서 리츠 샌드위치크래커 치즈 96G,동서식품,96G
15049,Training|Validation,과자,비스킷,샌드,동서 오레오 초콜릿 샌드위치 쿠키 100G,동서식품,100G
25042,Training|Validation,과자,비스킷,샌드,동서 오레오 초콜릿 샌드위치 쿠키 300G,동서식품,300G
90092,Training|Validation,과자,비스킷,샌드,동서)리츠샌드위치크래커초코77G,동서식품,77G
50074,Training|Validation,과자,비스킷,샌드,동서)오레오솔티드카라멜100G,동서식품,100G
50076,Training|Validation,과자,비스킷,샌드,동서)오레오씬즈라즈베리무스84G,동서식품,84G
50129,Training|Validation,과자,비스킷,샌드,동서골든오레오100G,동서식품,100G
25224,Training|Validation,과자,비스킷,샌드,동서식품)골든오레오샌드위치쿠키300G,동서식품,300G
56042,Training|Validation,과자,비스킷,샌드,동서식품)마일드스위트오레오초콜릿샌드위치쿠키,동서식품,100G
A20024,Training|Validation,과자,비스킷,샌드,동서식품)오레오초콜릿크림,동서식품,100G
35246,Training|Validation,과자,비스킷,샌드,동서식품)할로윈오레오오렌지샌드위치쿠키300G,동서식품,300G
60130,Training|Validation,과자,비스킷,샌드,동서오레오딸기크림100G,동서식품,100G
50077,Training|Validation,과자,비스킷,샌드,동서오레오초콜릿크림,동서식품,100G
45040,Training|Validation,과자,비스킷,샌드,동서오레오파티팩300G,동서식품,300G
65050,Training|Validation,과자,비스킷,샌드,동서초콜릿크림오레오,동서식품,300G
50203,Training|Validation,과자,비스킷,샌드,오레오 미니오레오 딸기,동서식품,61.3G
20257,Training|Validation,과자,비스킷,샌드,오레오 미니오레오 바닐라향크림,동서식품,61.3G
30224,Training|Validation,과자,비스킷,샌드,오레오 미니오레오 초콜릿맛크림,동서식품,61.3G
50075,Training|Validation,과자,비스킷,샌드,오레오레드벨벳샌드위치쿠키94G,동서식품,94G
25604,Training|Validation,과자,비스킷,샌드,롯데 하비스트 피넛버터샌드 273G,롯데제과,273G
35032,Training|Validation,과자,비스킷,샌드,롯데 하비스트 피넛버터샌드 91G,롯데제과,91G
15048,Training|Validation,과자,비스킷,샌드,롯데)롯샌 화이트크림깜뜨 315G,롯데제과,315G
66186,Training|Validation,과자,비스킷,샌드,롯데)메이플크림샌드,롯데제과,200G
50078,Training|Validation,과자,비스킷,샌드,롯데롯샌상큼달콤파인애플,롯데제과,105G
50073,Training|Validation,과자,비스킷,샌드,롯데상큼달콤롯데샌드화이트크림깜뜨105G,롯데제과,105G
15032,Training|Validation,과자,비스킷,샌드,롯데)롯샌파인애플 315G,롯데칠성음료,315G
70103,Training|Validation,과자,비스킷,샌드,르몽드레몬맛샌드위치85G,르몽드레,85G
70089,Training|Validation,과자,스낵,샌드,허쉬)초코크림샌드위치쿠키100G,미성패밀리,100G
25828,Training|Validation,과자,비스킷,샌드,바오밥 게리녹차라떼크래커110G,바오밥,110G
65888,Training|Validation,과자,비스킷,샌드,아띠인터내셔널)초코크래커비스킷,아띠인터내셔널,135G
65887,Training|Validation,과자,비스킷,샌드,아띠인터내셔널)피넛크래커비스킷,아띠인터내셔널,135G
66188,Training|Validation,과자,비스킷,샌드,에이스엠엔티)미니오레오,에이스엠엔티,204G
35813,Training|Validation,과자,비스킷,샌드,에코에프엔비)몬데겐지바닐라향파이샌드비스킷,에코에프엔비,110G
35814,Training|Validation,과자,비스킷,샌드,에코에프엔비)몬데겐지초코파이샌드비스킷,에코에프엔비,110G
45975,Training|Validation,과자,비스킷,샌드,엠에스앤에이)레토소이밀크웨이퍼,엠에스앤에이,200G
45974,Training|Validation,과자,비스킷,샌드,엠에스앤에이)레토초콜릿웨이퍼,엠에스앤에이,200G
45976,Training|Validation,과자,비스킷,샌드,엠에스앤에이)레토치즈웨이퍼,엠에스앤에이,200G
65919,Training|Validation,과자,비스킷,샌드,엠에스앤에이)스카이플레이크스윗밀크향,엠에스앤에이,300G
65889,Training|Validation,과자,비스킷,샌드,영남코프레이션)르몽드레몬맛샌드위치,영남코프레이션,85G
80263,Training|Validation,과자,비스킷,샌드,오리온 다이제 샌드 70G,오리온,70G
55028,Training|Validation,과자,비스킷,샌드,오리온 마켓오 다쿠아즈 176G,오리온,176G
65042,Training|Validation,과자,비스킷,샌드,오리온다이제샌드밀크크림,오리온,70G
25831,Training|Validation,과자,비스킷,샌드,오성물산코리아 골든몰키스트크래커버터맛120G,오성물산,120G
25830,Training|Validation,과자,비스킷,샌드,오성물산코리아 골든몰키스트크래커초콜릿맛120G,오성물산,120G
25810,Training|Validation,과자,비스킷,샌드,원더풀에프엔비 맥시클래스땅콩100G,원더풀에프앤비,100G
25811,Training|Validation,과자,비스킷,샌드,원더풀에프엔비 맥시클래스치즈샌드위치크래커100G,원더풀에프앤비,100G
55816,Training|Validation,과자,비스킷,샌드,원인터내셔날)야미딸기향샌드위치비스킷,원인터내셔날,178G
55848,Training|Validation,과자,비스킷,샌드,위스트)렉서스초코크림샌드,위스트,190G
65878,Training|Validation,과자,비스킷,샌드,윈윈인터내셔날)러브잇살구맛,윈윈인터내셔날,88G
15175,Training|Validation,과자,비스킷,샌드,미가방 유한회사)오레오 씬즈 바닐라무스84G,유한회사,84G
15176,Training|Validation,과자,비스킷,샌드,미가방 유한회사)오레오 씬즈 티라미수84G,유한회사,84G
20258,Training|Validation,과자,비스킷,샌드,제일훼미리키도크리미버터향크래커샌드위치,제일훼밀리,120G
25045,Training|Validation,과자,비스킷,샌드,제일훼밀리 키도 버터향&레몬향 크래커 샌드위치 120G,제일훼밀리,120G
35806,Training|Validation,과자,비스킷,샌드,제일훼밀리)키도수퍼초코향크래커샌드위치,제일훼밀리,120G
55850,Training|Validation,과자,비스킷,샌드,지오인터내셔날)디럭스초콜릿샌드위치,지오인터내셔날,184G
55851,Training|Validation,과자,비스킷,샌드,지오인터내셔날)디럭스피넛버터샌드위치,지오인터내셔날,184G
A20029,Training|Validation,과자,비스킷,샌드,크라운)뽀또,크라운,92G
50090,Training|Validation,과자,비스킷,샌드,크라운)뽀또치즈타르트161G,크라운,161G
25050,Training|Validation,과자,비스킷,샌드,크라운 국희 땅콩샌드 155G,크라운제과,155G
55030,Training|Validation,과자,비스킷,샌드,크라운 국희 땅콩샌드 372G,크라운제과,372G
15622,Training|Validation,과자,비스킷,샌드,크라운 스키피 땅콩버터샌드위치쿠키 288G,크라운제과,288G
25051,Training|Validation,과자,비스킷,샌드,크라운 초코하임 142G,크라운제과,142G
55037,Training|Validation,과자,비스킷,샌드,크라운 치즈샌드(240G),크라운제과,240G
35029,Training|Validation,과자,비스킷,샌드,크라운 크라운산도 딸기크림치즈 323G,크라운제과,323G
90094,Training|Validation,과자,비스킷,샌드,크라운국희땅콩샌드70G,크라운제과,70G
70107,Training|Validation,과자,비스킷,샌드,크라운산도딸기크림치즈161G,크라운제과,161G
80102,Training|Validation,과자,비스킷,샌드,크라운산도스윗밀크161G,크라운제과,161G
25193,Training|Validation,과자,스낵,샌드,크라운제과)뽀또치즈타르트322G,크라운제과,322G
60157,Training|Validation,과자,비스킷,샌드,크라운치즈샌드60G,크라운제과,60G
25829,Training|Validation,과자,비스킷,샌드,투데이 게리코코넛초코105G,투데이,105G
65901,Training|Validation,과자,비스킷,샌드,투데이)엘리스레몬향샌드비스킷,투데이,150G
65907,Training|Validation,과자,비스킷,샌드,투데이)엘리스초코샌드비스킷,투데이,150G
55858,Training|Validation,과자,비스킷,샌드,폴라리스)누가노가비스킷,폴라리스,140G
45757,Training|Validation,과자,비스킷,샌드,폴라리스)누가비스킷,폴라리스,70G
25665,Training|Validation,과자,비스킷,샌드,해태 샌드에이스요거트크림 204G,해태,204G
80096,Training|Validation,과자,비스킷,샌드,해태샌드에이스요거트크림68G,해태,68G
15799,Training|Validation,과자,비스킷,샌드,훼밀리인터내셔날 야미바닐라향비스킷178G,훼미리인터내셔날,178G
15798,Training|Validation,과자,비스킷,샌드,훼밀리인터내셔날 야미초콜릿향비스킷178G,훼미리인터내셔날,178G
25398,Training|Validation,과자,캔디,소프르캔디,농심 후르트텔라 요구르트향 590G,농심,590G
35385,Training|Validation,과자,캔디,소프트캔디,광동)아폴로,광동,18개
60187,Training|Validation,과자,캔디,소프트캔디,광동백성)아폴로36G,광동백성,36G
35836,Training|Validation,과자,캔디,소프트캔디,구산글로벌)너즈수박향&체리향,구산글로벌,46.7G
30187,Training|Validation,과자,캔디,소프트캔디,머쉬멜로우과일향젤리머쉬멜로우110G,기타,110G
15438,Training|Validation,과자,캔디,소프트캔디,스타트레이딩 마오암 블럭스 캐러멜 110G,기타,110G
15439,Training|Validation,과자,캔디,소프트캔디,스타트레이딩 마오암 시우어 110G,기타,110G
40130,Training|Validation,과자,캔디,소프트캔디,이클립스민트향34G,기타,34G
40131,Training|Validation,과자,캔디,소프트캔디,이클립스스트로베리향34G,기타,34G
60101,Training|Validation,과자,캔디,소프트캔디,이클립스스피어민트향34G,기타,34G
25392,Training|Validation,과자,캔디,소프트캔디,농심 멘토스 믹스 그레이프 81G,농심,81G
25391,Training|Validation,과자,캔디,소프트캔디,농심 멘토스 스무디 바틀 81G,농심,81G
25393,Training|Validation,과자,캔디,소프트캔디,농심 멘토스 요구르트맛 바틀 81G,농심,81G
20229,Training|Validation,과자,캔디,소프트캔디,농심멘토스믹스그레이프37.5G,농심,37.5G
50116,Training|Validation,과자,캔디,소프트캔디,롯데)말랑카우딸기79G,롯데제과,79G
45411,Training|Validation,과자,캔디,소프트캔디,롯데제과)폭신폭신말랑카우초유프로틴,롯데제과,129G
10174,Training|Validation,과자,캔디,소프트캔디,롯데폭신폭신말랑카우딸기우유158G,롯데제과,158G
30191,Training|Validation,과자,캔디,소프트캔디,롯데)롤리팝아이스츄잉63G,롯데칠성음료,63G
45856,Training|Validation,과자,캔디,소프트캔디,매크로통상)하이츄딸기맛,매크로통상,57G
45854,Training|Validation,과자,캔디,소프트캔디,매크로통상)하이츄사우어레몬맛,매크로통상,57G
45574,Training|Validation,과자,캔디,소프트캔디,매크로통상)하이츄사우어자몽맛,매크로통상,57G
45855,Training|Validation,과자,캔디,소프트캔디,매크로통상)하이츄포도맛,매크로통상,57G
45851,Training|Validation,과자,캔디,소프트캔디,미스티)뽀로로유기농솜사탕,미스티,12G
60183,Training|Validation,과자,캔디,소프트캔디,멜로머쉬멜로우멜로우트위스트135G,서광아이에스씨,135G
70124,Training|Validation,과자,캔디,소프트캔디,아이비전)소프트캔디딸기향100G,아이비전,100G
35816,Training|Validation,과자,캔디,소프트캔디,에스씨디글로벌)마오암블락스,에스씨디글로벌,110G
35815,Training|Validation,과자,캔디,소프트캔디,에스씨디글로벌)마오암블락스사우어,에스씨디글로벌,110G
50168,Training|Validation,과자,캔디,소프트캔디,과일향아이스크림머쉬멜로90G,엔제이,90G
25399,Training|Validation,과자,캔디,소프트캔디,영남 담라 츄이캔디 850G,영남코프레이션,850G
70282,Training|Validation,과자,캔디,소프트캔디,오리온 아이셔츄잉캔디청사과맛 42G,오리온,42G
90148,Training|Validation,과자,캔디,소프트캔디,오리온)더탱글마이구미100G,오리온,100G
90166,Training|Validation,과자,캔디,소프트캔디,오리온)비틀즈(4가지맛)57G,오리온,57G
90167,Training|Validation,과자,캔디,소프트캔디,오리온)비틀즈사워57G,오리온,57G
40094,Training|Validation,과자,캔디,소프트캔디,오리온바이오생과즙캔디99G,오리온,99G
40165,Training|Validation,과자,캔디,소프트캔디,오리온바이오생우유캔디99G,오리온,99G
45029,Training|Validation,과자,캔디,소프트캔디,오리온아이셔츄잉캔디소다맛42G,오리온,42G
40133,Training|Validation,과자,캔디,소프트캔디,크라운)마이쮸사과44G,크라운,44G
30116,Training|Validation,과자,캔디,소프트캔디,크라운)마이쮸스무디바나나딸기44G,크라운,44G
40134,Training|Validation,과자,캔디,소프트캔디,크라운)마이쮸포도44G,크라운,44G
30114,Training|Validation,과자,캔디,소프트캔디,크라운)새콤달콤복숭아29G,크라운,29G
10265,Training|Validation,과자,캔디,소프트캔디,크라운마이쮸딸기92G,크라운제과,92G
60145,Training|Validation,과자,캔디,소프트캔디,크라운마이쮸복숭아(용기)110G,크라운제과,110g
60146,Training|Validation,과자,캔디,소프트캔디,크라운마이쮸사과(용기)110G,크라운제과,110G
20189,Training|Validation,과자,캔디,소프트캔디,크라운마이쮸포도(용기)110G,크라운제과,110G
25400,Training|Validation,과자,캔디,소프트캔디,크라운제과 새콤달콤딸기584G,크라운제과,584G
25387,Training|Validation,과자,캔디,소프트캔디,퍼페티 후르트텔라 요구르트향 8G,퍼페티,8G
65546,Training|Validation,과자,캔디,소프트캔디,하이츄사우어레몬맛,하이츄,57G
25390,Training|Validation,과자,캔디,소프트캔디,한국마즈 스키틀즈 오리지날 100G,한국마즈,100G
45513,Training|Validation,과자,캔디,소프트캔디,한국마즈)이클립스스트로베리향,한국마즈,34G
45514,Training|Validation,과자,캔디,소프트캔디,한국마즈)이클립스스피어민트향,한국마즈,34G
45515,Training|Validation,과자,캔디,소프트캔디,한국마즈)이클립스페퍼민트향,한국마즈,34G
45512,Training|Validation,과자,캔디,소프트캔디,한국마즈)이클립스피치향,한국마즈,34G
65896,Training|Validation,과자,캔디,소프트캔디,한투인터내셔널)치킨무모양마시멜로,한투인터내셔널,70G
35648,Training|Validation,과자,캔디,소프트캔디,현대에프비앤비)치링치링시크릿쥬쥬유기농솜사탕,현대에프비앤비,10G
45758,Training|Validation,과자,초콜렛,쉘초콜렛,매크로통상)모리나가다스밀크초콜릿,매크로통상,42G
45759,Training|Validation,과자,초콜렛,쉘초콜렛,이멕스무역)후지야룩4,이멕스무역,52G
45809,Training|Validation,과자,초콜렛,쉘초콜릿,농심)린도볼밀크,농심,200G
45810,Training|Validation,과자,초콜렛,쉘초콜릿,농심)린도볼엑스트라다크,농심,200G
45807,Training|Validation,과자,초콜렛,쉘초콜릿,델리팜)앤디스밀크초콜릿띤,델리팜,132G
45840,Training|Validation,과자,초콜렛,쉘초콜릿,델리팜)앤디스체리주빌레띤,델리팜,132G
55923,Training|Validation,과자,초콜렛,쉘초콜릿,델리팜)앤디스토피크런치띤,델리팜,132G
66039,Training|Validation,과자,초콜렛,쉘초콜릿,디케이에프비)밀크아몬드초코볼60G,디케이에프비,60G
66037,Training|Validation,과자,초콜렛,쉘초콜릿,디케이에프비)코코아몬드초코볼60G,디케이에프비,60G
66038,Training|Validation,과자,초콜렛,쉘초콜릿,디케이에프비)콩고물아몬드초코볼60G,디케이에프비,60G
66043,Training|Validation,과자,초콜렛,쉘초콜릿,디케이에프비)틴볼스다크90G,디케이에프비,90G
65026,Training|Validation,과자,초콜렛,쉘초콜릿,길리안시쉘125G-1120입고,롯데제과,125G
35598,Training|Validation,과자,초콜렛,쉘초콜릿,롯데 가나티라미수 90G,롯데제과,90G
15912,Training|Validation,과자,초콜렛,쉘초콜릿,롯데 폴리페놀드림카카오56%174G,롯데제과,174G
15911,Training|Validation,과자,초콜렛,쉘초콜릿,롯데 폴리페놀드림카카오72%174G,롯데제과,174G
25401,Training|Validation,과자,초콜렛,쉘초콜릿,롯데 허쉬 키세스 스트로베리 36G,롯데제과,36G
70159,Training|Validation,과자,초콜렛,쉘초콜릿,롯데)아몬드초코볼쿠키앤크림32G,롯데제과,32G
70158,Training|Validation,과자,초콜렛,쉘초콜릿,롯데)크런키볼파우치32G,롯데제과,32G
35383,Training|Validation,과자,초콜렛,쉘초콜릿,롯데)키세스크리미밀크아몬드,롯데제과,82G
70167,Training|Validation,과자,초콜렛,쉘초콜릿,롯데)해바라기80g,롯데제과,80g
10175,Training|Validation,과자,초콜렛,쉘초콜릿,롯데ABC밀크65G,롯데제과,65G
15033,Training|Validation,과자,초콜렛,쉘초콜릿,롯데ABC초코쿠키 152G,롯데제과,152G
20119,Training|Validation,과자,초콜렛,쉘초콜릿,롯데드림카카오56%_86G,롯데제과,86G
30110,Training|Validation,과자,초콜렛,쉘초콜릿,롯데드림카카오72%_86G,롯데제과,86G
10176,Training|Validation,과자,초콜렛,쉘초콜릿,롯데석기시대90G,롯데제과,90G
30113,Training|Validation,과자,초콜렛,쉘초콜릿,롯데아몬드초코볼46G,롯데제과,46G
15417,Training|Validation,과자,초콜렛,쉘초콜릿,롯데제과허쉬키세스다크초콜릿,롯데제과,146G
15416,Training|Validation,과자,초콜렛,쉘초콜릿,롯데제과허쉬키세스쿠키앤크림,롯데제과,82G
15415,Training|Validation,과자,초콜렛,쉘초콜릿,롯데제과허쉬키세스크리미밀크초콜릿,롯데제과,82G
15418,Training|Validation,과자,초콜렛,쉘초콜릿,롯데제과허쉬키세스트러플,롯데제과,36G
90210,Training|Validation,과자,초콜렛,쉘초콜릿,롯데허쉬크리미아몬드초콜릿100G,롯데제과,100G
55392,Training|Validation,과자,초콜렛,쉘초콜릿,롯데허쉬키세스딸기,롯데제과,135G
55393,Training|Validation,과자,초콜렛,쉘초콜릿,롯데허쉬키세스트러플,롯데제과,135G
10110,Training|Validation,과자,초콜렛,쉘초콜릿,롯데)드림카카오82%(GABA)86G,롯데칠성음료,86G
30132,Training|Validation,과자,초콜렛,쉘초콜릿,롯데허쉬미니어처155G,롯데햄,155g
70092,Training|Validation,과자,초콜렛,쉘초콜릿,매일)페레로로쉐T5_63G,매일,63G
40141,Training|Validation,과자,초콜렛,쉘초콜릿,매일페레로로쉐T3_35G,매일유업,35G
25814,Training|Validation,과자,초콜렛,쉘초콜릿,매크로통상 르메트르카푸치노맛플레이크트러플초콜릿175G,매크로통,175GQ
25836,Training|Validation,과자,초콜렛,쉘초콜릿,매크로통상 르에트르다크플레이크트러플초콜릿175G,매크로통,175G
35769,Training|Validation,과자,초콜렛,쉘초콜릿,매크로통상)토피피,매크로통상,125G
35596,Training|Validation,과자,초콜렛,쉘초콜릿,미립물산 화이트컴파운드버튼 150G,미립물산,150G
70122,Training|Validation,과자,초콜렛,쉘초콜릿,본아트팝핑초코볼40G,본아트팝,40G
35768,Training|Validation,과자,초콜렛,쉘초콜릿,삼광식품)마카다미아쇼콜라오리지널,삼광식품,64G
15713,Training|Validation,과자,초콜렛,쉘초콜릿,삼양사 밀크컴파운드버튼SLM-3101B 150G,삼양식품,150G
55764,Training|Validation,과자,초콜렛,쉘초콜릿,신세계인터내셔날)솔티드아몬드토피8개입,신세계인터내셔날,75G
55765,Training|Validation,과자,초콜렛,쉘초콜릿,신세계인터내셔날)아몬드초콜릿토피,신세계인터내셔날,70G
55763,Training|Validation,과자,초콜렛,쉘초콜릿,신세계인터내셔날)아몬드토피쇼콜라8개입,신세계인터내셔날,64G
45768,Training|Validation,과자,초콜렛,쉘초콜릿,아띠인터내셔널)라카사트러플다크초콜릿85%,아띠인터내셔널,100G
25435,Training|Validation,과자,초콜렛,쉘초콜릿,엘라이스 마태즈 쇼콜라티에카카오트러플트러플앤헤이즐넛트러플 150G,엘라이스,150G
35522,Training|Validation,과자,초콜렛,쉘초콜릿,오리온)마켓오초콜릿밀크,오리온,36G
35521,Training|Validation,과자,초콜렛,쉘초콜릿,오리온)마켓오초콜릿오리지널,오리온,36G
45672,Training|Validation,과자,초콜렛,쉘초콜릿,오성비엔에프)다크컴파운드버튼SLD-3409,오성비엔에프,150G
65916,Training|Validation,과자,초콜렛,쉘초콜릿,유한회사아이디어원)쥐방울멜티키스밀크초코볼,유한회사아이디어원,145G
45821,Training|Validation,과자,초콜렛,쉘초콜릿,이멕스무역)후지야밀키초콜릿,이멕스무역,39G
65894,Training|Validation,과자,초콜렛,쉘초콜릿,일신국제무역)구미초코볼스트로베리맛,일신국제무역,40G
65893,Training|Validation,과자,초콜렛,쉘초콜릿,일신국제무역)구미초코볼포도맛,일신국제무역,40G
35787,Training|Validation,과자,초콜렛,쉘초콜릿,젤리젤리)벨지안트러플오리지널,젤리젤리,200G
35792,Training|Validation,과자,초콜렛,쉘초콜릿,젤리젤리)벨지안트러플코코아닙스,젤리젤리,200G
45826,Training|Validation,과자,초콜렛,쉘초콜릿,젤리젤리)벨지안트러플헤이즐넛,젤리젤리,200G
35384,Training|Validation,과자,초콜렛,쉘초콜릿,크라운)미니쉘,크라운,90G
30152,Training|Validation,과자,초콜렛,쉘초콜릿,토하토)크레용신찬20G,토하토,20G
35793,Training|Validation,과자,초콜렛,쉘초콜릿,투데이)트러플어솔트먼트,투데이,150G
35381,Training|Validation,과자,초콜렛,쉘초콜릿,페레로)킨터초코볼미니,페레로,120G
35380,Training|Validation,과자,초콜렛,쉘초콜릿,페레로)킨터초코볼크리스피,페레로,90G
45529,Training|Validation,과자,초콜렛,쉘초콜릿,페레로)페레로로쉐100G,페레로,6개입
45771,Training|Validation,과자,초콜렛,쉘초콜릿,하늘처럼)해피할로윈,하늘처럼,500G
35395,Training|Validation,과자,초콜렛,쉘초콜릿,한국마즈)앰앤엠즈피넛,한국마즈,100G
90209,Training|Validation,과자,초콜렛,쉘초콜릿,한국마즈엠앤엠즈밀크40G,한국마즈,40G
90211,Training|Validation,과자,초콜렛,쉘초콜릿,해태젠느프락토올리고당58G,해태,58G
35387,Training|Validation,과자,초콜렛,쉘초콜릿,홈플러스)디노랜드,홈플러스,40G
65488,Training|Validation,과자,초콜렛,쉘초콜릿,홈플러스소프트초콜릿제주말차,홈플러스,75G
15431,Training|Validation,과자,초콜렛,쉘초콜릿,홈플러스시그니쳐 소프트초콜릿밀크 100G,홈플러스,100G
15432,Training|Validation,과자,초콜렛,쉘초콜릿,홈플러스시그니쳐 소프트초콜릿블랙 100G,홈플러스,100G
55394,Training|Validation,과자,초콜렛,쉘초콜릿,홈플러스풋볼미니초콜릿,홈플러스,40G
45820,Training|Validation,과자,초콜렛,쉘초콜릿,효성인터내셔날)큐피도코코아트러플스,효성인터내셔날,175G
55855,Training|Validation,과자,초콜렛,쉘초콜릿,효성인터내셔날프팔린본본스디초콜릿,효성인터내셔날,180G
25172,Training|Validation,과자,비스킷,스탁과자,주식회사 폴라리스)오레오 웨이퍼룰 초콜릿맛54G,주식회사 폴라리스,54G
80194,Training|Validation,과자,비스킷,스틱과자,글로리아비스코라지오초콜릿웨이퍼스틱,글로리아비스코,80G
15899,Training|Validation,과자,비스킷,스틱과자,금촌베이커리 맘스케어그리시니170G,금촌베이커리,170G
50257,Training|Validation,과자,비스킷,스틱과자,자가비 90G,기타,90G
A30030,Training|Validation,과자,비스킷,스틱과자,페레로캐나다누텔라앤고,기타,52g
35830,Training|Validation,과자,비스킷,스틱과자,대상인터내셔널)구멕스헤이즐넛크림위드코코아스넥,대상인터내셔널,55G
25488,Training|Validation,과자,비스킷,스틱과자,레돈도 럭셔리크림딸기웨이퍼 125G,레돈도,125G
25651,Training|Validation,과자,비스킷,스틱과자,레딕스글로비즈 돌체토롤와퍼초코맛 85G,레딕스글로비즈,85G
25650,Training|Validation,과자,비스킷,스틱과자,레딕스글로비즈 돌체토롤와퍼티라미슈맛 85G,레딕스글로비즈,85G
25013,Training|Validation,과자,비스킷,스틱과자,롯데 아몬드 빼빼로 132G,롯데제과,132G
45031,Training|Validation,과자,비스킷,스틱과자,롯데 오리지날 빼빼로 184G,롯데제과,184G
45032,Training|Validation,과자,비스킷,스틱과자,롯데 크런키 빼빼로 140G,롯데제과,140G
40110,Training|Validation,과자,비스,스틱과자,롯데)누드초코빼빼로50G,롯데제과,50G
80083,Training|Validation,과자,비스킷,스틱과자,롯데)빼빼로누드크림치즈46G,롯데제과,46G
80085,Training|Validation,과자,비스킷,스틱과자,롯데)빼빼로더슬림45G,롯데제과,45G
A20030,Training|Validation,과자,비스킷,스틱과자,롯데)뺴뺴로리치초코더블딥,롯데제과,50G
40106,Training|Validation,과자,비스킷,스틱과자,롯데)아몬드빼빼로37G,롯데제과,37G
40105,Training|Validation,과자,비스킷,스틱과자,롯데)초코빼빼로54G,롯데제과,54G
80082,Training|Validation,과자,비스킷,스틱과자,롯데)초코쿠키빼빼로37G,롯데제과,37G
80086,Training|Validation,과자,비스킷,스틱과자,롯데)크런키빼빼로39G,롯데제과,39G
80084,Training|Validation,과자,비스킷,스틱과자,롯데)화이트쿠키빼빼로37G,롯데제과,37G
55025,Training|Validation,과자,비스킷,스틱과자,롯데밀크바닐라웨이퍼롤250G,롯데제과,250G
50094,Training|Validation,과자,비스킷,스틱과자,롯데빼빼로스키니카카오45G,롯데제과,45G
45505,Training|Validation,과자,비스킷,스틱과자,롯데제과)빼빼로돼지바,롯데제과,37G
45506,Training|Validation,과자,비스킷,스틱과자,롯데제과)빼빼로초코쿠키,롯데제과,37G
65469,Training|Validation,과자,비스킷,스틱과자,매홍부드러운쫄깃함고구마스틱,매홍부드,200G
65873,Training|Validation,과자,비스킷,스틱과자,미성패밀리)크리스피크레페망고향,미성패밀리,39G
65872,Training|Validation,과자,비스킷,스틱과자,미성패밀리)크리스피크레페바나나향,미성패밀리,78G
25176,Training|Validation,과자,비스킷,스틱과자,삼아인터네셔날)오레오 웨하스 스틱(초코),삼아인터,150G
80182,Training|Validation,과자,비스킷,스틱과자,오리온 통크 초코,오리온,45g
70083,Training|Validation,과자,비스킷,스틱과자,오리온)눈을감자113G,오리온,113G
80108,Training|Validation,과자,비스킷,스틱과자,오리온)눈을감자M56G,오리온,56G
65858,Training|Validation,과자,비스킷,스틱과자,오리온)크런치케이준눈을감자,오리온,113G
65874,Training|Validation,과자,비스킷,스틱과자,오성물산코리아)크리스피크레페파인애플맛,오성물산,90G
55726,Training|Validation,과자,비스킷,스틱과자,원더풀에프앤비)쿠기딸기맛와퍼스틱2팩,원더풀에프앤비,120G
45819,Training|Validation,과자,비스킷,스틱과자,원더풀에프엔비)쿠기바닐라밀크향와퍼스틱,원더풀에프엔비,120G
35786,Training|Validation,과자,비스킷,스틱과자,원더풀에프엔비)쿠기초콜릿맛와퍼스틱,원더풀에프엔비,120G
45818,Training|Validation,과자,비스킷,스틱과자,원더풀에프엔비)쿠기카푸치노맛와퍼스틱,원더풀에프엔비,120G
15697,Training|Validation,과자,비스킷,스틱과자,이마트 럭셔리초코웨이퍼 350G,이마트,350G
15698,Training|Validation,과자,비스킷,스틱과자,이마트 럭셔리카푸치노웨이퍼 350G,이마트,350G
25671,Training|Validation,과자,비스킷,스틱과자,이마트 피코크 초코참깨스틱 42G,이마트,42G
A40011,Training|Validation,과자,스낵,스틱과자,(주)이마트24바닐라향 웨이퍼롤,이마트24,115g
A40010,Training|Validation,과자,스낵,스틱과자,(주)이마트24자색고구마 웨이퍼롤,이마트24,115g
A40012,Training|Validation,과자,스낵,스틱과자,(주)이마트24초코 웨이퍼롤,이마트24,115g
A40028,Training|Validation,과자,비스킷,스틱과자,(주)이멕스무역얀얀딸기맛,이멕스,50g
45684,Training|Validation,과자,비스킷,스틱과자,이멕스무역)얀얀딸기맛,이멕스무역,50G
45683,Training|Validation,과자,비스킷,스틱과자,이멕스무역)얀얀초콜릿맛,이멕스무역,50G
25489,Training|Validation,과자,비스킷,스틱과자,이엑스무역 럭셔리웨이퍼딸기맛 100G,이엑스,100G
55066,Training|Validation,과자,비스킷,스틱과자,지이디통상카르멘시타시나몬스틱18G,지이디통상,18G
65622,Training|Validation,과자,비스킷,스틱과자,청우마렝고14개입,청우,105G
A30031,Training|Validation,과자,비스킷,스틱과자,(주)청우식품참깨스틱진,청우식품,220g
35636,Training|Validation,과자,비스킷,스틱과자,청우식품)두부스틱,청우식품,220G
25179,Training|Validation,과자,비스킷,스틱과자,폴라리스)오레오 웨이퍼룰 바닐라맛54G,폴라리스,54G
65914,Training|Validation,과자,비스킷,스틱과자,푸드네추럴)우마이봉슈가러스크,푸드네추럴,90G
55857,Training|Validation,과자,비스킷,스틱과자,푸드네추럴)우마이봉콘포타지맛,푸드네추럴,90G
25407,Training|Validation,과자,비스킷,스틱과자,해태 구운감자 162G,해태,162G
15706,Training|Validation,과자,비스킷,스틱과자,해태 구운감자슬림 240G,해태,240G
A10027,Training|Validation,과자,비스킷,스틱과자,해태)구운감자,해태,162G
A10028,Training|Validation,과자,비스킷,스틱과자,해태)구운고구마,해태,162G
80088,Training|Validation,과자,비스킷,스틱과자,해태)포키극세44G,해태,44G
80089,Training|Validation,과자,비스킷,스틱과자,해태)프리츠갈릭버터37G,해태,37G
80090,Training|Validation,과자,비스킷,스틱과자,해태)프리츠어니언크림치즈37G,해태,37G
80093,Training|Validation,과자,비스킷,스틱과자,해태구운감자108G,해태,108G
70093,Training|Validation,과자,스낵,스틱과자,해태구운감자27G,해태,27G
65477,Training|Validation,과자,비스킷,스틱과자,해태사루비아,해태,180G
15043,Training|Validation,과자,비스킷,스틱과자,해태 롤리폴리 초코 196G,해태제과식품,196G
80097,Training|Validation,과자,비스킷,스틱과자,해태)구운감자슬림80G,해태제과식품,80G
50097,Training|Validation,과자,비스킷,스틱과자,해태)구운고구마27G,해태제과식품,27G
50100,Training|Validation,과자,비스킷,스틱과자,해태)자가비대파&로메스코소스45G,해태제과식품,45G
70099,Training|Validation,과자,비스킷,스틱과자,해태)자가비짭짤한맛45G,해태제과식품,45G
80092,Training|Validation,과자,비스킷,스틱과자,해태)포키46G,해태제과식품,46G
15045,Training|Validation,과자,비스킷,스틱과자,해태글리코 포키 극세 딸기블루베리녹차 170G,해태제과식품,170G
90090,Training|Validation,과자,비스킷,스틱과자,해태롤리폴리초코62G,해태제과식품,62G
70110,Training|Validation,과자,비스킷,스틱과자,해태초코픽45G,해태제과식품,45g
80095,Training|Validation,과자,비스킷,스틱과자,해태통밀사루비아60G,해태제과식품,60G
80087,Training|Validation,과자,비스킷,스틱과자,해태포키딸기41G,해태제과식품,41G
10060,Training|Validation,과자,비스킷,스틱과자,해태포키블루베리41G,해태제과식품,41G
A20032,Training|Validation,과자,비스킷,스틱과자,홈플러스)초코디핑스틱,홈플러스,52G
65624,Training|Validation,과자,비스킷,스틱과자,훼미리인터내셔날빅롤그릴드씨위드롤9개입,훼미리인터내셔날,27G
55847,Training|Validation,과자,빵,식빵,명도물산)토스트비스켓,명도물산,320G
35275,Training|Validation,과자,스낵,쌀과자,깃듬)처음먹는아이김스낵-양파맛20G,깃듬,20G
25904,Training|Validation,과자,스낵,쌀과자,다노)다노인절미과자30G,다노,30G
20321,Training|Validation,과자,비스킷,쌀과자,일동후디스 냠냠순곡 물바 바나나40g,일동후디스,40G
20322,Training|Validation,과자,비스킷,쌀과자,일동후디스 냠냠순곡물바치즈40g,일동후디스,40G
35752,Training|Validation,과자,과자,쌀과자,태광웰푸드)처음먹는칼슘츄러스(블루베리),태광웰푸드,45.5G
35713,Training|Validation,과자,과자,쌀과자,태광웰푸드)처음먹는칼슘츄러스딸기,태광웰푸드,45.5G
15059,Training|Validation,과자,스낵,쌀과자,퓨어잇 떡뻥 자색고구마 쌀과자 30G,퓨어잇,30G
15060,Training|Validation,과자,스낵,쌀과자,퓨어잇 핑거 길쭉한 양파스틱 30G,퓨어잇,30G
35733,Training|Validation,과자,과자,쌀과자,프로엠)맘스케어무농약쌀로만든까까,프로엠,30G
35723,Training|Validation,과자,과자,쌀과자,프로엠2)오트밀딸기스낵,프로엠,13G
15057,Training|Validation,과자,스낵,쌀과자,헬스밸런스 치즈에 퐁당 현미퍼프 20G,헬스밸런스,20G
A30042,Training|Validation,과자,스낵,쌀스낵,깊은숲속행복한식품아이밀냠냠유기농쌀과자퍼핑도넛노랑,기타,40g
45280,Training|Validation,과자,스낵,쌀스낵,깃듬)처음먹는아이김스낵오리지널20G,깃듬,20G
35054,Training|Validation,과자,스낵,쌀스낵,내아이애 떡뻥 고구마 쌀과자 30G,내아이애,30G
25061,Training|Validation,과자,스낵,쌀스낵,내아이애 떡뻥 단호박 쌀과자 30G,내아이애,30G
65056,Training|Validation,과자,스낵,쌀스낵,내아이애 떡뻥 비트 쌀과자 30G,내아이애,30G
25063,Training|Validation,과자,스낵,쌀스낵,내아이애 떡뻥 사과 쌀과자 30G,내아이애,30G
45060,Training|Validation,과자,스낵,쌀스낵,내아이애 떡뻥 연근 쌀과자 30G,내아이애,30G
65781,Training|Validation,과자,스낵,쌀스낵,네슬레코리아거버오가닉쌀떡뻥단호박,네슬레코리아,28G
65782,Training|Validation,과자,스낵,쌀스낵,네슬레코리아거버오가닉쌀떡뻥퓨어라이스,네슬레코리아,28G
90078,Training|Validation,과자,스낵,쌀스낵,농심조청유과96G,농심,96G
55965,Training|Validation,과자,스낵,쌀스낵,대상)종가집우리쌀누룽지,대상,500g
A30047,Training|Validation,과자,스낵,쌀스낵,(주)더하이 유기농현미스틱쌀눈감귤현미,더하이,30g
A40047,Training|Validation,과자,스낵,쌀스낵,(주)더하이 유기농현미스틱쌀눈건강블루,더하이,30g
A40049,Training|Validation,과자,스낵,쌀스낵,(주)더하이 유기농현미스틱쌀눈사과당근,더하이,30g
25062,Training|Validation,과자,스낵,쌀스낵,더하이 유기농 현미스틱 쌀눈 건강브라운 30G,더하이,30G
40152,Training|Validation,과자,스낵,쌀스낵,롯데)쌀로별김을만난라이스칩50G,롯데제과,50G
40146,Training|Validation,과자,스낵,쌀스낵,롯데쌀로별오리지널78G,롯데제과,78G
65055,Training|Validation,과자,스낵,쌀스낵,리뉴얼라이프 감귤에 퐁당 현미퍼프 20G,리뉴얼라,20G
65054,Training|Validation,과자,스낵,쌀스낵,리뉴얼라이프 바나나에 퐁당 현미퍼프 20G,리뉴얼라,20G
25848,Training|Validation,과자,스낵,쌀스낵,리뉴얼라이프 쁘띠구르망쌀과자퍼프딸기20G,리뉴얼라,20G
25847,Training|Validation,과자,스낵,쌀스낵,리뉴얼라이프 쁘띠구르망쌀과자퍼프바나나20G,리뉴얼라,20G
25850,Training|Validation,과자,스낵,쌀스낵,리뉴얼라이프 쁘띠구르망유기농싸롸자떡뻥자색고구마20G,리뉴얼라,20G
25849,Training|Validation,과자,스낵,쌀스낵,리뉴얼라이프 쁘띠구르망유기농쌀과자떡뻥단호박20G,리뉴얼라,20G
25852,Training|Validation,과자,스낵,쌀스낵,리뉴얼라이프 쁘띠구르망유기농쌀과자스틱베리20G,리뉴얼라,20G
25851,Training|Validation,과자,스낵,쌀스낵,리뉴얼라이프 쁘띠구르망유기농쌀과자스틱채소20G,리뉴얼라,20G
25064,Training|Validation,과자,스낵,쌀스낵,리뉴얼라이프 오가닉라이스퍼프 레인보우 소프트바 블루베리 20G,리뉴얼라,20G
45057,Training|Validation,과자,스낵,쌀스낵,리뉴얼라이프 초코에 퐁당 현미퍼프 20G,리뉴얼라,20G
65117,Training|Validation,과자,스낵,쌀스낵,리뉴얼라이프레인보우소프트바베지,리뉴얼라,20G
65667,Training|Validation,과자,스낵,쌀스낵,리뉴얼라이프유기농현미가빠띠쉐를만나면베리삼총사,리뉴얼라,30G
A40044,Training|Validation,과자,스낵,쌀스낵,(주)리뉴얼라이프 오가닉라이스퍼프레인보우소프트바바나나,리뉴얼라이프,20g
A30052,Training|Validation,과자,스낵,쌀스낵,(주)리뉴얼라이프 오가닉라이스퍼프레인보우소프트바백미,리뉴얼라이프,20g
25844,Training|Validation,과자,스낵,쌀스낵,매일 요미요미미니팝구운옥수수25G,매일유업,25G
25843,Training|Validation,과자,스낵,쌀스낵,매일 요미요미미니팝딸기요거트25G,매일유업,25G
25845,Training|Validation,과자,스낵,쌀스낵,매일 요미요미미니팝트리플치즈25G,매일유업,25G
15902,Training|Validation,과자,스낵,쌀스낵,매일 요미요미오가닉퍼프딸기&블루베리42G,매일유업,42G
35533,Training|Validation,과자,스낵,쌀스낵,바이오에프이)유기농시금치통통,바이오에프이,40G
45669,Training|Validation,과자,스낵,쌀스낵,바이오에프이)유기농현미로만든딸기볼,바이오에프이,65G
35053,Training|Validation,과자,스낵,쌀스낵,베베당 유기농 현미스틱 쌀눈 단호박흑임자 30G,베베당,30G
30134,Training|Validation,과자,스낵,쌀스낵,스쵠엉클팝길쭉이보리과자400G,스쵠엉클,400G
15743,Training|Validation,과자,스낵,쌀스낵,신세계 자주 블루베리별스낵 30G,신세계,30G
55933,Training|Validation,과자,스낵,쌀스낵,신세계인터내셔날)달콤바삭누룽지과자60G,신세계인터내셔날,60G
25173,Training|Validation,과자,비스킷,쌀스낵,씨제이씨푸드)비비고칩 오리지널40G,씨제이씨푸드,40G
35661,Training|Validation,과자,스낵,쌀스낵,씨제이)비비고칩오리지널,씨제이제일제당,20G
A40041,Training|Validation,과자,스낵,쌀스낵,아이누리유기농떡뻥당근,아이누리,30g
25071,Training|Validation,과자,스낵,쌀스낵,아이배냇 꼬마 곡물조아퐁 30G,아이배냇,30G
15887,Training|Validation,과자,스낵,쌀스낵,엄마사랑 국내산쌀로만든아몬드크런치200G,엄마사랑,200G
55971,Training|Validation,과자,스낵,쌀스낵,엄마사랑)가마솥누룽지,엄마사랑,1KG
65713,Training|Validation,과자,스낵,쌀스낵,엄마사랑)국내산쌀로만든아몬드크런치,엄마사랑,200G
65712,Training|Validation,과자,스낵,쌀스낵,엄마사랑)국내산쌀로만든유기농현미크런치,엄마사랑,200G
25621,Training|Validation,과자,스낵,쌀스낵,에이뷰 유기농단호박쌀떡뻥 25G,에이뷰,25G
15885,Training|Validation,과자,스낵,쌀스낵,에이뷰 유기농딸기쌀떡뻥25G,에이뷰,25G
25620,Training|Validation,과자,스낵,쌀스낵,에이뷰 유기농블루베리쌀떡뻥 25G,에이뷰,25G
25619,Training|Validation,과자,스낵,쌀스낵,에이뷰 유기농쌀떡뻥 25G,에이뷰,25G
55680,Training|Validation,과자,스낵,쌀스낵,에이뷰유기농사과쌀떡뻥,에이뷰,25G
25652,Training|Validation,과자,스낵,쌀스낵,유기농산 유기농바나나통통 40G,유기농산,40G
25623,Training|Validation,과자,스낵,쌀스낵,유기농산 유기농쌀로만든고구마떡튀밥 30G,유기농산,30G
25622,Training|Validation,과자,스낵,쌀스낵,유기농산 유기농쌀로만든단호박떡튀밥 30G,유기농산,30G
25628,Training|Validation,과자,스낵,쌀스낵,유기농산 유기농퍼프딸기야 25G,유기농산,25G
15747,Training|Validation,과자,스낵,쌀스낵,유기농산 유기농퍼프망고야 25G,유기농산,25G
15746,Training|Validation,과자,스낵,쌀스낵,유기농산 유기농퍼프포도야 25G,유기농산,25G
15886,Training|Validation,과자,스낵,쌀스낵,유기농산 유기농현미로만든바나나볼65G,유기농산,65G
55676,Training|Validation,과자,스낵,쌀스낵,유기농산유기농쌀로만든사과떡튀밥,유기농산,30G
55674,Training|Validation,과자,스낵,쌀스낵,유기농산유기농퍼프망고야,유기농산,25G
55673,Training|Validation,과자,스낵,쌀스낵,유기농산유기농퍼프포도야,유기농산,25G
55675,Training|Validation,과자,스낵,쌀스낵,유기농산유기농현미로만든단호박볼,유기농산,65G
55677,Training|Validation,과자,스낵,쌀스낵,유기농산유기농현미로만든바나나볼,유기농산,65G
15648,Training|Validation,과자,스낵,쌀스낵,이마트 노브랜드유기농쌀과자단호박 55G,이마트,55G
15649,Training|Validation,과자,스낵,쌀스낵,이마트 노브랜드유기농쌀과자자색고구마 55G,이마트,55G
25625,Training|Validation,과자,스낵,쌀스낵,이마트 피코크 유기농쌀로만든발아현미떡뻥 40G,이마트,40G
25626,Training|Validation,과자,스낵,쌀스낵,이마트 피코크 유기농쌀로만든오곡떡뻥 40G,이마트,40G
15645,Training|Validation,과자,스낵,쌀스낵,이마트 핑크퐁유기농쌀로만든사과당근배떡뻥 40G,이마트,40G
15813,Training|Validation,과자,스낵,쌀스낵,일동후디스 아이밀냠냠 유기농쌀과자백미떡뻥 30G,일동후디스,30G
65780,Training|Validation,과자,스낵,쌀스낵,일동후디스아이밀냠냠유기농쌀과자시금치떡뻥,일동후디스,30G
A20040,Training|Validation,과자,스낵,쌀스낵,(주)자인 퓨어잇핑거길쭉한브로콜리스틱,자인,30g
A30050,Training|Validation,과자,스낵,쌀스낵,(주)자인 퓨어잇핑거길쭉한자색고구마스틱,자인,30g
65114,Training|Validation,과자,스낵,쌀스낵,제이디코리아곰곰유기농쌀고구마떡빵,제이디코리아,35G
65115,Training|Validation,과자,스낵,쌀스낵,제이디코리아곰곰유기농쌀백미떡뻥,제이디코리아,35G
55973,Training|Validation,과자,스낵,쌀스낵,제이식품)쌀눈현미누룽지,제이식품,180G
90193,Training|Validation,과자,스낵,쌀스낵,조은제과청우밥풀과자,조은제과,100g
25629,Training|Validation,과자,스낵,쌀스낵,진터식품 엄마미소유기농쌀과자채소 25G,진터식품,25G
A20044,Training|Validation,과자,스낵,쌀스낵,진터식품 오가닉라이스퍼프레인보우스윗스틱베지,진터식품,20g
A20042,Training|Validation,과자,스낵,쌀스낵,진터식품 오가닉라이스퍼프레인보우스윗스틱사과,진터식품,20g
15618,Training|Validation,과자,스낵,쌀스낵,진터식품 유기농쌀로만든쌀이팡 자색고구마 39G,진터식품,39G
55777,Training|Validation,과자,스낵,쌀스낵,진터식품)유기농쌀로만든쌀이팡(단호박),진터식품,39G
55678,Training|Validation,과자,스낵,쌀스낵,진터식품엄마미소유기농쌀과자과일,진터식품,25G
55681,Training|Validation,과자,스낵,쌀스낵,진터식품유기농쌀로만든쌀이팡(단호박)3봉,진터식품,39G
35052,Training|Validation,과자,스낵,쌀스낵,청담은 오가닉라이스퍼프 레인보우 스윗스틱 바나나 20G,청담은,20G
35582,Training|Validation,과자,스낵,쌀스낵,청오건강)유기농쌀로만든사과당근배떡뻥,청오건강,40G
55679,Training|Validation,과자,스낵,쌀스낵,청오건강농업회사법인유기농팝짱백미,청오건강,65G
15792,Training|Validation,과자,스낵,쌀스낵,코리아에이치케이 핫키드멈멈라이스러스크 54G,코리아에이치케이,54G
15793,Training|Validation,과자,스낵,쌀스낵,코리아에이치케이 핫키드멈멈라이스러스크사과맛 54G,코리아에이치케이,54G
A40048,Training|Validation,과자,스낵,쌀스낵,(주)쿠팡 곰곰유기농쌀단호박떡뻥,쿠팡,35g
15883,Training|Validation,과자,스낵,쌀스낵,퀸즈푸드 유기농고구마쌀과자35G,퀸즈푸드,35G
15867,Training|Validation,과자,스낵,쌀스낵,퀸즈푸드 유기농까까떡뻥백미10G,퀸즈푸드,10G
15882,Training|Validation,과자,스낵,쌀스낵,퀸즈푸드 유기농단호박쌀과자35G,퀸즈푸드,35G
75042,Training|Validation,과자,스낵,쌀스낵,퀸즈푸드 유기농발아현미스틱 35G,퀸즈푸드,35G
15884,Training|Validation,과자,스낵,쌀스낵,퀸즈푸드 유기농쌀로만든양파떡튀밥30G,퀸즈푸드,30G
25632,Training|Validation,과자,스낵,쌀스낵,태광웰푸드 21곡한입크리스피 130G,태광웰푸드,130G
25633,Training|Validation,과자,스낵,쌀스낵,태광웰푸드 블랙한입크리스피 170G,태광웰푸드,170G
45978,Training|Validation,과자,스낵,쌀스낵,태광웰푸드)뽀로로한입크리스피롤딸기,태광웰푸드,60G
45960,Training|Validation,과자,스낵,쌀스낵,태광웰푸드)뽀로로한입크리스피롤치즈,태광웰푸드,60G
55972,Training|Validation,과자,스낵,쌀스낵,태광푸드)다섯가지곡식으로알찬오곡누룽지,태광푸드,1KG
65057,Training|Validation,과자,스낵,쌀스낵,퓨어잇 떡뻥 당근 쌀과자 30G,퓨어잇,30G
25060,Training|Validation,과자,스낵,쌀스낵,퓨어잇 떡뻥 시금치 쌀과자 30G,퓨어잇,30G
25059,Training|Validation,과자,스낵,쌀스낵,퓨어잇 핑거 길쭉한 단호박스틱 30G,퓨어잇,30G
15644,Training|Validation,과자,스낵,쌀스낵,프로엠 맘스케어 무농약쌀로만든까까(햇님과자) 30G,프로엠,30G
15643,Training|Validation,과자,스낵,쌀스낵,프로엠 맘스케어 무농약쌀로만든까까(현미+백미) 30G,프로엠,30G
15658,Training|Validation,과자,스낵,쌀스낵,프로엠 맘스케어 유기농까까곡물과자 13G,프로엠,13G
15660,Training|Validation,과자,스낵,쌀스낵,프로엠 맘스케어 유기농까까별과자 15G,프로엠,15G
15869,Training|Validation,과자,스낵,쌀스낵,프로엠 맘스케어무농약쌀로만든까까곡물과자30G,프로엠,30G
15900,Training|Validation,과자,스낵,쌀스낵,프로엠 맘스케어유기농까까곡물과자40G,프로엠,40G
15866,Training|Validation,과자,스낵,쌀스낵,프로엠 맘스케어유기농까까별과자13G,프로엠,13G
15901,Training|Validation,과자,스낵,쌀스낵,프로엠 맘스케어유기농까까블랙43G,프로엠,43G
15642,Training|Validation,과자,스낵,쌀스낵,프로엠 무농약오곡블루베리스낵 60G,프로엠,60G
15659,Training|Validation,과자,스낵,쌀스낵,프로엠 오트밀바나나스낵 13G,프로엠,13G
25631,Training|Validation,과자,스낵,쌀스낵,프로엠 요거팜무농약쌀로만든크랜베리스낵 30G,프로엠,30G
35553,Training|Validation,과자,스낵,쌀스낵,프로엠)요거팜무농약쌀로만든딸기스낵,프로엠,30G
45668,Training|Validation,과자,스낵,쌀스낵,프로엠)요거팜무농약쌀로만든블루베리스낵,프로엠,30G
35660,Training|Validation,과자,스낵,쌀스낵,프로엠2)오트밀딸기스낵,프로엠,13G
65661,Training|Validation,과자,스낵,쌀스낵,프로엠맘스케어무농약오곡바나나스낵,프로엠,60G
65668,Training|Validation,과자,스낵,쌀스낵,프로엠맘스케어뽀로로떡뻥,프로엠,10G
25630,Training|Validation,과자,스낵,쌀스낵,오희숙전통부각 명인이만든찹쌀김부각 30G,하늘바이오,30G
35643,Training|Validation,과자,스낵,쌀스낵,하늘바이오)찹쌀감자부각,하늘바이오,25G
25460,Training|Validation,과자,스낵,쌀스낵,한국라이스텍 바삭고소오크래커 현미 200G,한국라이스텍,200G
45428,Training|Validation,과자,스낵,쌀스낵,한국라이스텍)쌀눈이있는찹쌀누룽지,한국라이스텍,800G
65627,Training|Validation,과자,스낵,쌀스낵,한국에스비식품유기농누룽지5개입,한국에스비식품,250G
A40046,Training|Validation,과자,스낵,쌀스낵,한세상 퓨어잇떡뻥백미쌀과자,한세상,30g
A30051,Training|Validation,과자,스낵,쌀스낵,한세상 퓨어잇떡뻥사과쌀과자,한세상,30g
A20041,Training|Validation,과자,스낵,쌀스낵,한세상 퓨어잇떡뻥양배추쌀과자,한세상,30g
A20034,Training|Validation,과자,스낵,쌀스낵,한세상퓨어잇떡뻥바나나쌀과자,한세상,30g
A20039,Training|Validation,과자,스낵,쌀스낵,한세상퓨어잇떡뻥양파쌀과자,한세상,30g
90077,Training|Validation,과자,스낵,쌀스낵,해태구운인절미70G,해태,70G
15422,Training|Validation,과자,스낵,쌀스낵,홈플러스인절미볼,홈플러스,70G
65060,Training|Validation,과자,스낵,쌀스낵,후디스 아이밀 냠냠 유기농 쌀과자 퍼핑도넛보라40G,후디스,40G
65061,Training|Validation,과자,스낵,쌀스낵,후디스 아이밀 냠냠 유기농 쌀과자 퍼핑도넛주황40G,후디스,40G
15903,Training|Validation,과자,스낵,쌀스낵,후디스 아이밀냠냠구워만든순곡물바바나나40G,후디스,40G
45531,Training|Validation,과자,씨리얼,씨리얼바,농심)에너지바K크런치넛(레드베리),농심,120G
45455,Training|Validation,과자,씨리얼,씨리얼바,농심)첵스초코펀초코바나나바,농심,100G
45452,Training|Validation,과자,씨리얼,씨리얼바,농심)프로틴바K아몬드&호박씨,농심,120G
25048,Training|Validation,과자,씨리얼,씨리얼바,농심켈로그 에너지바K 레드베리 100G,농심,100G
25047,Training|Validation,과자,씨리얼,씨리얼바,농심켈로그 에너지바K 베리&넛 120G,농심,120G
15930,Training|Validation,과자,씨리얼,씨리얼바,농심켈로그 에너지바K크런치넛120G,농심,120G
15905,Training|Validation,과자,씨리얼,씨리얼바,농심켈로그 첵스초코바오리지날바100G,농심,100G
65479,Training|Validation,과자,씨리얼,씨리얼바,켈로그초코펀오리지날바4개입,농심켈로그,100G
55786,Training|Validation,과자,씨리얼,씨리얼바,켈로그초코펀초코바나나바4개입,농심켈로그,100G
65039,Training|Validation,과자,씨리얼,씨리얼바,마켓오오!그래놀라바검은콩,마켓오오,140G
65478,Training|Validation,과자,씨리얼,씨리얼바,마켓오오!그래놀라바무화과베리4개,마켓오오,140G
15788,Training|Validation,과자,씨리얼,씨리얼바,오리온 마켓오오!그래놀라바무화과베리 140G,오리온,140G
45456,Training|Validation,과자,씨리얼,씨리얼바,오리온)닥터유단백질바,오리온,150G(3개입)
30112,Training|Validation,과자,씨리얼,씨리얼바,오리온)닥터유단백질바50G,오리온,50G
55398,Training|Validation,과자,씨리얼,씨리얼바,오리온닥터유에너지바,오리온,160G
35759,Training|Validation,과자,씨리얼,씨리얼바,코레드인터내쇼날)유기농콘후레이크바,코레드인터내쇼날,120G
25049,Training|Validation,과자,씨리얼,씨리얼바,포스트 골든그래놀라바 108G,포스트,108G
15433,Training|Validation,과자,씨리얼,씨리얼바,포스트 콘푸라이트바4개입 108G,포스트,108G
65480,Training|Validation,과자,씨리얼,씨리얼바,홈플러스넛츠바4개입,홈플러스,140G
30082,Training|Validation,과자,견과류,아몬드,허니버터아몬드130G,기타,130G
A30040,Training|Validation,과자,견과류,아몬드,(주)길림양행 불닭맛아몬드,길림양행,210g
A30046,Training|Validation,과자,견과류,아몬드,(주)길림양행 쿠키앤크림아몬드,길림양행,190g
A20043,Training|Validation,과자,견과류,아몬드,(주)길림양행 허니버터아몬드,길림양행,210g
A20035,Training|Validation,과자,견과류,아몬드,(주)길림양행군옥수수맛아몬드,길림양행,210g
35058,Training|Validation,과자,견과류,아몬드,길림양행 떡볶이맛 아몬드 210G,길림양행,210G
45110,Training|Validation,과자,견과류,아몬드,길림양행 마늘빵아몬드 210G,길림양행,210G
35057,Training|Validation,과자,견과류,아몬드,길림양행 와사비맛 아몬드 210G,길림양행,210G
45111,Training|Validation,과자,견과류,아몬드,길림양행 흑당밀크티아몬드 190G,길림양행,190G
35091,Training|Validation,과자,견과류,아몬드,길림양행)별빛팡팡아몬드,길림양행,190G
45086,Training|Validation,과자,견과류,아몬드,길림양행)제주말차아몬드190G,길림양행,190G
80142,Training|Validation,과자,견과류,아몬드,길림양행)허니버터아몬드150G,길림양행,150G
55487,Training|Validation,과자,견과류,아몬드,길림양행마늘빵아몬드,길림양행,130G
55064,Training|Validation,과자,견과류,아몬드,길림양행민트초코아몬드190G,길림양행,190G
55486,Training|Validation,과자,견과류,아몬드,길림양행와사비맛아몬드,길림양행,130G
65080,Training|Validation,과자,견과류,아몬드,길림양행인절미아몬드190G,길림양행,190G
55485,Training|Validation,과자,견과류,아몬드,길림양행청양마요아몬드,길림양행,130G
65079,Training|Validation,과자,견과류,아몬드,길림양행청양마요아몬드210G,길림양행,210G
65104,Training|Validation,과자,견과류,아몬드,길림양행토피넛라떼아몬드,길림양행,190G
30190,Training|Validation,과자,견과류,아몬드,머거본)허니버터아몬드30G,머거본,30G
20122,Training|Validation,과자,견과류,아몬드,머거본)후렌치후라이드아몬드,머거본,135G
25738,Training|Validation,과자,견과류,아몬드,빌그린 통가든바삭아몬드김과자핫앤스파이시 40G,빌그린,40G
35432,Training|Validation,과자,견과류,아몬드,세계식품)머거본새우몬드,세계식품,150G
25635,Training|Validation,과자,견과류,아몬드,이마트 피코크 플로랑탱아몬드 80G,이마트,80G
45113,Training|Validation,과자,견과류,아몬드,홈플러스시그니처 점보아몬드400G,홈플러스,400G
15177,Training|Validation,과자,스낵,야채스낵,(주)명성식품)홈플러스 시그니처 리얼 느타리버섯칩23G,명성식품,23G
15178,Training|Validation,과자,스낵,야채스낵,(주)명성식품)홈플러스 시그니처 리얼 새송이 버섯칩25G,명성식품,25G
15179,Training|Validation,과자,스낵,야채스낵,(주)명성식품)홈플러스 시그니처 리얼 우엉칩25G,명성식품,25G
15629,Training|Validation,과자,스낵,야채스낵,빌그린 통가든와사비완두콩 90G,빌그린,90G
25715,Training|Validation,과자,스낵,야채스낵,빌그린 통가든파티스낵 180G,빌그린,180G
65904,Training|Validation,과자,스낵,야채스낵,빌그린)통가든와사비완두콩,빌그린,500G
55796,Training|Validation,과자,스낵,야채스낵,빌그린)통가든파티스낵,빌그린,500G
65778,Training|Validation,과자,스낵,야채스낵,빌그린통가든와사비완두콩,빌그린통,180G
15646,Training|Validation,과자,스낵,야채스낵,선명농수산 리얼칩양파칩 80G,선명농수산,80G
15816,Training|Validation,과자,스낵,야채스낵,선명농수산 연근칩 40G,선명농수산,40G
15651,Training|Validation,과자,스낵,야채스낵,선명농수산 크리스피베지칩스5믹스 180G,선명농수산,180G
35647,Training|Validation,과자,스낵,야채스낵,선명농수산)연근칩,선명농수산,40G
55977,Training|Validation,과자,스낵,야채스낵,선명농수산대소지점)4가지채소를담은리얼칩믹스,선명농수산대소지점,50G
75045,Training|Validation,과자,스낵,야채스낵,신세계 자주 고소한김맛나 150G,신세계,150G
15739,Training|Validation,과자,스낵,야채스낵,신세계 자주 바삭함그대로대추칩 30G,신세계,30G
55727,Training|Validation,과자,스낵,야채스낵,신세계인터내셔날)명인이만든연근부각,신세계인터내셔날,40G
15485,Training|Validation,과자,스낵,야채스낵,정심푸드 짭짤한표고버섯칩 80G,정심푸드,80G
55969,Training|Validation,과자,스낵,야채스낵,태진무역)고소한단호박칩,태진무역,200G
35187,Training|Validation,과자,스낵,야채스낵,홈플러스)HomepiusSignature리얼연근칩30g,홈플러스,30G
35712,Training|Validation,과자,캔디,양갱,새롬식품)팥향가득촉촉양갱,새롬식품,135G
65650,Training|Validation,과자,캔디,양갱,새롬식품정성담아팥양갱6개입,새롬식품,270G
65884,Training|Validation,과자,캔디,양갱,신세계인터내셔날)밤향가득촉촉양갱3개입,신세계인터내셔날,135G
90184,Training|Validation,과자,마른안주,어포류,경진 꼬마꾸이맨50g,경진식품,50G
25900,Training|Validation,과자,마른안주,어포류,선해수산 델리황매운맛20G,선해수산,20G
25942,Training|Validation,과자,마른안주,어포류,선해수산 델리황매운맛50G,선해수산,50G
25901,Training|Validation,과자,마른안주,어포류,선해수산 델리황버터맛20G,선해수산,20G
25951,Training|Validation,과자,마른안주,어포류,선해수산 델리황버터맛50G,선해수산,50G
25902,Training|Validation,과자,마른안주,어포류,선해수산 델리황오리지널뉴20G,선해수산,20G
25950,Training|Validation,과자,마른안주,어포류,선해수산 델리황오리지널뉴30G,선해수산,30G
25958,Training|Validation,과자,마른안주,어포류,선해수산 황홀태75G,선해수산,75G
25644,Training|Validation,과자,스낵,옥수수스낵,CJ 비비고칩스위트콘 20G,CJ제일제당,20G
40149,Training|Validation,과자,스낵,옥수수스낵,칸츄리콘90G,기타,90G
10235,Training|Validation,과자,스낵,옥수수스낵,네모스낵 매콤한 맛,네모스낵,13G
30062,Training|Validation,과자,스낵,옥수수스낵,농심)에스키모밥60G,농심,60G
10095,Training|Validation,과자,스낵,옥수수스낵,농심바나나킥75G,농심,75G
30140,Training|Validation,과자,스낵,옥수수스낵,농심인디안밥83G,농심,83G
15626,Training|Validation,과자,스낵,옥수수스낵,농심켈로그 프링글스또띠아콘칩스파이시그린페퍼 110G,농심,110G
90293,Training|Validation,과자,스낵,옥수수스낵,프링글스또띠아나쵸치즈 110G,농심,110G
10091,Training|Validation,과자,스낵,옥수수스낵,꼬깔콘고소한맛72G,롯데제과,72G
40091,Training|Validation,과자,스낵,옥수수스낵,꼬깔콘군옥수수맛72G,롯데제과,72G
50063,Training|Validation,과자,스낵,옥수수스낵,도리토스갈비천왕치킨맛172G,롯데제과,172G
90145,Training|Validation,과자,스낵,옥수수스낵,롯데)단무지모양젤리,롯데제과,96G
90071,Training|Validation,과자,스낵,옥수수스낵,롯데)치토스매콤달콤한맛88G,롯데제과,88G
30166,Training|Validation,과자,스낵,옥수수스낵,롯데)치토스후라이드&양념치킨맛80G,롯데제과,80G
45227,Training|Validation,과자,스낵,옥수수스낵,롯데제과)꼬깔콘고소한맛42G,롯데제과,42G
25197,Training|Validation,과자,스낵,옥수수스낵,롯데제과)도리토스나쵸치즈맛40G,롯데제과,40G
40090,Training|Validation,과자,스낵,옥수수스낵,롯데치토스스모키바베큐맛88G,롯데제과,88G
25797,Training|Validation,과자,스낵,옥수수스낵,베베쿡 사르르쿵바나나23G,베베쿡,23G
90124,Training|Validation,과자,스낵,옥수수스낵,삼양)사또밥67G,삼양식품,67G
25174,Training|Validation,과자,비스킷,옥수수스낵,씨제이씨푸드)비비고칩 스위트콘40G,씨제이씨푸드,40G
65969,Training|Validation,과자,스낵,옥수수스낵,씨제이올리브영)블랙빈또띠아살사콤보93G,씨제이올리브영,93G
66022,Training|Validation,과자,스낵,옥수수스낵,씨제이올리브영)블랙빈또띠아칩갈릭치즈68G,씨제이올리브영,68G
15192,Training|Validation,과자,스낵,옥수수스낵,영흥식품(그리스)엘샤보르 나초앤딥살사175G,영흥식품,175G
20163,Training|Validation,과자,스낵,옥수수스낵,오리온)도도한나쵸미니미크림어니언맛76G,오리온,76G
90187,Training|Validation,과자,스낵,옥수수스낵,오리온)썬갈릭바게트맛64G,오리온,64G
40088,Training|Validation,과자,스낵,옥수수스낵,오리온썬핫스파이시맛80G,오리온,80G
40154,Training|Validation,과자,스낵,옥수수스낵,오리온태양의맛썬64g,오리온,64G
10094,Training|Validation,과자,스낵,옥수수스낵,크라운)콘초66G,크라운제과,66G
50117,Training|Validation,과자,스낵,옥수수스낵,크라운)콘칩(군옥수수)70G,크라운제과,70G
30135,Training|Validation,과자,스낵,옥수수스낵,크라운)콘칩골드117G,크라운제과,117G
70227,Training|Validation,과자,스낵,옥수수스낵,크라운카라멜메이플콘184G,크라운제과,184G
45431,Training|Validation,과자,스낵,옥수수스낵,홈플러스)맛있는치즈솔솔까망베르볼,홈플러스,70G
50067,Training|Validation,과자,껌류,일반꺼,롯데)아라비카커피26G,롯데제과,26G
35036,Training|Validation,과자,껌류,일반껌,롯데 후라보노믹스 87G,롯데제과,87G
70115,Training|Validation,과자,껌류,일반껌,롯데)공부할때씹는껌25G,롯데제과,25G
90084,Training|Validation,과자,껌류,일반껌,롯데)왓따딸기23G,롯데제과,23G
90083,Training|Validation,과자,껌류,일반껌,롯데)왓따청포도23G,롯데제과,23G
90081,Training|Validation,과자,껌류,일반껌,롯데)왓따체리팝스타23G,롯데제과,23G
40099,Training|Validation,과자,껌류,일반껌,롯데)이브로즈26G,롯데제과,26G
30075,Training|Validation,과자,껌류,일반껌,롯데)졸음올때씹는껌75G,롯데제과,75G
50105,Training|Validation,과자,껌류,일반껌,롯데)후라보노레이디26G,롯데제과,26G
90085,Training|Validation,과자,껌류,일반껌,롯데)후라보노마일드26G,롯데제과,26G
50104,Training|Validation,과자,껌류,일반껌,롯데)후라보노스트롱26G,롯데제과,26G
40140,Training|Validation,과자,껌류,일반껌,롯데ID믹스베리껌25G,롯데제과,25g
50065,Training|Validation,과자,껌류,일반껌,롯데스피아민트27G,롯데제과,27g
90082,Training|Validation,과자,껌류,일반껌,롯데왓따복숭아23G,롯데제과,23g
50068,Training|Validation,과자,껌류,일반껌,롯데쥬시후레쉬26G,롯데제과,26g
30290,Training|Validation,과자,껌류,일반껌,오리온 아이셔껌 90G,오리온,90G
45704,Training|Validation,과자,껌류,일반껌,오리온)새콤달콤아이셔껌(레몬맛&사과맛&청포도맛),오리온,42G
45705,Training|Validation,과자,껌류,일반껌,오리온)오리온후라보노,오리온,46G
35832,Training|Validation,과자,껌류,일반껌,이멕스무역)세븐팩버블껌,이멕스무역,36.6G
35837,Training|Validation,과자,껌류,일반껌,이멕스무역)헬로키티껌,이멕스무역,27.5G
15630,Training|Validation,과자,껌류,일반껌,해태 푹신푹신솜사탕껌 달콤한딸기맛 15G,해태,15G
40100,Training|Validation,과자,껌류,일반껌,해태아카시아25G,해태,25G
40098,Training|Validation,과자,껌류,일반껌,해태은단추잉껌24G,해태,24G
70132,Training|Validation,과자,껌류,일반껌,해태키즈톨30G,해태,30G
80143,Training|Validation,과자,빵,일반빵,오리온)마켓오통밀빵둥이96G,오리온,96G
55852,Training|Validation,과자,빵,일반빵,이멕스무역)밀레포글리에퍼프패스트리밀크크림맛,이멕스무역,125G
55853,Training|Validation,과자,빵,일반빵,이멕스무역)밀레포글리에퍼프패스트리초코크림맛,이멕스무역,125G
40246,Training|Validation,과자,스낵,일반스낵,롯데씨리얼초코,롯데제과,42G
40157,Training|Validation,과자,씨리얼,일반시리얼,농심켈로그첵스초코스노우초코볼230G,농심,420G
15180,Training|Validation,과자,씨리얼,일반시리얼,농심 켈로그)첵스초코 컵시리얼30G,농심켈로그,30G
40128,Training|Validation,과자,씨리얼,일반시리얼,켈로그)스페셜K오리지널,농심켈로그,270G
40122,Training|Validation,과자,씨리얼,일반시리얼,켈로그프로틴그래놀라미숫가루큐브&검정약콩330G,농심켈로그,330G
40123,Training|Validation,과자,씨리얼,일반시리얼,켈로그프로틴그래놀라요거트큐브&베리330G,농심켈로그,330G
25818,Training|Validation,과자,씨리얼,일반시리얼,도울바이오푸드 유기농리얼코코아볼300G,도울바이오푸드,200G
25817,Training|Validation,과자,씨리얼,일반시리얼,도울바이오푸드 유기농포시즌후르츠믹스230G,도울바이오푸드,230G
50102,Training|Validation,과자,씨리얼,일반시리얼,동서콘푸라이트260G,동서식품,260G
25677,Training|Validation,과자,씨리얼,일반시리얼,롯데제과 퀘이커오트밀오리지널 180G,롯데제과,180G
25824,Training|Validation,과자,씨리얼,일반시리얼,롯데제과 퀘이커즉석오트밀구운누룽지오트밀50G*4,롯데제과,200G
55538,Training|Validation,과자,씨리얼,일반시리얼,마켓오오!그래놀라바카카오&유산균볼,마켓오오,160G
55035,Training|Validation,과자,씨리얼,일반시리얼,마켓오오!그래놀라카카오300G,마켓오오,300G
65848,Training|Validation,과자,씨리얼,일반시리얼,매일)요미요미튼튼시리얼고구마,매일,100G
40120,Training|Validation,과자,씨리얼,일반시리얼,씨알로)오곡초코로핀,씨알로,220G
46024,Training|Validation,과자,씨리얼,일반시리얼,엄마사랑)건강한리얼너트바그래놀라,엄마사랑,210G
66190,Training|Validation,과자,씨리얼,일반시리얼,엄마사랑)크랜베리리얼너트바,엄마사랑,210G
15768,Training|Validation,과자,씨리얼,일반시리얼,오리온 마켓오오!그래놀라검은콩 365G,오리온,365G
15769,Training|Validation,과자,씨리얼,일반시리얼,오리온 마켓오오!그래놀라딸기 300G,오리온,300G
15770,Training|Validation,과자,씨리얼,일반시리얼,오리온 마켓오오!그래놀라야채 330G,오리온,330G
15771,Training|Validation,과자,씨리얼,일반시리얼,오리온 마켓오오!그래놀라카카오 300G,오리온,300G
25030,Training|Validation,과자,씨리얼,일반시리얼,인클루시브 컨트리 크리스피 레이즌 500G,인클루시브,500G
35048,Training|Validation,과자,씨리얼,일반시리얼,퀘이커 오트 그래놀라 골든 넛츠 350G,퀘이커,350G
25046,Training|Validation,과자,씨리얼,일반시리얼,포스트 화이버 오트밀 너트앤오트 180G,포스트,180G
40124,Training|Validation,과자,씨리얼,일반시리얼,포스트고소한아몬드후레이크300G,포스트,300G
45033,Training|Validation,과자,씨리얼,일반시리얼,포스트오곡코코볼바100G,포스트,100G
45042,Training|Validation,과자,씨리얼,일반시리얼,포스트콘푸라이트바베리요거트,포스트,108G
40127,Training|Validation,과자,씨리얼,일반시리얼,포스트콘후레이크,포스트,220G
55539,Training|Validation,과자,씨리얼,일반시리얼,홈플러스해바라기초코볼,홈플러스,50G*12
45849,Training|Validation,과자,씨리얼,일반시리얼,효성인터내셔널)미니더심슨(노란색),효성인터내셔날,135G
45850,Training|Validation,과자,씨리얼,일반시리얼,효성인터내셔널)미니더심슨(파란색),효성인터내셔날,135G
55052,Training|Validation,과자,씨리얼,일반씨리얼,오리온오그래놀라바단호박고구마,오리온,140G
25037,Training|Validation,과자,씨리얼,일빈시리얼,퀘이커 오트밀 바나나앤아몬드 90G,퀘이커,90G
15663,Training|Validation,과자,캔디,젤리,CJ 쁘띠첼 구미젤리레몬 50G,CJ제일제당,50G
15662,Training|Validation,과자,캔디,젤리,CJ 쁘띠첼 구미젤리복숭아 50G,CJ제일제당,50G
15661,Training|Validation,과자,캔디,젤리,CJ 쁘띠첼 구미젤리포도 50G,CJ제일제당,50G
55697,Training|Validation,과자,캔디,젤리,돌망고젤리,Dole 코리아,90G
55700,Training|Validation,과자,캔디,젤리,돌화이트코코젤리,Dole 코리아,200G
15436,Training|Validation,과자,캔디,젤리,건영푸드 망고코리아 300G,건영푸드,300G
55401,Training|Validation,과자,캔디,젤리,건영푸드거봉코리아,건영푸드,300G
40136,Training|Validation,과자,캔디,젤리,비타500젤리48G,광동제약,48G
90199,Training|Validation,과자,캔디,젤리,3D 자이언트 콜라향 비틀젤리,기타,32g
15435,Training|Validation,과자,캔디,젤리,베베토 쿨빈스사워믹스 12개입,기타,12개입
15666,Training|Validation,과자,캔디,젤리,오리지날 젤리빈스위트센세이션 200G,기타,200G
25395,Training|Validation,과자,캔디,젤리,이농스푸드 흠반점 101G,기타,101G
40159,Training|Validation,과자,캔디,젤리,트롤리다이노렉스200g,기타,200G
70141,Training|Validation,과자,캔디,젤리,트롤리밀크쿠200G,기타,200G
20219,Training|Validation,과자,캔디,젤리,트롤리키스100G,기타,100G
10227,Training|Validation,과자,캔디,젤리,포포 아이스맛,기타,16g
40194,Training|Validation,과자,캔디,젤리,하리보골드바렌175G,기타,175G
50162,Training|Validation,과자,캔디,젤리,하리보피치컵175G,기타,175G
25397,Training|Validation,과자,캔디,젤리,나무인터내셔널 4D블록젤리 500G,나뭉인터내셔널,500G
45172,Training|Validation,과자,캔디,젤리,네슬레코리아)프루팁스70G,네슬레코리아,70G
45173,Training|Validation,과자,캔디,젤리,네슬레코리아)프루팁스트로피칼믹스70G,네슬레코리아,70G
65485,Training|Validation,과자,캔디,젤리,네슬레코리아새콤달콤과즙젤리프루팁스,네슬레코리아,140G
65486,Training|Validation,과자,캔디,젤리,네슬레코리아새콤달콤과즙젤리프루팁스리치맛,네슬레코리아,140G
65487,Training|Validation,과자,캔디,젤리,네슬레코리아새콤달콤과즙젤리프루팁스트로피칼믹스,네슬레코리아,140G
35877,Training|Validation,과자,캔디,젤리,다이식품)복음자리잼잼한라봉감귤젤리,다이식품,50G
15421,Training|Validation,과자,캔디,젤리,동아제약박카스맛젤리,동아제약,50G
15420,Training|Validation,과자,캔디,젤리,동아제약박카스맛젤리신맛,동아제약,50G
30115,Training|Validation,과자,캔디,젤리,롯데)구미당기는구미70G,롯데제과,70G
50092,Training|Validation,과자,캔디,젤리,롯데)빼빼로초코젤리48G,롯데제과,48G
50101,Training|Validation,과자,캔디,젤리,롯데)제주감귤비타젤리51G,롯데제과,51G
15878,Training|Validation,과자,캔디,젤리,롯데제과수박바젤리91G,롯데제과,91G
90146,Training|Validation,과자,캔디,젤리,롯데치토스스모키바베큐맛82G,롯데제과,82G
15817,Training|Validation,과자,캔디,젤리,마루티앤씨 키딜리셔스아이젤리딸기 24G,마루티앤,24G
15818,Training|Validation,과자,캔디,젤리,마루티앤씨 키딜리셔스아이젤리바나나 24G,마루티앤,24G
55932,Training|Validation,과자,캔디,젤리,매크로통상)LEON레옹비타민C자몽젤리80G,매크로통상,80G
15812,Training|Validation,과자,캔디,젤리,보람비티 안녕자두야골라먹는해피젤리(핑크)80G,보람비티,80G
15811,Training|Validation,과자,캔디,젤리,보람비티 안녕자두야골라먹는해피젤리(하늘)80G,보람비티,80G
46030,Training|Validation,과자,캔디,젤리,복음자리)복음자리잼잼딸기젤리,복음자리,50G
46042,Training|Validation,과자,캔디,젤리,복음자리)복음자리잼잼포도젤리,복음자리,50G
65722,Training|Validation,과자,캔디,젤리,비에이치델리블랙포레스트믹스드후르츠,비에이치,635G
66243,Training|Validation,과자,캔디,젤리,롯데쇼핑)사우어애플맛젤리벨트36입,사우어,360G
55941,Training|Validation,과자,캔디,젤리,삼경에프에스)코로로그레이프48G,삼경에프에스,48G
65910,Training|Validation,과자,캔디,젤리,삼경에프에스)하리보메가룰렛,삼경에프에스,45G
50177,Training|Validation,과자,캔디,젤리,구미런치젤리77G,서광아이에스씨,77G
15419,Training|Validation,과자,캔디,젤리,서주맥주모양젤리,서주,50G
60197,Training|Validation,과자,캔디,젤리,서주아이스주젤리,서주,40G
35923,Training|Validation,과자,캔디,젤리,세움)망고슬라이스,세움,170G
40208,Training|Validation,과자,캔디,젤리,도라에몽 아우셔피자,스위트드림,21g
80162,Training|Validation,과자,캔디,젤리,스쿨믹스젤리100G,스쿨믹스,100G
35677,Training|Validation,과자,캔디,젤리,씨제이)쁘띠첼구미젤리레몬,씨제이제일제당,50G
65681,Training|Validation,과자,캔디,젤리,씨제이쁘티첼구미젤리포도,씨제이제일제당,50G
30188,Training|Validation,과자,캔디,젤리,아리랑지에프종합제리500G,아리랑지에프,500G
45876,Training|Validation,과자,캔디,젤리,에스에이치글로벌코리아)블록젤리(노란색),에스에이치글로벌,80G
35791,Training|Validation,과자,캔디,젤리,에스에이치글로벌코리아)블록젤리(빨강색),에스에이치글로벌,80G
35790,Training|Validation,과자,캔디,젤리,에스에이치글로벌코리아)블록젤리(주황색),에스에이치글로벌,80G
45875,Training|Validation,과자,캔디,젤리,에스에이치글로벌코리아)블록젤리(파란색),에스에이치글로벌,80G
50148,Training|Validation,과자,캔디,젤리,하리보스타믹스175G,엔제이,175G
60127,Training|Validation,과자,캔디,젤리,오리온)마이구미딸기66G,오리온,66G
60125,Training|Validation,과자,캔디,젤리,오리온)왕꿈틀이67G,오리온,67G
60126,Training|Validation,과자,캔디,젤리,오리온마이구미1P66G,오리온,66G
70123,Training|Validation,과자,캔디,젤리,유피)빅버거젤리32G,유피,32G
70120,Training|Validation,과자,캔디,젤리,유피)핫도그모양빅프랭크젤리32G,유피,32G
55800,Training|Validation,과자,캔디,젤리,이마트)오리지날젤리빈사우어세세이션,이마트,200G
45834,Training|Validation,과자,캔디,젤리,이멕스무역)LOC네온웜(젤리),이멕스무역,225G
35789,Training|Validation,과자,캔디,젤리,이멕스무역)LOC사우어믹스(젤리),이멕스무역,225G
45836,Training|Validation,과자,캔디,젤리,이멕스무역)LOC스타믹스,이멕스무역,225G
45832,Training|Validation,과자,캔디,젤리,이멕스무역)LOC캔디믹스,이멕스무역,225G
35876,Training|Validation,과자,캔디,젤리,일동후디스)키요그릭요거트젤리딸기,일동후디스,50G
35875,Training|Validation,과자,캔디,젤리,일동후디스)키요그릭요거트젤리청포도,일동후디스,50G
55938,Training|Validation,과자,캔디,젤리,종근당건강)락토조이구미젤리망고맛50G,종근당건강,50G
55931,Training|Validation,과자,캔디,젤리,종근당건강)락토조이구미젤리복숭아맛50G,종근당건강,50G
35429,Training|Validation,과자,캔디,젤리,지바이알)대만망고맛젤리,지바이알,504G
35393,Training|Validation,과자,캔디,젤리,천하쿠퍼레이션)후르츠박스망고맛구미,천하쿠퍼레이션,100G
35392,Training|Validation,과자,캔디,젤리,천하쿠퍼레이션)후르츠박스포도맛구미,천하쿠퍼레이션,100G
15414,Training|Validation,과자,캔디,젤리,청우식품쥬라기공룡,청우식품,80G
35518,Training|Validation,과자,캔디,젤리,컬반)베베토쿨빈스베리믹스36G,컬반,12개입
35577,Training|Validation,과자,캔디,젤리,키즈웰)LOT100구미망고젤리,키즈웰,475G
25854,Training|Validation,과자,캔디,젤리,투데이 젖병모양젤리빈스40G,투데이,40G
70128,Training|Validation,과자,캔디,젤리,팔도)뽀로로과일맛젤리53G,팔도,53G
50167,Training|Validation,과자,캔디,젤리,포포 포도맛,폰타나,16g
65900,Training|Validation,과자,캔디,젤리,푸드웰)미닛메이드쿠우젤리포도,푸드웰,130ML
25725,Training|Validation,과자,캔디,젤리,하늘처럼 종합열대과일젤리 135G,하늘처럼,135G
45815,Training|Validation,과자,캔디,젤리,한투인터내셔널)옛날통닭모양젤리,한투인터내셔널,80G
45822,Training|Validation,과자,초콜렛,초콜릿세트,스위트드림)빠샤메카드도트초코,스위트드림,40G
45853,Training|Validation,과자,초콜렛,초콜릿세트,스위트드림)시크릿쥬쥬도트초코,스위트드림,40G
25605,Training|Validation,과자,초콜렛,초콜릿세트,해태 얼려먹는초코만들기 민트향 36G,해태,36G
30106,Training|Validation,과자,초콜렛,초콜릿세트,해태)뉴얼려먹는초코만들기36G,해태,36G
35634,Training|Validation,과자,초콜렛,초콜릿세트,해태)얼초동물그리기,해태,52G
30107,Training|Validation,과자,초콜렛,초콜릿세트,해태)얼초동물그리기52G,해태,52G
55397,Training|Validation,과자,초콜렛,초콜릿세트,해태얼초,해태,25G
35376,Training|Validation,과자,초콜렛,초콜릿칩,홈플러스)홈플러스크리스미다크초코틴스,홈플러스,125G
35375,Training|Validation,과자,초콜렛,초콜릿칩,홈플러스)홈플러스크리스미밀크초코틴스,홈플러스,125G
35377,Training|Validation,과자,초콜렛,초콜릿칩,홈플러스)홈플러스크리스미오렌지초코틴스,홈플러스,125G
35378,Training|Validation,과자,초콜렛,초콜릿칩,홈플러스)홈플러스크리스미카라멜시솔트초코틴스,홈플러스,125G
30109,Training|Validation,과자,캔디,캐러멜,롯데)밀크카라멜50G,롯데제과,50G
55920,Training|Validation,과자,캔디,캐러멜,매크로통상)모리가나맛차카라멜149G,매크로통상,149G
35818,Training|Validation,과자,캔디,캐러멜,매크로통상)모리나가밀크카라멜,매크로통상,149G
35819,Training|Validation,과자,캔디,캐러멜,매크로통상)모리나가아즈키카라멜,매크로통상,149G
45763,Training|Validation,과자,캔디,캐러멜,매크로통상)웨더스오리지날츄토피,매크로통상,48G
40205,Training|Validation,과자,캔디,케러멜,아리랑지에프땅콩엿105G,아리랑지에프,105G
25609,Training|Validation,과자,파이류,케이크,롯데 디저뜨와 233G,롯데제과,233G
25031,Training|Validation,과자,파이류,케이크,롯데 쁘띠몽쉘 커스타드앤카라멜 272G,롯데제과,272G
30098,Training|Validation,과자,파이류,케이크,롯데)몽쉘카카오생크림케이크192G,롯데제과,192G
65727,Training|Validation,과자,파이류,케이크,롯데몽쉘카카오생크림케이크12봉,롯데제과,384G
45037,Training|Validation,과자,파이류,케이크,롯데쁘띠몽쉘레몬&그린티272G,롯데제과,272G
65620,Training|Validation,과자,파이류,케이크,롯데제과허쉬리치초콜릿케이크6봉입,롯데제과,126G
50095,Training|Validation,과자,파이류,케이크,롯데카스타드138G,롯데제과,138G
65629,Training|Validation,과자,파이류,케이크,마켓오리얼브라우니12개입,마켓오리,240G
65621,Training|Validation,과자,파이류,케이크,마켓오리얼브라우니말차12개입,마켓오리,240G
25660,Training|Validation,과자,파이류,케이크,매크로통상 미니마블케익 135G,매크로통,135G
25659,Training|Validation,과자,파이류,케이크,매크로통상 미니브라우니 150G,매크로통,150G
25661,Training|Validation,과자,파이류,케이크,매크로통상 미니초코칩케익 150G,매크로통,150G
25666,Training|Validation,과자,파이류,케이크,매크로통상 폴트초코앤헤이즐넛타르트 150G,매크로통,150G
55610,Training|Validation,과자,파이류,케이크,매크로통상본마망라스베리타르트,매크로통,135G
65628,Training|Validation,과자,파이류,케이크,매크로통상본마망레몬타르트9개입,매크로통,125G
65625,Training|Validation,과자,파이류,케이크,매크로통상본마망초코&카라멜타르트9개입,매크로통,135G
35745,Training|Validation,과자,파이류,케이크,매크로통상)미니마블케익,매크로통상,150G
45799,Training|Validation,과자,파이류,케이크,매크로통상)미니브라우니,매크로통상,150G
35744,Training|Validation,과자,파이류,케이크,매크로통상)미니초코칩케익,매크로통상,150G
45827,Training|Validation,과자,파이류,케이크,매크로통상)폴트딸기타르트,매크로통상,150G
35544,Training|Validation,과자,파이류,케이크,매크로통상)폴트살구타르트,매크로통상,150G
45783,Training|Validation,과자,파이류,케이크,미성패밀리)망고케익,미성패밀리,184G
45782,Training|Validation,과자,파이류,케이크,미성패밀리)블루베리케익,미성패밀리,184G
55051,Training|Validation,과자,파이류,케이크,미성패밀리파인애플케익,미성패밀리,184G
45829,Training|Validation,과자,파이류,케이크,여리수)프레디모레타클래식,여리수,300G
35794,Training|Validation,과자,파이류,케이크,여리수)프레디모레타티라미슈,여리수,300G
55854,Training|Validation,과자,파이류,케이크,여리수)프레디부온돌체스트로베리&요거트,여리수,250G
45772,Training|Validation,과자,파이류,케이크,여리수)프레디부온돌체초코허니,여리수,250G
55849,Training|Validation,과자,파이류,케이크,여리수)프레디부온돌체후레시밀크,여리수,250G
65029,Training|Validation,과자,파이류,케이크,오리온 오뜨쇼콜라300G,오리온,300G
65031,Training|Validation,과자,파이류,케이크,오리온 오뜨치즈288G,오리온,288G
35043,Training|Validation,과자,파이류,케이크,오리온 후레쉬베리 복숭아 336G,오리온,336G
25679,Training|Validation,과자,파이류,케이크,오리온 후레쉬베리딸기 336G,오리온,336G
35386,Training|Validation,과자,파이류,케이크,오리온)투유카페라떼,오리온,36G
A10024,Training|Validation,과자,파이류,케이크,오리온)후레쉬베리,오리온,168G
45050,Training|Validation,과자,파이류,케이크,오리온카스타드,오리온,276G
45839,Training|Validation,과자,파이류,케이크,옥산인터내셔널)말차플레이버케이크,옥산인터내셔널,72G
45811,Training|Validation,과자,파이류,케이크,옥산인터내셔널)바닐라플레이버케이크,옥산인터내셔널,72G
45808,Training|Validation,과자,파이류,케이크,옥산인터내셔널)치즈플레이버케이크,옥산인터내셔널,72G
25670,Training|Validation,과자,파이류,케이크,이마트 피코크 대만파인에플케익(펑리수) 120G,이마트,120G
25669,Training|Validation,과자,파이류,케이크,이마트 피코크 대만파인에플케익(펑리수) 270G,이마트,270G
45864,Training|Validation,과자,파이류,케이크,이멕스무역)티라미수쿠키,이멕스무역,70G
70106,Training|Validation,과자,파이류,케이크,크라운)롱스132G,크라운,132G
15434,Training|Validation,과자,파이류,케이크,크라운 롱스 220G,크라운제과,220G
65032,Training|Validation,과자,파이류,케이크,크라운베이키170G,크라운제과,170G
25227,Training|Validation,과자,파이류,케이크,크라운제과)베이키102G,크라운제과,102G
45831,Training|Validation,과자,파이류,케이크,키즈웰)파인애플케이크,키즈웰,200G
35027,Training|Validation,과자,파이류,케이크,해태 오예 미니수박192G,해태,192G
25033,Training|Validation,과자,파이류,케이크,해태 오예스 쿠키앤크림 360G,해태,360G
55606,Training|Validation,과자,파이류,케이크,해태오예스미니마스카포네치즈케익12개입,해태,192G
35811,Training|Validation,과자,파이류,케이크,효성인터내셔날)미스터브라우니블론디,효성인터내셔날,200G
45858,Training|Validation,과자,파이류,케이크,효성인터내셔날)쿠첸마이스터후르츠케익,효성인터내셔날,400G
40239,Training|Validation,과자,비스킷,쿠키,TIPO티포초코칩쿠키,TIPO,75G
30220,Training|Validation,과자,비스킷,쿠키,VENUS러쉬코코아크림쿠키다크,VENUS,136G
80193,Training|Validation,과자,비스킷,쿠키,글로벌프리미엄초콜릿칩오트쿠키,기타,80G
10258,Training|Validation,과자,비스킷,쿠키,티포녹차쿠키,기타,75G
25290,Training|Validation,과자,스낵,쿠키,거버 바나나쿠키142G,네슬레거버,142G
66040,Training|Validation,과자,비스킷,쿠키,다우에프엑스)수제머랭쿠키오리지널,다우에프엑스,25G
25647,Training|Validation,과자,비스킷,쿠키,레딕스글로비즈 릴레레몬향쿠키 130G,레딕스글로비즈,130G
25649,Training|Validation,과자,비스킷,쿠키,레딕스글로비즈 릴레초코향쿠키 130G,레딕스글로비즈,130G
25648,Training|Validation,과자,비스킷,쿠키,레딕스글로비즈 릴레클래식오리지날쿠키 130G,레딕스글로비즈,130G
80264,Training|Validation,과자,비스킷,쿠키,ABC 초코쿠키 130G,롯데제과,130G
35030,Training|Validation,과자,비스킷,쿠키,롯데 마가렛트 오리지널 396G,롯데제과,396G
15052,Training|Validation,과자,비스킷,쿠키,롯데 마가렛트 오리지널 88G,롯데제과,88G
55031,Training|Validation,과자,비스킷,쿠키,롯데 칙촉 2번들(168 2입),롯데제과,168G
A10030,Training|Validation,과자,비스킷,쿠키,롯데)마가렛트초코맘,롯데제과,396G
66192,Training|Validation,과자,비스킷,쿠키,롯데)미니초코칩쿠키,롯데제과,200G
50089,Training|Validation,과자,비스킷,쿠키,롯데)칙촉티라미수90G,롯데제과,90G
50093,Training|Validation,과자,비스킷,쿠키,롯데딸기쿠키230G,롯데제과,230G
80103,Training|Validation,과자,비스킷,쿠키,롯데마가렛트176G,롯데제과,176G
25010,Training|Validation,과자,비스킷,쿠키,롯데애플쨈 쿠키 230G,롯데제과,230G
35754,Training|Validation,과자,비스킷,쿠키,롯데제과)랑드샤쿠키,롯데제과,91G
75008,Training|Validation,과자,비스킷,쿠키,롯데제과)칙촉초콜릿이덩어리째브라우니,롯데제과,160G
30088,Training|Validation,과자,비스킷,쿠키,롯데칙촉90G,롯데제과,90G
65723,Training|Validation,과자,비스킷,쿠키,롯데칙촉오리지날,롯데제과,180G
65720,Training|Validation,과자,비스킷,쿠키,롯데칙촉티라미수12+4봉 더드림,롯데제과,240G
15898,Training|Validation,과자,비스킷,쿠키,매크로통상 로마마리에골드비스킷240G,매크로통,240G
25675,Training|Validation,과자,비스킷,쿠키,매크로통상 필레블루레몬앤아몬드쿠키 150G,매크로통,150G
15737,Training|Validation,과자,비스킷,쿠키,미성패밀리 크리스피크레페스트로베리향 78G,미성패밀리,78G
15800,Training|Validation,과자,비스킷,쿠키,미성패밀리 화이트캐슬초콜릿칩버터쿠키150G,미성패밀리,150G
35805,Training|Validation,과자,비스킷,쿠키,미성패밀리)파워쿠키위드모찌바나나맛,미성패밀리,80G
35804,Training|Validation,과자,비스킷,쿠키,미성패밀리)파워쿠키위드모찌초콜릿맛,미성패밀리,80G
55818,Training|Validation,과자,비스킷,쿠키,미성패밀리)허쉬초콜릿베리쿠키12개입,미성패밀리,144G
65881,Training|Validation,과자,비스킷,쿠키,미성패밀리)화이트캐슬버터쿠키,미성패밀리,125G
65885,Training|Validation,과자,비스킷,쿠키,미성패밀리)화이트캐슬초콜릿칩버터쿠키,미성패밀리,125G
65038,Training|Validation,과자,비스킷,쿠키,미성패밀리허쉬초코크림샌드위치쿠키,미성패밀리,100G
65037,Training|Validation,과자,비스킷,쿠키,미성패밀리허쉬초콜릿칩쿠키,미성패밀리,144G
15093,Training|Validation,과자,스낵,쿠키,허쉬 세미 스위트 초콜릿 칩 100G,미성패밀리,100G
15087,Training|Validation,과자,스낵,쿠키,허쉬 스페셜 다크 칩스 100G,미성패밀리,100G
70221,Training|Validation,과자,비스킷,쿠키,비너스러쉬코코아크림에스프레소,비너스러,120G
25593,Training|Validation,과자,비스킷,쿠키,삼립 카페메이트 바닐라초코칩쿠키 180G,삼립 카,180G
25592,Training|Validation,과자,비스킷,쿠키,삼립 카페메이트 초코초코칩쿠키 180G,삼립 카,180G
45464,Training|Validation,과자,비스킷,쿠키,서영이앤티)밀카무,서영이앤티,200G
45852,Training|Validation,과자,비스킷,쿠키,스위트드림)달곰프란찌녹차크림쿠키,스위트드림,58G
45791,Training|Validation,과자,비스킷,쿠키,스위트드림)달곰프란찌다크초코쿠키,스위트드림,58G
35785,Training|Validation,과자,비스킷,쿠키,스위트드림)달곰프란찌요거트초코쿠키,스위트드림,58G
45805,Training|Validation,과자,비스킷,쿠키,스위트스페이스)다크초코밀라노쿠키,스위트스페이스,170G
35746,Training|Validation,과자,비스킷,쿠키,스위트스페이스)베로나스트로베리쿠키,스위트스페이스,191G
45803,Training|Validation,과자,비스킷,쿠키,스위트스페이스)초콜릿천크난투켓,스위트스페이스,204G
55856,Training|Validation,과자,비스킷,쿠키,스위트스페이스)초콜릿천크소살리토밀크초콜릿20%,스위트스페이스,204G
15970,Training|Validation,과자,비스킷,쿠키,롯데쇼핑 스위트허그밀크비스켓300G,스위트허그,300G
45966,Training|Validation,과자,비스킷,쿠키,신흥제과)초코칩쿠키,신흥제과,230G
25839,Training|Validation,과자,비스킷,쿠키,아리랑지에프 에스메랄다코코아앤드코팅드롭스150G,아리랑지에프,150G
25236,Training|Validation,과자,스낵,쿠키,아이배냇)꼬마쿠키동물친구80G,아이배냇,80G
25237,Training|Validation,과자,스낵,쿠키,아이배냇)꽃님친구80G,아이배냇,80G
15964,Training|Validation,과자,비스킷,쿠키,에이스엠엔티 벨비타브랙퍼스트밀크&비스켓80G,에이스엠엔티,80G
15963,Training|Validation,과자,비스킷,쿠키,에이스엠엔티 벨비타브랙퍼스트허니&초콜릿80G,에이스엠엔티,80G
15735,Training|Validation,과자,비스킷,쿠키,예스통상 맥비티다이제스티브 250G,예스통산,250G
15076,Training|Validation,과자,비스킷,쿠키,오리온 다이제 통밀28% 194G,오리온,194G
25600,Training|Validation,과자,비스킷,쿠키,오리온 초코칩쿠키 256G,오리온,256G
15709,Training|Validation,과자,비스킷,쿠키,오리온 촉촉한초코칩 240G,오리온,240G
25599,Training|Validation,과자,비스킷,쿠키,오리온 촉촉한초코칩 240G,오리온,240G
25597,Training|Validation,과자,비스킷,쿠키,오리온 촉촉한초코칩 320G,오리온,320G
25234,Training|Validation,과자,비스킷,쿠키,오리온)단호박쌀쿠키66G,오리온,66G
80104,Training|Validation,과자,비스킷,쿠키,오리온)배배80G,오리온,80G
45161,Training|Validation,과자,비스킷,쿠키,오리온)초코칩쿠키90G,오리온,90G
45164,Training|Validation,과자,비스킷,쿠키,오리온)치즈쌀쿠키62G,오리온,62G
A40031,Training|Validation,과자,비스킷,쿠키,오리온단호박쌀쿠키,오리온,66g
A30032,Training|Validation,과자,비스킷,쿠키,오리온우유쌀쿠키,오리온,67g
65047,Training|Validation,과자,비스킷,쿠키,오리온초초칩쿠키미니,오리온,90G
A40034,Training|Validation,과자,비스킷,쿠키,오리온치즈쌀쿠키,오리온,62g
15736,Training|Validation,과자,비스킷,쿠키,오성물산 크리스피크레페딸기밀크맛 90G,오성물산,90G
45816,Training|Validation,과자,비스킷,쿠키,오성물산)오트크런치쿠키코코아맛,오성물산,100G
45814,Training|Validation,과자,비스킷,쿠키,오성물산)초콜릿크림쿠키,오성물산,112.5G
15801,Training|Validation,과자,비스킷,쿠키,오성물산코리아 듀베리딸기330G,오성물산,330G
25821,Training|Validation,과자,비스킷,쿠키,오성물산코리아 쇼트브레드초콜릿맛쿠키100G,오성물산,100G
25822,Training|Validation,과자,비스킷,쿠키,오성물산코리아 코코넛쿠키100G,오성물산,100G
45804,Training|Validation,과자,비스킷,쿠키,오성물산코리아)듀베리블루베리,오성물산,330G
65882,Training|Validation,과자,비스킷,쿠키,오성물산코리아)쇼트브레드밀크맛쿠키,오성물산,100G
90229,Training|Validation,과자,비스킷,쿠키,오성물산티포버터쿠키,오성물산,75G
65922,Training|Validation,과자,비스킷,쿠키,원더풀에프앤비비스키탑버터카라멜비스킷,원더풀에프앤비,100G
35809,Training|Validation,과자,비스킷,쿠키,원더풀에프엔비)미니테디스허니,원더풀에프엔비,168G
45817,Training|Validation,과자,비스킷,쿠키,원더풀에프엔비)비스키탑커피카라멜비스킷,원더풀에프엔비,100G
65892,Training|Validation,과자,비스킷,쿠키,원더풀에프엔비)칩오브조이초콜릿칩쿠키,원더풀에프엔비,100G
35599,Training|Validation,과자,비스킷,쿠키,이마트 로얄단스크 버터앤초콜릿칩쿠키 454G,이마트,454G
25588,Training|Validation,과자,비스킷,쿠키,이마트 피코크 쿠키프렌즈 255G,이마트,255G
75006,Training|Validation,과자,비스킷,쿠키,이마트)동물쿠키몽키,이마트,175G
75004,Training|Validation,과자,비스킷,쿠키,이마트)동물쿠키베어,이마트,175G
35562,Training|Validation,과자,비스킷,쿠키,이마트)초코칩브라우니쿠키,이마트,150G
55609,Training|Validation,과자,파이류,쿠키,이마트에그롤쿠키,이마트,125G
A40014,Training|Validation,과자,비스킷,쿠키,(주)이마트24초코칩 쿠키,이마트24,400g
A40013,Training|Validation,과자,비스킷,쿠키,(주)이마트24코코넛 쿠키,이마트24,400g
25724,Training|Validation,과자,비스킷,쿠키,이멕스무역 유에프오 140G,이멕스무역,140G
65917,Training|Validation,과자,비스킷,쿠키,이멕스무역)TATAWA초콜릿케이크쿠키(초콜릿쿠키),이멕스무역,70G
35808,Training|Validation,과자,비스킷,쿠키,이멕스무역)디럭스넛칩쿠키,이멕스무역,85G
45825,Training|Validation,과자,비스킷,쿠키,이멕스무역)블루베리잼쿠키,이멕스무역,70G
45824,Training|Validation,과자,비스킷,쿠키,이멕스무역)비첸조보,이멕스무역,200G
45830,Training|Validation,과자,비스킷,쿠키,이멕스무역)사과잼쿠키,이멕스무역,70G
45796,Training|Validation,과자,비스킷,쿠키,이멕스무역)쇼트브래드쿠키,이멕스무역,80G
55787,Training|Validation,과자,비스킷,쿠키,이멕스무역)코메츠6팩,이멕스무역,140G
55817,Training|Validation,과자,비스킷,쿠키,이멕스무역)탑퍼초콜릿웨이퍼스틱,이멕스무역,100G
45986,Training|Validation,과자,비스킷,쿠키,제이에이치디인터내셔널)블랙슈가버블밀크티누가쿠키,제이에이치디인터내셔널,144G
A40030,Training|Validation,과자,비스킷,쿠키,(주)천하코퍼레이션소프트블루베리머핀쿠키,천하코퍼레이션,210g
A30033,Training|Validation,과자,비스킷,쿠키,(주)천하코퍼레이션트리플초콜릿쿠키,천하코퍼레이션,200g
15699,Training|Validation,과자,비스킷,쿠키,천하코퍼레이션 보르그레베링비스킷 400G,천하코퍼레이션,400G
25663,Training|Validation,과자,비스킷,쿠키,천하코퍼레이션 보르그레베숏브레드비스킷 200G,천하코퍼레이션,200G
65812,Training|Validation,과자,비스킷,쿠키,천하코퍼레이션)보르그레베코코넛쿠키,천하코퍼레이션,200G
35747,Training|Validation,과자,비스킷,쿠키,천하코퍼레이션)화이트초코&크랜베리쿠키,천하코퍼레이션,200G
85015,Training|Validation,과자,비스킷,쿠키,천하코퍼레이션더블초콜릿쿠키,천하코퍼레이션,200G
65052,Training|Validation,과자,비스킷,쿠키,천하코퍼레이션소프트머핀쿠키,천하코퍼레이션,210G
85014,Training|Validation,과자,비스킷,쿠키,천하코퍼레이션화이트초코&크랜베리쿠키,천하코퍼레이션,200G
25044,Training|Validation,과자,비스킷,쿠키,청우 오리지널 찰떡쿠키 107.5G,청우,107.5G
35040,Training|Validation,과자,비스킷,쿠키,청우 쫀득 초코칩 240G,청우,240G
55607,Training|Validation,과자,파이류,쿠키,청우그랑쉘얼그레이10개입,청우,190G
55048,Training|Validation,과자,비스킷,쿠키,청우브루느와,청우,82.5G
65036,Training|Validation,과자,비스킷,쿠키,청우브루느와브라우니쿠키,청우,165G
15971,Training|Validation,과자,비스킷,쿠키,청우식품 허쉬초콜릿칩모찌쿠키240G,청우,240G
45226,Training|Validation,과자,비스킷,쿠키,청우식품)브루느와82.5G,청우식품,82.5G
A20028,Training|Validation,과자,비스킷,쿠키,청우식품)우유먹은공룡,청우식품,60G
25229,Training|Validation,과자,비스킷,쿠키,청우식품)플랑딸기타르트쿠키160G,청우식품,160G
40238,Training|Validation,과자,비스킷,쿠키,Global premiumSDN코코넛쿠키,칼렌베르크,80G
25805,Training|Validation,과자,비스킷,쿠키,케이비인터내셔널 몬테고초코바나나쿠키80G,케이비인터내셔널,80G
55819,Training|Validation,과자,비스킷,쿠키,케이비인터내셔널)몬테고초코말차쿠키8개입,케이비인터내셔널,80G
55055,Training|Validation,과자,비스킷,쿠키,큐원홈메이드초코칩쿠키340G,큐원,340G
70117,Training|Validation,과자,비스킷,쿠키,크라운)빅쿠키33G,크라운,33G
25225,Training|Validation,과자,비스킷,쿠키,크라운)초코칩쿠키미니270G,크라운,270G
75009,Training|Validation,과자,비스킷,쿠키,크라운)쿠크다스비엔나커피,크라운,288G
15704,Training|Validation,과자,비스킷,쿠키,크라운 그랑쉘사과 195G,크라운제과,195G
65030,Training|Validation,과자,비스킷,쿠키,크라운 그레이스(298G),크라운제과,298G
70283,Training|Validation,과자,비스킷,쿠키,크라운 속깊은맘쿠키 111G,크라운제과,111G
25667,Training|Validation,과자,비스킷,쿠키,크라운 속깊은맘쿠키 222G,크라운제과,222G
25041,Training|Validation,과자,비스킷,쿠키,크라운 옹골진 오곡쿠키 192G,크라운제과,192G
25598,Training|Validation,과자,비스킷,쿠키,크라운 쫀득초코칩 240G,크라운제과,240G
35031,Training|Validation,과자,비스킷,쿠키,크라운 초코하임 142G,크라운제과,142G
55032,Training|Validation,과자,비스킷,쿠키,크라운 초코하임 284G,크라운제과,284G
25027,Training|Validation,과자,비스킷,쿠키,크라운 쵸코하임 47G,크라운제과,47G
15036,Training|Validation,과자,비스킷,쿠키,크라운 쿠크다스 케이크 154G,크라운제과,154G
35026,Training|Validation,과자,비스킷,쿠키,크라운 쿠크다스 케이크 사르르 순크림 77G,크라운제과,77G
65035,Training|Validation,과자,비스킷,쿠키,크라운 쿠크다스 화이트 288G,크라운제과,288G
15030,Training|Validation,과자,비스킷,쿠키,크라운 쿠크다스 화이트토르테 64G,크라운제과,64G
15707,Training|Validation,과자,비스킷,쿠키,크라운 쿠크다스케이크 140G,크라운제과,140G
15969,Training|Validation,과자,비스킷,쿠키,크라운 쿠크다스케이크사르르순크림154G,크라운제과,154G
45038,Training|Validation,과자,비스킷,쿠키,크라운 화이트하임 284G,크라운제과,284G
25028,Training|Validation,과자,비스킷,쿠키,크라운 화이트하임 47G,크라운제과,47G
50145,Training|Validation,과자,비스킷,쿠키,크라운롱화이트하임47G,크라운제과,47G
70172,Training|Validation,과자,비스킷,쿠키,크라운뽀로로와친구들치즈맛65G,크라운제과,65g
70173,Training|Validation,과자,비스킷,쿠키,크라운뽀로로와친구들플레인65G,크라운제과,65g
55038,Training|Validation,과자,비스킷,쿠키,크라운옹골진오곡쿠키,크라운제과,192G
65623,Training|Validation,과자,비스킷,쿠키,크라운옹골진오곡쿠키24봉입,크라운제과,288G
65719,Training|Validation,과자,비스킷,쿠키,크라운제과쿠크다스화이트에디션,크라운제과,324G
60090,Training|Validation,과자,비스킷,쿠키,크라운초코하임47G,크라운제과,47g
80101,Training|Validation,과자,비스킷,쿠키,크라운쿠크다스커피128G,크라운제과,128G
80094,Training|Validation,과자,비스킷,쿠키,크라운쿠크다스커피72G,크라운제과,72g
80100,Training|Validation,과자,비스킷,쿠키,크라운쿠크다스화이트128G,크라운제과,128G
70095,Training|Validation,과자,비스킷,쿠키,크라운쿠크다스화이트72G,크라운제과,72g
25825,Training|Validation,과자,비스킷,쿠키,투데이 딜라이트블루베리필드쿠키120G,투데이,120G
65918,Training|Validation,과자,비스킷,쿠키,투데이)딜라이트스트로베리필드쿠키,투데이,120G
55815,Training|Validation,과자,비스킷,쿠키,투데이)딜라이트피그필드쿠키10개입,투데이,120G
45806,Training|Validation,과자,비스킷,쿠키,투데이)챔프초콜릿쿠키다크,투데이,120G
65877,Training|Validation,과자,비스킷,쿠키,투데이)챔프초콜릿쿠키오리지널,투데이,120G
20253,Training|Validation,과자,비스킷,쿠키,투데이허쉬코코아크림쿠키모자익,투데이,136G
60208,Training|Validation,과자,비스킷,쿠키,투데일러쉬코코아크림쿠키오리지널,투데이,136G
35758,Training|Validation,과자,비스킷,쿠키,티디에프코리아)생미쉘빨레트,티디에프코리아,150G
25664,Training|Validation,과자,비스킷,쿠키,로투스베이커리즈코리아 안나생강맛틴 150G,한국로투스,150G
15050,Training|Validation,과자,비스킷,쿠키,로투스베이커리즈코리아) 로투스 비스코프 250G,한국로투스,250G
65732,Training|Validation,과자,비스킷,쿠키,로투스베이커즈코리아안나카푸치노향틴,한국로투스,150G
60105,Training|Validation,과자,비스킷,쿠키,로투스비스킷6*2P,한국로투스,93G
70168,Training|Validation,과자,비스킷,쿠키,한진식품)로투스비스코프125G,한진식품,125G
25029,Training|Validation,과자,비스킷,쿠키,해태 사브레 252G,해태,252G
25035,Training|Validation,과자,비스킷,쿠키,해태 사브레 315G,해태,315G
A10029,Training|Validation,과자,비스킷,쿠키,해태)버터링,해태,302G
40109,Training|Validation,과자,비스킷,쿠키,해태칼로리바란스76G,해태,76G
55396,Training|Validation,과자,비스킷,쿠키,해태칼로리바란스파인애플,해태,76G
80098,Training|Validation,과자,비스킷,쿠키,해태버터링86G,해태제과식품,86G
90066,Training|Validation,과자,비스킷,쿠키,해태사브레105G,해태제과식품,105G
50099,Training|Validation,과자,비스킷,쿠키,해태사브레84G,해태제과식품,84G
25178,Training|Validation,과자,비스킷,쿠키,홈플러스)고다 치즈 바이트75G,홈플러스,75G
25164,Training|Validation,과자,비스킷,쿠키,홈플러스)진저 씬 오리지널150G,홈플러스,150G
45160,Training|Validation,과자,비스킷,쿠키,홈플러스)진저씬레몬150G,홈플러스,150G
45277,Training|Validation,과자,스낵,쿠키,홈플러스)프랑스팔미에르비스켓100G,홈플러스,100G
15897,Training|Validation,과자,비스킷,쿠키,효성인터내셔날 코코아크림다크초콜릿쿠키130G,효성인터내셔날,130G
66187,Training|Validation,과자,비스킷,쿠키,효성인터내셔널)미니비엔밀크하트,효성인터내셔날,175G
30221,Training|Validation,과자,비스킷,크래커,MAYORA커피죠이,MAYORA,90G
25714,Training|Validation,과자,비스킷,크래커,끄레몽에프앤비 듀크솔티드미니크래커 150G,끄레몽에프엔비,150G
55690,Training|Validation,과자,비스킷,크래커,다인인터내셔널게리치즈크래커,다인인터내셔널,110G
A20023,Training|Validation,과자,비스킷,크래커,동서식품)리츠크래커,동서식품,80G
45777,Training|Validation,과자,비스킷,크래커,동원)참치와크래커(고소마요),동원F&B,128G
55029,Training|Validation,과자,비스킷,크래커,롯데 빈츠 204G,롯데제과,204G
40314,Training|Validation,과자,비스킷,크래커,롯데 빈츠 76G,롯데제과,76G
15044,Training|Validation,과자,비스킷,크래커,롯데 야채 크래커 249G,롯데제과,249G
35038,Training|Validation,과자,비스킷,크래커,롯데 제크 300G,롯데제과,300G
35028,Training|Validation,과자,비스킷,크래커,롯데 카라멜맛 크래커 200G,롯데제과,200G
30099,Training|Validation,과자,비스킷,크래커,롯데)빠다코코낫100G,롯데제과,100G
A10032,Training|Validation,과자,비스킷,크래커,롯데)제크,롯데제과,300G
70174,Training|Validation,과자,비스킷,크래커,롯데)제크샌드콘버터맛74G,롯데제과,74G
30100,Training|Validation,과자,비스킷,크래커,롯데)제크오리지날100G,롯데제과,100G
50098,Training|Validation,과자,비스킷,크래커,롯데)제크찐치즈칩54G,롯데제과,54G
90093,Training|Validation,과자,비스킷,크래커,롯데)하비스트달콤고소100G,롯데제과,100G
55050,Training|Validation,과자,비스킷,크래커,롯데빠다코코낫,롯데제과,300G
15026,Training|Validation,과자,비스킷,크래커,롯데빠다코코낫 300G,롯데제과,300G
90095,Training|Validation,과자,비스킷,크래커,롯데야채크래커83G,롯데제과,83G
25827,Training|Validation,과자,비스킷,크래커,명도물산 로마티라미수맛크래커120G,명도물산,120G
25826,Training|Validation,과자,비스킷,크래커,명도물산 쥬떼르치즈크래커138G,명도물산,138G
45801,Training|Validation,과자,비스킷,크래커,빌그린)크릭살라티크래커,빌그린,250G
45800,Training|Validation,과자,비스킷,크래커,빌그린)크릭크래커,빌그린,250G
45802,Training|Validation,과자,비스킷,크래커,빌그린)크릭통밀크래커,빌그린,250G
25837,Training|Validation,과자,비스킷,크래커,신아교역상사 세레나솔트치즈크랙커비스킷200G,신아교역,200G
25834,Training|Validation,과자,비스킷,크래커,아띠인터내셔널 말키스트크래커125G,아띠인터내셔널,125G
45773,Training|Validation,과자,비스킷,크래커,아띠인터내셔널)반두아코코넛델리,아띠인터내셔널,150G
45965,Training|Validation,과자,비스킷,크래커,엠에스앤에이)스카이플레이크스윗버터크림향,엠에스앤에이,300G
65034,Training|Validation,과자,비스킷,크래커,오리온 고소미 12P 216G,오리온,216G
25043,Training|Validation,과자,비스킷,크래커,오리온 다이제 초코 312G,오리온,312G
25594,Training|Validation,과자,비스킷,크래커,오리온 다이제미니320G,오리온,320G
25595,Training|Validation,과자,비스킷,크래커,오리온 다이제씬252G,오리온,252G
25603,Training|Validation,과자,비스킷,크래커,오리온 마켓오 리얼크래커초코 144G,오리온,144G
60196,Training|Validation,과자,비스킷,크래커,오리온 마켓오 초코크래커,오리온,96g
25602,Training|Validation,과자,비스킷,크래커,오리온 쿠쉬쿠쉬갈릭바게트맛 196.8G,오리온,196.8G
65028,Training|Validation,과자,비스킷,크래커,오리온 쿠쉬쿠쉬크루아상맛 196G,오리온,196.8G
30094,Training|Validation,과자,비스킷,크래커,오리온)고소미2P 70G,오리온,70G
45222,Training|Validation,과자,비스킷,크래커,오리온)고소미35G,오리온,35G
20207,Training|Validation,과자,비스킷,크래커,오리온)쿠쉬쿠쉬2P 65.6G,오리온,65.6G
45224,Training|Validation,과자,비스킷,크래커,오리온)쿠쉬쿠쉬갈릭바게트맛32.8G,오리온,32.8G
45223,Training|Validation,과자,비스킷,크래커,오리온)쿠쉬쿠쉬크루아상맛32.8G,오리온,32.8G
20085,Training|Validation,과자,비스킷,크래커,오리온고소미80G,오리온,80g
45041,Training|Validation,과자,비스킷,크래커,오리온다이제,오리온,117G
55053,Training|Validation,과자,비스킷,크래커,오리온다이제,오리온,351G
45043,Training|Validation,과자,비스킷,크래커,오리온다이제미니240G,오리온,240G
20202,Training|Validation,과자,비스킷,크래커,오리온다이제씬84G,오리온,84G
55046,Training|Validation,과자,비스킷,크래커,오리온다이제초코,오리온,104G
30138,Training|Validation,과자,비스킷,크래커,오리온다이제초코225G,오리온,225G
60147,Training|Validation,과자,비스킷,크래커,오리온닥터유다이제194G,오리온,194G
65886,Training|Validation,과자,비스킷,크래커,오성물산코리아)크리스피크레페초콜릿맛,오성물산,90G
70209,Training|Validation,과자,비스킷,크래커,오성물산크징클커피비스킷,오성물산,190ML
15967,Training|Validation,과자,비스킷,크래커,롯데쇼핑 온리프라이스코코넛비스킷100G*2,온리프라이스,200G
45812,Training|Validation,과자,비스킷,크래커,원인터내셔날)부르본바닐라향비스킷,원인터내셔날,175G
25662,Training|Validation,과자,비스킷,크래커,이마트 쏠티드크래커 250G,이마트,250G
55691,Training|Validation,과자,비스킷,크래커,이마트티타임비스킷벨기에산,이마트,146G
25833,Training|Validation,과자,비스킷,크래커,이멕스무역 하타리말키스트크래커치즈맛120G,이멕스무역,120G
35770,Training|Validation,과자,비스킷,크래커,이멕스무역)하타리말키스트설탕맛크래커,이멕스무역,144G
35826,Training|Validation,과자,비스킷,크래커,이멕스무역)하타리코코퍼프커피맛,이멕스무역,170G
35788,Training|Validation,과자,비스킷,크래커,이엑스)다낭콘크래커로스티드플래이버,이엑스,95G
45967,Training|Validation,과자,비스킷,크래커,제이에이치디인터내셔널)오리지날누가크래커,제이에이치디인터내셔널,140G
45983,Training|Validation,과자,비스킷,크래커,제이에이치디인터내셔널)커피누가크래커,제이에이치디인터내셔널,160G
30089,Training|Validation,과자,비스킷,크래커,크라운)소복소복소보로60G,크라운,60G
25052,Training|Validation,과자,비스킷,크래커,크라운 참크래커 56G,크라운제과,56G
30097,Training|Validation,과자,비스킷,크래커,크라운)참아이엔지치즈레몬135G,크라운제과,135G
30095,Training|Validation,과자,비스킷,크래커,크라운)참아이엔지치즈크림135G,크라운제과,135G
40181,Training|Validation,과자,비스킷,크래커,크라운그레이스85G,크라운제과,85G
35247,Training|Validation,과자,비스킷,크래커,크라운제과)소복소복소보로240G,크라운제과,240G
25032,Training|Validation,과자,비스킷,크래커,크라운참크래커280G,크라운제과,280G
45828,Training|Validation,과자,비스킷,크래커,투데이)비파핑거비스킷,투데이,780G
45964,Training|Validation,과자,비스킷,크래커,티디에프코리아)발로코포글리에티네슈가,티디에프코리아,200G
25832,Training|Validation,과자,비스킷,크래커,티플러스코리아 올레즈초코파티100G,티플러스코리아,100G
35783,Training|Validation,과자,비스킷,크래커,로투스베이커즈코리아)안나오렌지맛틴,한국로투스,150G
25034,Training|Validation,과자,비스킷,크래커,해태 에이스 436G,해태,436G
50096,Training|Validation,과자,비스킷,크래커,해태)아이비아몬드블라썸89G,해태,89G
30091,Training|Validation,과자,비스킷,크래커,해태)초코틴틴88G,해태,88G
65191,Training|Validation,과자,비스킷,크래커,해태아이비,해태,155G
45045,Training|Validation,과자,비스킷,크래커,해태아이비155G,해태,155G
65457,Training|Validation,과자,비스킷,크래커,해태에이스(10개입),해태,970G
55687,Training|Validation,과자,비스킷,크래커,해태초코틴틴18봉지,해태,264G
20123,Training|Validation,과자,비스킷,크래커,해태에이스121G,해태제과식품,121G
25812,Training|Validation,과자,비스킷,크래커,효성인터내셔날 파라인크래커150G,효성인터내셔날,150G
35749,Training|Validation,과자,비스킷,크래커,효성인터내셔날)미니크리스피크래커,효성인터내셔날,150G
30058,Training|Validation,과자,비스킷,크레커,해태아이비270G,해태제과식품,270G
55833,Training|Validation,과자,껌류,토이껌류,보람비티)더블검블(추잉껌)(노랑),보람비티,35G
55832,Training|Validation,과자,껌류,토이껌류,보람비티)슬램덩크(추잉껌)농구대있음(빨강),보람비티,19G
55839,Training|Validation,과자,껌류,토이껌류,보람비티)슬램덩크(추잉껌)농구대있음(초록),보람비티,19G
70112,Training|Validation,과자,껌류,토이껌류,해태)포키즈네일스티커10G,해태,10G
70111,Training|Validation,과자,껌류,토이껌류,해태)프리파라티켓머신10G,해태,10G
10234,Training|Validation,과자,캔디,토이캔디,빅 입속에서 와다닥 콜라향,기타,10G
35394,Training|Validation,과자,캔디,토이캔디,나무)수박모양캔디박스,나뭉인터내셔널,25G
25396,Training|Validation,과자,캔디,토이캔디,나무인터내셔널 시크릿쥬쥬립스틱캔디 40G,나뭉인터내셔널,40G
25388,Training|Validation,과자,캔디,토이캔디,나무인터내셔널 오렌지모양 캔디박스 25G,나뭉인터내셔널,25G
25385,Training|Validation,과자,캔디,토이캔디,"리틀토이 초코락2(가위바위보,주황) 10G",리틀토이,10G
25386,Training|Validation,과자,캔디,토이캔디,"리틀토이 초코락2(가위바위보,파랑) 10G",리틀토이,10G
25383,Training|Validation,과자,캔디,토이캔디,리틀토이 초코락2(연두색) 10G,리틀토이,10G
25384,Training|Validation,과자,캔디,토이캔디,리틀토이 초코릭2(주황색) 10G,리틀토이,10G
35773,Training|Validation,과자,캔디,토이캔디,미스티)헬로키티스티커스탬프캔디(빨강),미스티,6G
35799,Training|Validation,과자,캔디,토이캔디,미스티)헬로키티스티커스탬프캔디(핑크),미스티,6G
65895,Training|Validation,과자,캔디,토이캔디,바로인터내셔널)신비아파트고스트록캔디(레고블럭모양),바로인터내셔널,60G
25775,Training|Validation,과자,캔디,토이캔디,보람비티 슬램덩크(파랑)19G,보람비티,19G
15808,Training|Validation,과자,캔디,토이캔디,보람비티 안녕자두야미니자판기(노랑),보람비티,10G
15809,Training|Validation,과자,캔디,토이캔디,보람비티 안녕자두야미니자판기(핑크),보람비티,10G
15810,Training|Validation,과자,캔디,토이캔디,보람비티 안녕자두야미니자판기(하늘),보람비티,10G
35801,Training|Validation,과자,캔디,토이캔디,보람비티)별사탕별의망원경(민트색),보람비티,20G
35802,Training|Validation,과자,캔디,토이캔디,보람비티)별사탕별의망원경(연한보라색),보람비티,20G
45847,Training|Validation,과자,캔디,토이캔디,스위트드림)달곰쿡몽글몽글소다향,스위트드림,21G
45846,Training|Validation,과자,캔디,토이캔디,스위트드림)달곰쿡몽글몽글포도맛,스위트드림,21G
45848,Training|Validation,과자,캔디,토이캔디,스위트드림)달곰쿡버블실험실,스위트드림,19G
35798,Training|Validation,과자,캔디,토이캔디,에스엔케이글로벌)유에프오스피너(합성딸기향함유)(분홍색),에스엔케이글로벌,11G
55840,Training|Validation,과자,캔디,토이캔디,에이플러스)뽀로로와친구들캔디자판기(보라색옷),에이플러스,15G
25777,Training|Validation,과자,캔디,토이캔디,엘투커뮤니케이션즈 아이알파캔디15G,엘투커뮤니케이션즈,15G
55826,Training|Validation,과자,캔디,토이캔디,엘투커뮤니케이션즈)콩순이아이스크림머신아이알파캔디(핑크),엘투커뮤니케이션즈,15G
55843,Training|Validation,과자,캔디,토이캔디,엘투커뮤니케이션즈)콩순이아이스크림머신아이알파캔디(하늘색),엘투커뮤니케이션즈,15G
55827,Training|Validation,과자,캔디,토이캔디,엘투커뮤니케이션즈)콩순이자판기캔디(빨강),엘투커뮤니케이션즈,15G
55825,Training|Validation,과자,캔디,토이캔디,엘투커뮤니케이션즈)콩순이케이크하우스아이알파캔디(핑크),엘투커뮤니케이션즈,15G
25778,Training|Validation,과자,캔디,토이캔디,예은상사 스위트도저5G,예은상사,5G
55831,Training|Validation,과자,캔디,토이캔디,예은상사)레스큐(캔디류)(자동차모양),예은상사,12G
35842,Training|Validation,과자,캔디,토이캔디,유앤아이트레이드)L.O.L서프라이즈키링(분홍색),유앤아이트레아드,10G
35841,Training|Validation,과자,캔디,토이캔디,유앤아이트레이드)L.O.L서프라이즈키링(빨강색),유앤아이트레아드,10G
45857,Training|Validation,과자,캔디,토이캔디,이멕스무역)스폰지밥매직헤어캔디딸기우유향,이멕스무역,36G
45837,Training|Validation,과자,캔디,토이캔디,이멕스무역)스폰지밥매직헤어캔디요구르트향,이멕스무역,36G
25382,Training|Validation,과자,캔디,토이캔디,일신국제무역 빅보틀팝콜라향 32G,일신국제무역,32G
25381,Training|Validation,과자,캔디,토이캔디,일신국제무역 트리플파워 푸시팝 34G,일신국제무역,34G
25380,Training|Validation,과자,캔디,토이캔디,일신국제무역 푸시팝 그레이프&소다향 15G,일신국제무역,15G
25379,Training|Validation,과자,캔디,토이캔디,일신국제무역 푸시팝 스트로베리&콜라향 15G,일신국제무역,15G
65845,Training|Validation,과자,토이,토이캔디,일신국제무역)빅보틀팝스트로베리향(젖병모양),일신국제무역,32G
45833,Training|Validation,과자,캔디,토이캔디,지누상사)몽키스윙,지누상사,13G
35797,Training|Validation,과자,캔디,토이캔디,지누상사)몽키스윙(원숭이갈색통분홍색),지누상사,13G
35796,Training|Validation,과자,캔디,토이캔디,지누상사)몽키스윙(원숭이보라색통주황색),지누상사,13G
55844,Training|Validation,과자,캔디,토이캔디,"지누상사)와키몽키(갈색원숭이,갈색원통)",지누상사,12G
55828,Training|Validation,과자,캔디,토이캔디,투데이)캐쳐토이캔디(핑크),투데이,15G
45775,Training|Validation,과자,캔디,토이캔디,한투인터내셔널)LED캔디(빨강색),한투,10G
45774,Training|Validation,과자,캔디,토이캔디,한투인터내셔널)LED캔디(초록색),한투,10G
15623,Training|Validation,과자,파이류,파이,롯데 명가찰떡파이 375G,롯데제과,375G
15035,Training|Validation,과자,파이류,파이,롯데 몽쉘 오리지날 생크림케이크 384G,롯데제과,384G
50091,Training|Validation,과자,파이류,파이,롯데)명가찰떡초코225G,롯데제과,225G
30092,Training|Validation,과자,파이류,파이,롯데)엄마손파이127G,롯데제과,127G
80105,Training|Validation,과자,파이류,파이,롯데몽쉘크림192G,롯데제과,192G
55688,Training|Validation,과자,파이류,파이,롯데제과허쉬카카오파이12봉,롯데제과,420G
45036,Training|Validation,과자,파이류,파이,롯데찰떡파이인절미300G,롯데제과,300G
20325,Training|Validation,과자,파이류,파이,롯데초코파이420G,롯데제과,420G
15732,Training|Validation,과자,파이류,파이,삼립 누네띠네 500G,삼립 누,500G
65921,Training|Validation,과자,파이류,파이,스위트스에이스)미니스낵패스트리크림,스위트스에이스,125G
65920,Training|Validation,과자,파이류,파이,스위트스페이스)미니스낵헤이즐넛크림,스위트스페이스,125G
35821,Training|Validation,과자,파이류,파이,에코에프엔비)몬데겐지레이즌파이비스킷,에코에프엔비,85G
35822,Training|Validation,과자,파이류,파이,에코에프엔비)몬데겐지소프트파이비스킷,에코에프엔비,85G
35825,Training|Validation,과자,파이류,파이,에코에프엔비)몬데겐지오리지날파이비스킷,에코에프엔비,70G
35046,Training|Validation,과자,파이류,파이,오리온 찰초코파이 흑임자 336G,오리온,336G
20142,Training|Validation,과자,파이류,파이,오리온)초코파이(12입)468G,오리온,468G
A10031,Training|Validation,과자,파이류,파이,오리온)초코파이인절미,오리온,336G
65033,Training|Validation,과자,파이류,파이,오리온초코파이바나나444G,오리온,444G
25036,Training|Validation,과자,파이류,파이,청우 뽀로로 미니 초코파이사과맛 107.5G,청우,107.5G
15027,Training|Validation,과자,파이류,파이,청우 뽀로로 미니초코파이 블루베리맛 107.5G,청우,107.5G
55027,Training|Validation,과자,파이류,파이,청우뽀로로미니초코파이딸기맛107.5G,청우,107.5G
65619,Training|Validation,과자,파이류,파이,청우쫀득쫀득초코파이찰떡10개입,청우식품,215G
70097,Training|Validation,과자,파이류,파이,청우초코파이찰떡,청우식품,107.5G
90067,Training|Validation,과자,파이류,파이,크라운)빅파이딸기216G,크라운,216G
15708,Training|Validation,과자,파이류,파이,크라운 빅파이딸기 324G,크라운제과,324G
35041,Training|Validation,과자,파이류,파이,크라운 크럼블 화이트 384G,크라운제과,384G
45049,Training|Validation,과자,파이류,파이,크라운딸기파이,크라운제과,300G
45761,Training|Validation,과자,파이류,파이,키즈웰)망고케이크,키즈웰,175G
15034,Training|Validation,과자,파이류,파이,해태 오예스 콜드브루 360G,해태,360G
20141,Training|Validation,과자,파이류,파이,해태오예스360G,해태,360G
45034,Training|Validation,과자,파이류,파이,해태후렌치파이초코스프레드179G,해태,179G
80107,Training|Validation,과자,파이류,파이,해태후렌치파이딸기192G,해태제과식품,192G
80106,Training|Validation,과자,파이류,파이,해태후렌치파이사과192G,해태제과식품,192G
30227,Training|Validation,과자,초콜렛,판초콜릿,롯데빅가나마일드110G,롯데제과,110G
90212,Training|Validation,과자,초콜렛,판초콜릿,롯데허쉬크리미밀크초콜릿100G,롯데제과,100G
90298,Training|Validation,과자,초콜렛,판초콜릿,린트엑설런스다크70% 100G,린트엑설,100G
90296,Training|Validation,과자,초콜렛,판초콜릿,심플러스 다크초콜릿 100G,홈플러스,100G
90297,Training|Validation,과자,초콜렛,판초콜릿,심플러스 밀크초콜릿 100G,홈플러스,100G
25235,Training|Validation,과자,스낵,팝콘,미성패밀리)액트투전자렌지용팝콘234G,미성패밀리,234G
40313,Training|Validation,과자,스낵,팝콘,사조 로하이팝콘달콤한맛 90g,사조,90G
40315,Training|Validation,과자,스낵,팝콘,사조 로하이팝콘버터맛 90g,사조,90G
20222,Training|Validation,과자,스낵,팝콘,사조)팝콘달콤한맛90G,사조,90G
15943,Training|Validation,과자,스낵,팝콘,세움 옥수수팝칠리맛400G,세움,400G
66035,Training|Validation,과자,스낵,팝콘,씨제이올리브영)프레즐앤팝콘초콜릿&솔트65G,씨제이올리브영,65G
66034,Training|Validation,과자,스낵,팝콘,씨제이올리브영)프레즐앤팝콘카라멜&체다치즈65G,씨제이올리브영,65G
15625,Training|Validation,과자,스낵,팝콘,이마트 스키니팝콘80칼로리 18G,이마트,18G
15624,Training|Validation,과자,스낵,팝콘,이마트 씨솔트카라멜&크림치즈팝콘 45G,이마트,45G
A40005,Training|Validation,과자,스낵,팝콘,(주)이마트24민트초코팝콘,이마트24,75g
A40006,Training|Validation,과자,스낵,팝콘,(주)이마트24흑당팝콘,이마트24,75g
90291,Training|Validation,과자,스낵,팝콘,커널스뉴슈퍼믹스컵팝콘 70G,커널스,70G
90292,Training|Validation,과자,스낵,팝콘,커널스씨네마팝콘카라멜 버터맛 43G,커널스,43G
25040,Training|Validation,과자,껌류,풍선껌,롯데 왓따 가나맛 23G,롯데제과,23G
40132,Training|Validation,과자,껌류,풍선껌,롯데왓따콜라23G,롯데제과,23G
20158,Training|Validation,과자,껌류,풍선껌,롯데)스크류바왓따23G,롯데칠성음료,23G
80136,Training|Validation,과자,껌류,풍선껌,마루가와 딸기맛 버블껌,마루가와,5.4g
80128,Training|Validation,과자,껌류,풍선껌,오리온)와우쿨소다21G,오리온,21G
80127,Training|Validation,과자,껌류,풍선껌,오리온)와우톡톡콜라21G,오리온,21G
80129,Training|Validation,과자,껌류,풍선껌,오리온)와우포도21G,오리온,21G
45842,Training|Validation,과자,껌류,풍선껌,해피타임)루와버플껌(소다향),해피타임,25G
90168,Training|Validation,과자,견과류,피스타치오,머거본피스타치오110G,머거본,110G
55834,Training|Validation,과자,캔디,하드캔디,나무인터내셔널)도라에몽팝핑롤리팝딸기향(테이크아웃컵모양),나뭉인터내셔널,47G
35823,Training|Validation,과자,캔디,하드캔디,델리팜)참스캔디,델리팜,340G
45028,Training|Validation,과자,캔디,하드캔디,롯데애니타임웨이브24.5G,롯데제과,24.5G
60128,Training|Validation,과자,캔디,하드캔디,롯데)스카치커피157G,롯데칠성음료,157G
30192,Training|Validation,과자,캔디,하드캔디,롯데롤리팝아이스165G,롯데칠성음료,165G
10107,Training|Validation,과자,캔디,하드캔디,리콜라)리콜라스위스캔디크랜베리맛40G,리콜라,40G
A20033,Training|Validation,과자,캔디,하드캔디,리콜라스위스오리지날캔디,리콜라스,100G
20118,Training|Validation,과자,캔디,하드캔디,리콜라스위스켄디레몬민트,리콜라스,40G
55829,Training|Validation,과자,캔디,하드캔디,매크로통상)웨더스오리지날크림캔디,매크로통상,50G
35834,Training|Validation,과자,캔디,하드캔디,삼경에프에스)푸쵸스틱캔디그레이프,삼경에프에스,50G
35833,Training|Validation,과자,캔디,하드캔디,삼경에프에스)푸쵸스틱캔디소다향,삼경에프에스,50G
35835,Training|Validation,과자,캔디,하드캔디,삼경에프에스)푸쵸스틱캔디쥬시미라클,삼경에프에스,50G
25727,Training|Validation,과자,캔디,하드캔디,서영이앤티 호올스블루베리향캔디 34G,서영이앤,34G
25726,Training|Validation,과자,캔디,하드캔디,서영이앤티 호올스허니레몬향캔디 34G,서영이앤,34G
35838,Training|Validation,과자,캔디,하드캔디,서영이엔티)호올스자몽향캔디,서영이엔티,34G
50114,Training|Validation,과자,캔디,하드캔디,아리랑지에프)6년근무설탕홍삼캔디,아리랑지에프,250G
60129,Training|Validation,과자,캔디,하드캔디,아리랑후드)계피맛캔디110G,아리랑후드,110G
90069,Training|Validation,과자,캔디,하드캔디,오리온통아몬드90G,오리온,90G
15543,Training|Validation,과자,캔디,하드캔디,와이케이인터 자일라스피아민트캔디 34G,와이캔케이,34G
15542,Training|Validation,과자,캔디,하드캔디,와이케이인터 자일라페퍼민트캔디 34G,와이캔케이,34G
70118,Training|Validation,과자,캔디,하드캔디,호올스아이스블루캔디34G,이지그로,34G
A40027,Training|Validation,과자,캔디,하드캔디,(주)일신국제무역리콜라스위스캔디레몬민트맛,일신,40g
55842,Training|Validation,과자,캔디,하드캔디,일신국제무역)메가푸시팝스트로베리향,일신국제무역,30G
55841,Training|Validation,과자,캔디,하드캔디,일신국제무역)트리플파워푸시팝레드,일신국제무역,34G
70189,Training|Validation,과자,캔디,하드캔디,청우라즈베리캔디100G,청우,100G
60175,Training|Validation,과자,캔디,하드캔디,청우블루베리캔디100G,청우,100G
30085,Training|Validation,과자,캔디,하드캔디,캐빈디쉬하비사워레몬캔디200G,캐빈디쉬,200G
40158,Training|Validation,과자,캔디,하드캔디,크라운)비단박하140G,크라운제과,140G
25434,Training|Validation,과자,캔디,하드캔디,한울식품 추억의달고나 630G,한울식품,630G
80114,Training|Validation,과자,사탕,하드캔디,썬키스트캔디95G,해태음료,95G
40093,Training|Validation,과자,캔디,하드캔디,알사탕90G,해태제과식품,90G
30131,Training|Validation,과자,캔디,하드캔디,해태)자두캔디90G,해태제과식품,90G
A30034,Training|Validation,과자,캔디,하드켄디,RicolaAG리콜라스위스레몬민트맛캔디,기타,100g
15100,Training|Validation,과자,견과류,호두,동우 인절미맛호두 180G,동우농산,180G
65081,Training|Validation,과자,견과류,호두,열매마을호두130G,열매마을,130G
70087,Training|Validation,과자,빵,호빵,삼립)단팥호빵향젤리50G,삼립,50G
45969,Training|Validation,과자,견과류,혼합견과,맑은농산)코코크런치넛시나몬피칸,맑은농산,120G
45971,Training|Validation,과자,견과류,혼합견과,맑은농산)코코크런치넛오리지날,맑은농산,120G
65860,Training|Validation,과자,견과류,혼합견과,머거본)마라맛새우믹스,머거본,150G
40213,Training|Validation,과자,견과류,혼합견과,머거본꿀땅콩55G,머거본,55G
40215,Training|Validation,과자,견과류,혼합견과,머거본믹스너트40G,머거본,40G
65728,Training|Validation,과자,견과류,혼합견과,머거본피크닉캠핑홈파티간식파티팩,머거본,110G
25956,Training|Validation,과자,견과류,혼합견과,선명농수산 피에스타믹스넛430G,선명농수산,430G
65484,Training|Validation,과자,견과류,혼합견과,엄마사랑오븐에구운넛트크런치,엄마사랑,180G
35764,Training|Validation,과자,견과류,혼합견과,엔앤비푸드)견과한입크래커,엔앤비푸드,120G
65859,Training|Validation,과자,견과류,혼합견과,엔앤비푸드)견과한입크래커,엔앤비푸드,120G
65855,Training|Validation,과자,견과류,혼합견과,엔앤비푸드)곡물한입크래커,엔앤비푸드,120G
25840,Training|Validation,과자,견과류,혼합견과,엔엔비푸드 곡물한입크래커120G,엔앤비푸드,120G
25928,Training|Validation,과자,견과류,혼합견과,롯데쇼핑 초이스엘넛츠&스낵550G,초이스엘,550G
45745,Training|Validation,과자,견과류,혼합견과,푸드존)코코파이참깨,푸드존,70G
65902,Training|Validation,과자,견과류,혼합견과,푸드존)코코파이치즈오븐에구워한입에쏙,푸드존,110G
45746,Training|Validation,과자,견과류,혼합견과,푸드존)코코파이현미,푸드존,70G
35102,Training|Validation,디저트,건과일,건포도,삼양사)건포도150G,삼양사,150G
45203,Training|Validation,디저트,병통조림,과일병통조림,세방유통)골든파인애플슬라이스인시럽370G,세방유통,370G
45204,Training|Validation,디저트,병통조림,과일병통조림,세방유통)애플망고슬라이스인망고쥬스370G,세방유통,370G
60195,Training|Validation,디저트,과채음료,과일음료,Dole 후룻볼 트로피칼 4입 100%주스,Dole 코리아,4개입
70208,Training|Validation,디저트,과채음료,과일음료,Dole 후룻볼 파인애플 4입 100%주스,Dole 코리아,4입
10268,Training|Validation,디저트,퓨레,과일퓨레,아넬라사과디저트 * 2입,아넬라,200G
46018,Training|Validation,디저트,퓨레,과일퓨레,아이배냇)쌩마멧유기농사과,아이배냇,190G
46019,Training|Validation,디저트,퓨레,과일퓨레,"아이배냇)쌩마멧유기농사과,바나나",아이배냇,190G
46017,Training|Validation,디저트,퓨레,과일퓨레,"아이배냇)쌩마멧유기농사과,배",아이배냇,190G
35955,Training|Validation,디저트,퓨레,과일퓨레,"팜팩토리)아넬라배,사과디저트",팜팩토리,200G
35953,Training|Validation,디저트,퓨레,과일퓨레,"팜팩토리)아넬라사과,바나나디저트",팜팩토리,200G
35954,Training|Validation,디저트,퓨레,과일퓨레,"팜팩토리)아넬라사과,자두디저트",팜팩토리,200G
46020,Training|Validation,디저트,퓨레,과일퓨레,"팜팩토리)하넬라사과,망고디저트",팜팩토리,200G
35270,Training|Validation,디저트,퓨레,과일퓨레,홈플러스)마이프루타애플앤망고100G,홈플러스,100G
35269,Training|Validation,디저트,퓨레,과일퓨레,홈플러스)마이프루타애플앤망고200G,홈플러스,200G
35268,Training|Validation,디저트,퓨레,과일퓨레,홈플러스)마이프루타애플앤바나나100G,홈플러스,100G
35267,Training|Validation,디저트,퓨레,과일퓨레,홈플러스)마이프루타애플앤바나나200G,홈플러스,200G
35274,Training|Validation,디저트,퓨레,과일퓨레,홈플러스)마이프루타애플앤블루베리100G,홈플러스,100G
35273,Training|Validation,디저트,퓨레,과일퓨레,홈플러스)마이프루타애플앤블루베리200G,홈플러스,200G
35266,Training|Validation,디저트,퓨레,과일퓨레,홈플러스)마이프루타애플앤스트로베리100G,홈플러스,100G
35265,Training|Validation,디저트,퓨레,과일퓨레,홈플러스)마이프루타애플앤스트로베리200G,홈플러스,200G
35272,Training|Validation,디저트,퓨레,과일퓨레,홈플러스)마이프루타애플앤페어100G,홈플러스,100G
35271,Training|Validation,디저트,퓨레,과일퓨레,홈플러스)마이프루타애플앤페어200G,홈플러스,200G
55845,Training|Validation,디저트,베이커리,과자빵,영도물산)통밀도넛츠,영도물산,230G
25607,Training|Validation,디저트,디저트/베이커리,냉동디저트,돌코리아 애플팝 496ML,Dole 코리아,496ML
10242,Training|Validation,디저트,디저트/베이커리,냉장디저트,Dole후룻볼슬라이스복숭아198g,Dole 코리아,198g
55034,Training|Validation,디저트,디저트/베이커리,냉장디저트,돌트로피칼666G,Dole 코리아,666G
45030,Training|Validation,디저트,디저트/베이커리,냉장디저트,돌황도666G,Dole 코리아,666G
45679,Training|Validation,디저트,디저트/베이커리,냉장디저트,호남샤니)카페메이트초코블랑,호남샤니,180G
35587,Training|Validation,디저트,푸딩/젤리,냉장젤리류,돌코리아 망고컵 198G,Dole 코리아,198G
35583,Training|Validation,디저트,푸딩/젤리,냉장젤리류,돌코리아 백도젤리 90G,Dole 코리아,90G
35586,Training|Validation,디저트,푸딩/젤리,냉장젤리류,돌코리아 코코파인젤리 90G,Dole 코리아,90G
45662,Training|Validation,디저트,푸딩/젤리,냉장젤리류,돌코리아)백도젤리,Dole 코리아,200G
35193,Training|Validation,디저트,푸딩/젤리,냉장젤리류,신선에프앤브이)파인애플컵100G,신선에프앤브이,100G
35192,Training|Validation,디저트,푸딩/젤리,냉장젤리류,신선에프앤브이)파인애플컵400G,신선에프앤브이,400G
65738,Training|Validation,디저트,푸딩/젤리,냉장젤리류,풍림푸드망고젤리4개입90G*4,풍림푸드,360G
65736,Training|Validation,디저트,푸딩/젤리,냉장젤리류,풍림푸드복숭아젤리4개입90G*4,풍림푸드,360G
65742,Training|Validation,디저트,푸딩/젤리,냉장젤리류,풍림푸드포도젤리4개입90G*4,풍림푸드,360G
66308,Training|Validation,디저트,푸딩/젤리,냉장젤리류,풍림푸드피코크망고젤리90G,풍림푸드,90G
66309,Training|Validation,디저트,푸딩/젤리,냉장젤리류,풍림푸드피코크포도젤리90G,풍림푸드,90G
45471,Training|Validation,디저트,푸딩/젤리,냉장젤리류,호남샤니)제리뽀,호남샤니,20개입
45468,Training|Validation,디저트,푸딩/젤리,냉장젤리류,호남샤니)제리뽀딸기맛,호남샤니,60G
45467,Training|Validation,디저트,푸딩/젤리,냉장젤리류,호남샤니)제리뽀망고맛,호남샤니,60G
45470,Training|Validation,디저트,푸딩/젤리,냉장젤리류,호남샤니)제리뽀사과맛,호남샤니,60G
45469,Training|Validation,디저트,푸딩/젤리,냉장젤리류,호남샤니)제리뽀오렌지맛,호남샤니,60G
35194,Training|Validation,디저트,푸딩/젤리,냉장푸딩류,CJ쟈뎅)쁘띠첼과일젤리밀감270G,CJ쟈뎅,270G
35195,Training|Validation,디저트,푸딩/젤리,냉장푸딩류,CJ쟈뎅)쁘띠첼과일젤리밀감90G,CJ쟈뎅,90G
35190,Training|Validation,디저트,푸딩/젤리,냉장푸딩류,CJ쟈뎅)쁘띠첼과일젤리복숭아270G,CJ쟈뎅,270G
35191,Training|Validation,디저트,푸딩/젤리,냉장푸딩류,CJ쟈뎅)쁘띠첼과일젤리복숭아90G,CJ쟈뎅,90G
35188,Training|Validation,디저트,푸딩/젤리,냉장푸딩류,CJ쟈뎅)쁘띠첼과일젤리포도270G,CJ쟈뎅,270G
35189,Training|Validation,디저트,푸딩/젤리,냉장푸딩류,CJ쟈뎅)쁘띠첼과일젤리포도90G,CJ쟈뎅,90G
35585,Training|Validation,디저트,푸딩/젤리,냉장푸딩류,매일 데르뜨 감귤 90G,매일유업,90G
35584,Training|Validation,디저트,푸딩/젤리,냉장푸딩류,매일 데르뜨 파인애플 90G,매일유업,90G
65752,Training|Validation,디저트,푸딩/젤리,냉장푸딩류,매일데르뜨감귤3개입90G*3,매일유업,270G
65744,Training|Validation,디저트,푸딩/젤리,냉장푸딩류,매일데르뜨백도3개입130G*3,매일유업,390G
65753,Training|Validation,디저트,푸딩/젤리,냉장푸딩류,매일데르뜨복숭아3개입90G*3,매일유업,270G
66304,Training|Validation,디저트,푸딩/젤리,냉장푸딩류,매일데르뜨자몽130G,매일유업,130G
65754,Training|Validation,디저트,푸딩/젤리,냉장푸딩류,매일데르뜨자몽3개입130G*3,매일유업,390G
35211,Training|Validation,디저트,푸딩/젤리,냉장푸딩류,매일유업)데르뜨130G,매일유업,130G
55701,Training|Validation,디저트,푸딩/젤리,냉장푸딩류,쁘띠첼요거젤리밀감,쁘띠첼요,210G
55702,Training|Validation,디저트,푸딩/젤리,냉장푸딩류,쁘띠첼요거젤리복숭아,쁘띠첼요,210G
45659,Training|Validation,디저트,푸딩/젤리,냉장푸딩류,씨제이)쁘티첼(요거젤리딸기),씨제이제일제당,210G
45658,Training|Validation,디저트,푸딩/젤리,냉장푸딩류,씨제이)쁘티첼(요거젤리밀감),씨제이제일제당,90G
45657,Training|Validation,디저트,푸딩/젤리,냉장푸딩류,씨제이)쁘티첼(요거젤리복숭아),씨제이제일제당,90G
45661,Training|Validation,디저트,푸딩/젤리,냉장푸딩류,씨제이)쁘티첼(요거젤리블루베리),씨제이제일제당,210G
45660,Training|Validation,디저트,푸딩/젤리,냉장푸딩류,씨제이)쁘티첼(요거젤리화이트코코),씨제이제일제당,210G
35196,Training|Validation,디저트,푸딩/젤리,냉장푸딩류,엠디에스코리아)사과푸딩220G,엠디에스코리아,220G
65740,Training|Validation,디저트,푸딩/젤리,냉장푸딩류,오뚜기스위트앤젤밀감3개입90G*4,오뚜기,360G
65739,Training|Validation,디저트,푸딩/젤리,냉장푸딩류,오뚜기스위트앤젤복숭아3개입90G*3,오뚜기,270G
55798,Training|Validation,디저트,푸딩/젤리,냉장푸딩류,이멕스무역)혼합푸딩(ASSORTEDPUDDING)4개입,이멕스무역,520G
35563,Training|Validation,디저트,건과일,대추,금광약초)대추,금광약초,120G
25222,Training|Validation,디저트,파이류,케이크,대만)망고케익184g,기타,184g
25228,Training|Validation,디저트,파이류,케이크,대만)파인애플케익184G,기타,184G
25223,Training|Validation,디저트,파이류,케이크,대만)파인애플케익250G,기타,250G
45678,Training|Validation,디저트,파이류,케이크,롯데제과)디저뜨와(구운치즈케이크타르트),롯데제과,225G
45680,Training|Validation,디저트,비스킷,크래커,티디에프코리아)생미쉘갈라떼,티디에프코리아,130G
66366,Training|Validation,면류,봉지면,국물봉지라면,삼경에프에스삿포로라멘미소84G,기타,84G
60107,Training|Validation,면류,봉지면,국물봉지라면,얼큰한쌀국수92G,기타,92G
25055,Training|Validation,면류,봉지면,국물봉지라면,농심 생생우동면 276G,농심,276G
80112,Training|Validation,면류,봉지면,국물봉지라면,농심)감자면117G,농심,117G
35228,Training|Validation,면류,봉지면,국물봉지라면,농심)감자면92G,농심,92G
40139,Training|Validation,면류,봉지면,국물봉지라면,농심)사리곰탕110G(봉지),농심,110G
30123,Training|Validation,면류,봉지면,국물봉지라면,농심)신라면건면(낱개)97G,농심,97G
35225,Training|Validation,면류,봉지면,국물봉지라면,농심)신라면블랙101G,농심,101G
80110,Training|Validation,면류,봉지면,국물봉지라면,농심)앵그리알티에이(RtA)(낱개)121G,농심,121G
30128,Training|Validation,면류,봉지면,국물봉지라면,농심)얼큰장칼국수103G,농심,103G
70135,Training|Validation,면류,봉지면,국물봉지라면,농심)칼빔면144G,농심,144G
30130,Training|Validation,면류,봉지면,국물봉지라면,농심무파마탕면122G,농심,122G
30105,Training|Validation,면류,봉지면,국물봉지라면,농심생생우동봉지253G,농심,253G
70138,Training|Validation,면류,봉지면,국물봉지라면,농심순한너구리120G,농심,120G
70137,Training|Validation,면류,봉지면,국물봉지라면,농심시원한메밀소바127G,농심,127G
30125,Training|Validation,면류,봉지면,국물봉지라면,농심신라면120G,농심,120G
45047,Training|Validation,면류,봉지면,국물봉지라면,농심신라면건면,농심,77G
55023,Training|Validation,면류,봉지면,국물봉지라면,농심신라면두부김치94G,농심,94G
A40029,Training|Validation,면류,봉지면,국물봉지라면,농심쌀국수,농심,73g
30126,Training|Validation,면류,봉지면,국물봉지라면,농심안성탕면125G,농심,125G
80111,Training|Validation,면류,봉지면,국물봉지라면,농심오징어짬뽕124G,농심,124G
90144,Training|Validation,면류,봉지면,국물봉지라면,농심튀김우동(봉지)118G,농심,118G
30122,Training|Validation,면류,봉지면,국물봉지라면,신)농심멸치칼국수,농심,98G
60117,Training|Validation,면류,봉지면,국물봉지라면,대산바이오)레몬밤쌀국수92G,대산바이오,92G
25819,Training|Validation,면류,봉지면,국물봉지라면,디파이브컴퍼니 라황샹중경식마라탕면115G,디파이브컴퍼니,115G
25820,Training|Validation,면류,봉지면,국물봉지라면,디파이브컴퍼니 사천식탄탄면120G,디파이브컴퍼니,120G
55846,Training|Validation,면류,봉지면,국물봉지라면,보라티알)시금치맛페투치네,보라티알,250G
55790,Training|Validation,면류,봉지면,국물봉지라면,삼경에프에스)삿포로라멘미소5개입,삼경에프에스,420G
A10025,Training|Validation,면류,봉지면,국물봉지라면,삼색동물원파스타,삼색동물,250G
A10026,Training|Validation,면류,봉지면,국물봉지라면,삼색러브파스타,삼색러브,250G
A20025,Training|Validation,면류,봉지면,국물봉지라면,삼양)나가사끼짬뽕,삼양,105G
30121,Training|Validation,면류,봉지면,국물봉지라면,삼양)나가사끼짬뽕115G,삼양,115G
70139,Training|Validation,면류,봉지면,국물봉지라면,삼양)삼양라면골드120G,삼양,120G
35220,Training|Validation,면류,봉지면,국물봉지라면,삼양)삼양라면매운맛110G,삼양,110G
30127,Training|Validation,면류,봉지면,국물봉지라면,삼양)삼양라면매운맛120G,삼양,120G
50106,Training|Validation,면류,봉지면,국물봉지라면,삼양)쇠고기면120G,삼양,120G
30124,Training|Validation,면류,봉지면,국물봉지라면,삼양)삼양라면120G(봉지),삼양식품,120G
40138,Training|Validation,면류,봉지면,국물봉지라면,삼양)손칼국수100G(봉지),삼양식품,100G
60094,Training|Validation,면류,봉지면,국물봉지라면,삼양라면110g,삼양식품,110G
30129,Training|Validation,면류,봉지면,국물봉지라면,삼양맛있는라면,삼양식품,115g
25767,Training|Validation,면류,봉지면,국물봉지라면,삼양식품 초마짬뽕4개입번들 500G,삼양식품,500G
55033,Training|Validation,면류,봉지면,국물봉지라면,샘표잔치국수89G,샘표식품,89G
65816,Training|Validation,면류,봉지면,국물봉지라면,성풍양행)블루엘리펀트쿠킹세트팟타이누들,성풍양행,297G
15910,Training|Validation,면류,봉지면,국물봉지라면,에스씨코리아 우육면200G,에스씨코리아,200G
45872,Training|Validation,면류,봉지면,국물봉지라면,에스씨코리아)마라우육미엔,에스씨코리아,185G
65051,Training|Validation,면류,봉지면,국물봉지라면,엠디에스코리아아라비아따파스타,엠디에스코리아,230G
15837,Training|Validation,면류,봉지면,국물봉지라면,오뚜기 곤누들김치말이 196G,오뚜기,196G
15055,Training|Validation,면류,봉지면,국물봉지라면,오뚜기 떡라면 140G,오뚜기,140G
25054,Training|Validation,면류,봉지면,국물봉지라면,오뚜기 새우탕면 110G,오뚜기,110G
A20027,Training|Validation,면류,봉지면,국물봉지라면,오뚜기)굴진짬뽕,오뚜기,110G
20181,Training|Validation,면류,봉지면,국물봉지라면,오뚜기)옛날사리당면,오뚜기,100G
30104,Training|Validation,면류,봉지면,국물봉지라면,오뚜기)진짬뽕130G,오뚜기,130G
90141,Training|Validation,면류,봉지면,국물봉지라면,오뚜기김치라면120G(봉지),오뚜기,120G
90133,Training|Validation,면류,봉지면,국물봉지라면,오뚜기라면사리110G,오뚜기,110G
90135,Training|Validation,면류,봉지면,국물봉지라면,오뚜기미역국라면(봉지)115G,오뚜기,115G
45055,Training|Validation,면류,봉지면,국물봉지라면,오뚜기부대찌개라면,오뚜기,115G
90137,Training|Validation,면류,봉지면,국물봉지라면,오뚜기북엇국라면(봉지)110G,오뚜기,110G
50108,Training|Validation,면류,봉지면,국물봉지라면,오뚜기열라면120G,오뚜기,120G
65043,Training|Validation,면류,봉지면,국물봉지라면,오뚜기옛날잡채용기,오뚜기,76G
90142,Training|Validation,면류,봉지면,국물봉지라면,오뚜기진라면매운맛(봉지)120G,오뚜기,120G
60118,Training|Validation,면류,봉지면,국물봉지라면,오뚜기진라면매운맛65G(작은용기),오뚜기,120G
30103,Training|Validation,면류,봉지면,국물봉지라면,오뚜기진라면순한맛120G,오뚜기,120G
40103,Training|Validation,면류,봉지면,국물봉지라면,오뚜기진진짜라120G,오뚜기,120G
90143,Training|Validation,면류,봉지면,국물봉지라면,오뚜기참깨라면115G(봉),오뚜기,115G
40104,Training|Validation,면류,봉지면,국물봉지라면,오뚜기크림진짬뽕105G,오뚜기,105G
46025,Training|Validation,면류,봉지면,국물봉지라면,롯데쇼핑)온리프라이스푸질리,온리프라이스,500G
45174,Training|Validation,면류,봉지면,국물봉지라면,이가자연면)빅튀김우동243G,이가자연면,243G
25766,Training|Validation,면류,봉지면,국물봉지라면,이마트 피코크 기름에튀기지않은구운사리면 320G,이마트,320G
55729,Training|Validation,면류,봉지면,국물봉지라면,이마트)갈로펜네삼색,이마트,500G
66368,Training|Validation,면류,봉지면,국물봉지라면,이마트민생라면얼큰한맛115G,이마트,115G
55814,Training|Validation,면류,봉지면,국물봉지라면,이멕스무역)미고랭라면5개입,이멕스무역,400G
66365,Training|Validation,면류,봉지면,국물봉지라면,이멕스무역미고랭라면80G,이멕스무역,80G
A20026,Training|Validation,면류,봉지면,국물봉지라면,종가집)멸치쌀국수,종가집,92G
45046,Training|Validation,면류,봉지면,국물봉지라면,종가집얼큰쌀국수,종가집,92G
80109,Training|Validation,면류,봉지면,국물봉지라면,집밥감성고추장찌개면140G,집밥감성,140G
55040,Training|Validation,면류,봉지면,국물봉지라면,청정원베트남식쌀국수소고기맛,청정원,75.4G
66320,Training|Validation,면류,봉지면,국물봉지라면,코만푸드몬라이스누들1MM250G,코만푸드,250G
65455,Training|Validation,면류,봉지면,국물봉지라면,코만푸드몬라이스누들1MM물국수용,코만푸드,250G*3
65454,Training|Validation,면류,봉지면,국물봉지라면,코만푸드몬라이스누들3MM,코만푸드,250G*3
66321,Training|Validation,면류,봉지면,국물봉지라면,코만푸드몬라이스누들3MM250G,코만푸드,250G
45175,Training|Validation,면류,봉지면,국물봉지라면,키다리식품)세이면김치194G,키다리식품,194G
55271,Training|Validation,면류,봉지면,국물봉지라면,키다리식품세이면설렁탕,키다리식품,194G
55270,Training|Validation,면류,봉지면,국물봉지라면,키다리식품세이면잔치국수,키다리식품,195G
55272,Training|Validation,면류,봉지면,국물봉지라면,키다리심품세이면육개장,키다리식품,198G
15842,Training|Validation,면류,봉지면,국물봉지라면,팔도 김치도시락 86G,팔도,86G
35035,Training|Validation,면류,봉지면,국물봉지라면,팔도 왕뚜껑 110G,팔도,110G
15841,Training|Validation,면류,봉지면,국물봉지라면,팔도 짬뽕왕뚜껑 110G,팔도,110G
45873,Training|Validation,면류,봉지면,국물봉지라면,팔도)아임이민생라면,팔도,115G
55274,Training|Validation,면류,봉지면,국물봉지라면,팔도일품해물라면,팔도,110G
A30036,Training|Validation,면류,봉지면,국물봉지라면,(주)풀무원식품엔젤헤어,풀무원,500g
15083,Training|Validation,면류,봉지면,국물봉지라면,풀무원 백면 4개입,풀무원,4개입
25291,Training|Validation,면류,봉지면,국물봉지라면,풀무원 생면식감매운맛4개입번들,풀무원,4개입
15084,Training|Validation,면류,봉지면,국물봉지라면,풀무원 정면 4개입,풀무원,4개입
15041,Training|Validation,면류,봉지면,국물봉지라면,풀무원 파팔레 500G,풀무원,500G
15040,Training|Validation,면류,봉지면,국물봉지라면,풀무원 펜네 리가테 500G,풀무원,500G
66351,Training|Validation,면류,봉지면,국물봉지라면,풀무원생면식감매운맛95.9G,풀무원,95.9G
66350,Training|Validation,면류,봉지면,국물봉지라면,풀무원생면식감순한맛97.4G,풀무원,97.4G
66384,Training|Validation,면류,봉지면,국물봉지라면,풀무원식품홍면108.8G,풀무원,108.8G
66348,Training|Validation,면류,봉지면,국물봉지라면,풀무원탱탱쫄면123G,풀무원,123G
55043,Training|Validation,면류,봉지면,국물봉지라면,풀무원푸실리,풀무원,500G
35163,Training|Validation,면류,봉지면,국물봉지라면,풀무원식품)탱탱쫄면492G,풀무원식품,492G
35165,Training|Validation,면류,봉지면,국물봉지라면,피피이씨)생면식감순한맛339.6G,피피이씨,389.6G
35076,Training|Validation,면류,봉지면,국물봉지라면,피피이씨음성생면)홍면435.2G,피피이씨음성생면,435.2G
35226,Training|Validation,면류,봉지면,국물봉지라면,하늘처럼)오라이시70G,하늘처럼,70G
75060,Training|Validation,면류,봉지면,국물봉지라면,하비엣푸드 베트남즉석쌀국수포포 70G,하비엣푸드,70G
15181,Training|Validation,면류,봉지면,국물봉지라면,(주)해미푸드)곤약면 메밀182.5G,해미푸드,182.5G
55275,Training|Validation,면류,봉지면,국물봉지라면,홈플러스닭고기쌀국수,홈플러스,120G
25720,Training|Validation,면류,용기면,국물용기라면,글로델 야끼소바컵라면 86G,글로델,86G
25721,Training|Validation,면류,용기면,국물용기라면,글로델 하카타돈코츠컵라면 103G,글로델,103G
25053,Training|Validation,면류,용기면,국물용기라면,농심 너구리 큰사발면 111G,농심,111G
15823,Training|Validation,면류,용기면,국물용기라면,농심 새우탕컵(소) 67G,농심,67G
25853,Training|Validation,면류,용기면,국물용기라면,농심 순한너구리컵63G,농심,63G
75048,Training|Validation,면류,용기면,국물용기라면,농심 튀김우동컵 62G,농심,62G
35161,Training|Validation,면류,용기면,국물용기라면,농심)신라면큰사발면114G,농심,114G
60111,Training|Validation,면류,용기면,국물용기라면,농심김치사발면86G,농심,86G
A30035,Training|Validation,면류,용기면,국물용기라면,농심김치큰사발면,농심,112g
90086,Training|Validation,면류,용기면,국물용기라면,농심무파마큰사발112G,농심,112G
65044,Training|Validation,면류,용기면,국물용기라면,농심보글보글부대찌개큰사발면,농심,109G
60091,Training|Validation,면류,용기면,국물용기라면,농심사리곰탕큰사발111G,농심,111G
60108,Training|Validation,면류,용기면,국물용기라면,농심새우탕큰사발115G,농심,115G
10102,Training|Validation,면류,용기면,국물용기라면,농심신라면컵65G,농심,65G
10101,Training|Validation,면류,용기면,국물용기라면,농심오징어짬뽕컵67G,농심,67G
90130,Training|Validation,면류,용기면,국물용기라면,농심오징어짬뽕큰사발115G,농심,115G
90087,Training|Validation,면류,용기면,국물용기라면,농심우육탕큰사발115G,농심,115G
90088,Training|Validation,면류,용기면,국물용기라면,농심육개장큰사발110G,농심,110G
55041,Training|Validation,면류,용기면,국물용기라면,농심짜왕큰사발면,농심,105G
35221,Training|Validation,면류,용기면,국물용기라면,세진식품)시카고컵당면매콤한맛180G,세진식품,180G
15827,Training|Validation,면류,용기면,국물용기라면,오뚜기 김치면컵 105G,오뚜기,105G
15836,Training|Validation,면류,용기면,국물용기라면,오뚜기 열라면컵 105G,오뚜기,105G
15832,Training|Validation,면류,용기면,국물용기라면,오뚜기 오동통면컵 100G,오뚜기,100G
15838,Training|Validation,면류,용기면,국물용기라면,오뚜기 육개장컵 110G,오뚜기,110G
15829,Training|Validation,면류,용기면,국물용기라면,오뚜기 진라면매운맛컵 110G,오뚜기,110G
15831,Training|Validation,면류,용기면,국물용기라면,오뚜기 진라면순한맛컵 110G,오뚜기,110G
15825,Training|Validation,면류,용기면,국물용기라면,오뚜기 컵누들 팟타이쌀국수 50G,오뚜기,50G
25723,Training|Validation,면류,용기면,국물용기라면,오뚜기 컵누들똠얌꿍쌀국수 44G,오뚜기,44G
15906,Training|Validation,면류,용기면,국물용기라면,오뚜기 컵누들얼큰쌀국수37.8G,오뚜기,37.8G
15907,Training|Validation,면류,용기면,국물용기라면,오뚜기 컵누들잔치쌀국수37.8G,오뚜기,37.8G
60095,Training|Validation,면류,용기면,국물용기라면,오뚜기)쇠고기미역국라면100G,오뚜기,100G
10104,Training|Validation,면류,용기면,국물용기라면,오뚜기)컵누들김치쌀국수34.8G,오뚜기,34.8G
60113,Training|Validation,면류,용기면,국물용기라면,오뚜기)컵누들베트남쌀국수컵47G,오뚜기,47G
60110,Training|Validation,면류,용기면,국물용기라면,오뚜기스낵면컵,오뚜기,62G
60119,Training|Validation,면류,용기면,국물용기라면,오뚜기육개장용기면86G,오뚜기,86G
60115,Training|Validation,면류,용기면,국물용기라면,오뚜기진라면컵순65G,오뚜기,65G
90136,Training|Validation,면류,용기면,국물용기라면,오뚜기진짬뽕(큰컵)115G,오뚜기,115G
10103,Training|Validation,면류,용기면,국물용기라면,오뚜기참깨라면(컵),오뚜기,65g
90128,Training|Validation,면류,용기면,국물용기라면,오뚜기참깨라면용기110G,오뚜기,110G
10111,Training|Validation,면류,용기면,국물용기라면,오뚜기컵누들매콤37.8G,오뚜기,37.8G
20111,Training|Validation,면류,용기면,국물용기라면,오뚜기컵누들우동38.1G,오뚜기,38.1G
60121,Training|Validation,면류,용기면,국물용기라면,오뚜기튀김우동컵110G,오뚜기,110G
60106,Training|Validation,면류,용기면,국물용기라면,멸치맛쌀국수92G,우주통상,92G
15824,Training|Validation,면류,용기면,국물용기라면,조이인터내셔널 마마컵쉬림크리미톰얌플레이버 70G,조이인터내셔널,70G
A40001,Training|Validation,면류,용기면,국물용기라면,(주)팔도민생라면컵 얼큰한맛,팔도,80g
15833,Training|Validation,면류,용기면,국물용기라면,팔도 더왕뚜껑컵순한맛 101G,팔도,101G
80144,Training|Validation,면류,용기면,국물용기라면,팔도도시락용기86G,팔도,86G
55042,Training|Validation,면류,용기면,국물용기라면,팔도비빔면컵,팔도,115G
90132,Training|Validation,면류,봉지면,비빔봉지라면,농심둥지냉면(비빔냉면)봉지162G,농심,162G
70134,Training|Validation,면류,봉지면,비빔봉지라면,농심사천짜파게티137G,농심,137G
70133,Training|Validation,면류,봉지면,비빔봉지라면,농심올리브짜파게티140G,농심,140G
25247,Training|Validation,면류,봉지면,비빔봉지라면,농업회사법인현농)순쌀짜장면80G,농업회사법인현농,80G
35218,Training|Validation,면류,봉지면,비빔봉지라면,삼양)불닭볶음탕면120G,삼양,120G
35219,Training|Validation,면류,봉지면,비빔봉지라면,삼양)쫄볶이불닭볶음면120G,삼양,120G
15053,Training|Validation,면류,봉지면,비빔봉지라면,삼양 미트스파게티 불닭볶음면 110G,삼양식품,110G
15054,Training|Validation,면류,봉지면,비빔봉지라면,삼양 짜장 불닭볶음면 105G,삼양식품,105G
90139,Training|Validation,면류,봉지면,비빔봉지라면,삼양)까르보불닭볶음면(낱개)130g,삼양식품,130G
40137,Training|Validation,면류,봉지면,비빔봉지라면,삼양)짜짜로니140G(봉지),삼양식품,140G
50109,Training|Validation,면류,봉지면,비빔봉지라면,삼양불닭볶음면140G(봉),삼양식품,140G
45874,Training|Validation,면류,봉지면,비빔봉지라면,삼양식품)맛이차이나짜장면,삼양식품,560G
66367,Training|Validation,면류,봉지면,비빔봉지라면,삼양식품맛이차이나짜장면140G,삼양식품,140G
90138,Training|Validation,면류,봉지면,비빔봉지라면,삼양치즈불닭볶음면(봉지)140G,삼양식품,140G
90140,Training|Validation,면류,봉지면,비빔봉지라면,삼양크림까르보불닭볶음면(봉지)130G,삼양식품,140G
65053,Training|Validation,면류,봉지면,비빔봉지라면,엠디에스코리아베이컨까르보나라파스타,엠디에스코리아,230G
30101,Training|Validation,면류,봉지면,비빔봉지라면,오뚜기)오뚜기카레면130G,오뚜기,130G
50107,Training|Validation,면류,봉지면,비빔봉지라면,오뚜기)짜장면135G,오뚜기,135G
30102,Training|Validation,면류,봉지면,비빔봉지라면,오뚜기메밀비빔면,오뚜기,130G
90134,Training|Validation,면류,봉지면,비빔봉지라면,오뚜기스파게티(봉지)150G,오뚜기,150G
25768,Training|Validation,면류,봉지면,비빔봉지라면,이마트 민생짜장진한짜장맛5개입번들 575G,이마트,575G
25292,Training|Validation,면류,봉지면,비빔봉지라면,팔도 쫄비빔면5개입번들,팔도,5개입
50110,Training|Validation,면류,봉지면,비빔봉지라면,팔도)틈새라면볶음면,팔도,130G
70136,Training|Validation,면류,봉지면,비빔봉지라면,팔도비빔면,팔도,130G
90131,Training|Validation,면류,봉지면,비빔봉지라면,팔도뽀로로짜장,팔도,65G
55273,Training|Validation,면류,봉지면,비빔봉지라면,팔도삼선짜장,팔도,100G
66347,Training|Validation,면류,봉지면,비빔봉지라면,팔도쫄비빔면130G,팔도,130G
15042,Training|Validation,면류,봉지면,비빔봉지라면,풀무원 스파게티 건면 500G,풀무원,500G
66349,Training|Validation,면류,봉지면,비빔봉지라면,풀무원생면식감직화짜장108.1G,풀무원,108.1G
35164,Training|Validation,면류,봉지면,비빔봉지라면,피피이씨)직화짜장432.4G,피피이씨,432.4G
45170,Training|Validation,면류,봉지면,비빔봉지라면,해피푸드)매콤비빔곤약면199G,해피푸드,199G
15840,Training|Validation,면류,용기면,비빔용기라면,농심 사천짜파게티컵 115G,농심,115G
45169,Training|Validation,면류,용기면,비빔용기라면,농심)사리곰탕컵61G,농심,61G
60116,Training|Validation,면류,용기면,비빔용기라면,농심)앵그리짜파구리큰사발108G,농심,108G
65045,Training|Validation,면류,용기면,비빔용기라면,농심볶음너구리큰사발면,농심,110G
60114,Training|Validation,면류,용기면,비빔용기라면,농심짜파게티범벅70G,농심,70G
20113,Training|Validation,면류,용기면,비빔용기라면,농심짜파게티큰사발123G,농심,123G
55039,Training|Validation,면류,용기면,비빔용기라면,농심참치마요큰사발면,농심,119G
15839,Training|Validation,면류,용기면,비빔용기라면,삼양 크림까르보불닭볶음면큰컵 120G,삼양식품,120G
20114,Training|Validation,면류,용기면,비빔용기라면,삼양)까르보불닭볶음면큰컵105G,삼양식품,105G
30078,Training|Validation,면류,용기면,비빔용기라면,삼양)치즈불닭볶음면큰컵105G,삼양식품,105G
60120,Training|Validation,면류,용기면,비빔용기라면,삼양큰컵불닭볶음면105G,삼양식품,105g
35223,Training|Validation,면류,용기면,비빔용기라면,세진식품)시카고컵당면궁중요리맛180G,세진식품,180G
15830,Training|Validation,면류,용기면,비빔용기라면,오뚜기 진짜장컵 115G,오뚜기,115G
15828,Training|Validation,면류,용기면,비빔용기라면,오뚜기 짜장볶이컵 120G,오뚜기,120G
15826,Training|Validation,면류,용기면,비빔용기라면,오뚜기 컵누들 마라볶음쌀국수 48G,오뚜기,48G
20112,Training|Validation,면류,용기면,비빔용기라면,오뚜기라면볶이120G,오뚜기,120G
30079,Training|Validation,면류,용기면,비빔용기라면,오뚜기스파게티컵120G,오뚜기,120G
35229,Training|Validation,면류,용기면,비빔용기라면,이가자연면)모찌모찌크림우동큰컵304.5G,이가자연면,304.5G
25722,Training|Validation,면류,용기면,비빔용기라면,팔도 진에어컵면 80G,팔도,80G
60092,Training|Validation,미분류,기타,기타,틀리프)코튼스왑100개입,틀리프,100개입
80079,Training|Validation,미분류,속옷,남성속옷,바디밸런스)맨스언더웨어남스판드로즈,바디밸런스,1개
60093,Training|Validation,미분류,생리용품,생리대,소피)귀애랑중형,소피,18개입
70094,Training|Validation,미분류,생리용품,생리대,예지미인윤슬순한중형,예지미인,4개입
70157,Training|Validation,미분류,주방용품,지퍼백/비닐백,크린랩)크린지퍼백 (이중지퍼백) 25cm X 30cm,크린랩,20매
90091,Training|Validation,미분류,생리용품,팬티라이너,소피바디피트천연코튼팬티라이너라벤더20개입,소피바디,20개입
30186,Training|Validation,상온HMR,분말조미료,가공조미료,CJ다시다골드쇠고기250G,CJ제일제당,250G
70188,Training|Validation,상온HMR,분말조미료,가공조미료,다시다국내산멸치골드100G,CJ제일제당,100G
35564,Training|Validation,상온HMR,분말조미료,가공조미료,건강한바다)완도국물내기용사각다시마,건강한바다,100G
15286,Training|Validation,상온HMR,분말조미료,가공조미료,빅마마씨푸드 해통령육수한알사골맛85G,기타,85G
55794,Training|Validation,상온HMR,분말조미료,가공조미료,남포물산)안옥남요리하기간편한자른다시마,남포물산,150G
16032,Training|Validation,상온HMR,분말조미료,가공조미료,씨제이제일제당 다시다요리의신얼큰국물10G*5개입50G,씨제이제일제당,50G
65280,Training|Validation,상온HMR,분말조미료,가공조미료,씨제이처음부터육수멸치다시다,씨제이제일제당,525G
56003,Training|Validation,상온HMR,분말조미료,가공조미료,엄마사랑)차가버섯분말,엄마사랑,70G
35980,Training|Validation,상온HMR,분말조미료,가공조미료,에프엔디큐웰)양배추분말,에프엔디큐웰,220G
25703,Training|Validation,상온HMR,분말조미료,가공조미료,오뚜기 베이킹소다 400G,오뚜기,400G
65108,Training|Validation,상온HMR,분말조미료,가공조미료,인그린멸치분말,인그린,250G
15287,Training|Validation,상온HMR,분말조미료,가공조미료,해표 훈연멸치다시팩120G,해표,120G
65131,Training|Validation,상온HMR,분말조미료,가공조미료,화인에프앤드가루치즈,화인바이오,80G
65082,Training|Validation,상온HMR,가공냉동과일,간편과일,지앤엘푸드딸기다이스20G,지앤엘푸드,20G
66028,Training|Validation,상온HMR,스낵,감자스낵,씨제이올리브영)네모난감자50G,씨제이올리브영,50G
45972,Training|Validation,상온HMR,가공안주류,건과일,금호에프디)건무화과,금호에프디,190G
45435,Training|Validation,상온HMR,가공안주류,건과일,길림양행)건자두,길림양행,500G
15909,Training|Validation,상온HMR,가공안주류,건과일,동우농산 씨를뺀건자두300G,동우농산,300G
45440,Training|Validation,상온HMR,가공안주류,건과일,동우농산)건블루베리,동우농산,400G
35669,Training|Validation,상온HMR,가공안주류,건과일,동우농산)건크랜베리,동우농산,500G
55824,Training|Validation,상온HMR,가공안주류,건과일,동우농산)마리아니멕시칸건망고,동우농산,200G
65438,Training|Validation,상온HMR,가공안주류,건과일,동우농산건크랜베리,동우농산,600G
65775,Training|Validation,상온HMR,가공안주류,건과일,동우농산씨를뺸건자두,동우농산,300G
55968,Training|Validation,상온HMR,가공안주류,건과일,세움)건포도(지퍼백),세움,450G
66027,Training|Validation,상온HMR,가공안주류,건과일,씨제이올리브영)쫀득한망고말랭이80G,씨제이올리브영,80G
35947,Training|Validation,상온HMR,가공안주류,건과일,에스지상사)건아로니아,에스지상사,150G
55060,Training|Validation,상온HMR,가공안주류,건과일,열매마을건조크랜베리루비150G,열매마을,150G
35727,Training|Validation,상온HMR,가공안주류,건과일,테일러팜스)말린블랙체리,테일러팜스,170G
45786,Training|Validation,상온HMR,가공안주류,건과일,테일러팜스)테일러골든푸룬건자두,테일러팜스,200G
75064,Training|Validation,상온HMR,가공안주류,건과일,테일러팜스말린무화과,테일러팜스,190G
75065,Training|Validation,상온HMR,가공안주류,건과일,테일러팜스유기농건자두,테일러팜스,219G
35580,Training|Validation,상온HMR,건해조류,건미역,남포물산)국물이더진한미역귀&참미역,남포물산,100G
35581,Training|Validation,상온HMR,건해조류,건미역,남포물산)부드러운간편참미역,남포물산,100G
40176,Training|Validation,상온HMR,건해조류,건미역,옛날자른미역20G,오뚜기,20G
40167,Training|Validation,상온HMR,건해조류,건미역,옛날자른미역50G,오뚜기,50G
45058,Training|Validation,상온HMR,건해조류,건미역,해맑은번영 2번 씻은 유기인증 자른미역 30G,해맑은번영,30G
25462,Training|Validation,상온HMR,가공안주류,견과류,돌코리아 올라이트뮤즐리 말린과일과아몬드 300G,Dole 코리아,300G
35763,Training|Validation,상온HMR,가공안주류,견과류,길림양행)구운아몬드,길림양행,350G
35451,Training|Validation,상온HMR,가공안주류,견과류,길림양행)김맛아몬드,길림양행,210G
65664,Training|Validation,상온HMR,가공안주류,견과류,길림양행자연담은건강견과호두,길림양행,200G
25899,Training|Validation,상온HMR,가공안주류,견과류,김포에프디 일주일견과자주손이가는커피땅콩210G,김포에프디,210G
25634,Training|Validation,상온HMR,가공안주류,견과류,동우농산 아몬드슬라이스 200G,동우농산,200G
45961,Training|Validation,상온HMR,가공안주류,견과류,맑은농산)코코크런치넛와사비마카다미아,맑은농산,120G
25798,Training|Validation,상온HMR,가공안주류,견과류,머거본 솔트아몬드250G,머거본,250G
25461,Training|Validation,상온HMR,가공안주류,견과류,메모렛 사차인치로스팅시드 250G,메모렛,250G
35644,Training|Validation,상온HMR,가공안주류,견과류,메모렛)사차인치로스티드시드,메모렛,300G
35452,Training|Validation,상온HMR,가공안주류,견과류,민민푸드)머거본커피땅콩,민민푸드,300G
25838,Training|Validation,상온HMR,가공안주류,견과류,상명농산 구운땅콩600G,상명농산,600G
35437,Training|Validation,상온HMR,가공안주류,견과류,선명농수산)구운아몬드,선명농수산,330G
45445,Training|Validation,상온HMR,가공안주류,견과류,세움)캘리포니아호두,세움,450G
45439,Training|Validation,상온HMR,가공안주류,견과류,세움)호두,세움,150G
55447,Training|Validation,상온HMR,가공안주류,견과류,세움마카다미아,세움,200G
75074,Training|Validation,상온HMR,가공안주류,견과류,신세계밤고을공주맛좋은단밤,신세계밤,50G
35436,Training|Validation,상온HMR,가공안주류,견과류,싸이클릭푸드)피넛브리틀바이츠,싸이클릭푸드,200G
45166,Training|Validation,상온HMR,가공안주류,견과류,씨제이제일제담)맛군밤60G,씨제이제일제담,60G
65196,Training|Validation,상온HMR,가공안주류,견과류,아이배냇공주맛밤,아이배냇,50G
65634,Training|Validation,상온HMR,가공안주류,견과류,에스피씨삼립플랜터스드라이로스트피넛,에스피씨,453G
65197,Training|Validation,상온HMR,가공안주류,견과류,일동후디스키요순찐밤,일동후디스,50G
35094,Training|Validation,상온HMR,가공안주류,견과류,포마)땅콩이야기112G,포마,112G
45526,Training|Validation,상온HMR,가공안주류,견과류,하동율림)알토리꿀밤,하동율림,100G
45281,Training|Validation,상온HMR,가공안주류,견과류,후디스건강하게키워요키요알이꽉찬순군밤50G,후디스,50G
45430,Training|Validation,상온HMR,건채소,고구마,매홍엘앤에프)오븐에구운햇고구마말랭이,매홍엘앤에프,150G
55453,Training|Validation,상온HMR,건채소,고구마,매홍화덕에구운군고구마말랭이,매홍화덕,100G
35724,Training|Validation,상온HMR,건채소,고구마,명성식품)말랑말랑군고구마,명성식품,50G
45931,Training|Validation,상온HMR,건채소,고구마,새롬식품)구마구마해,새롬식품,57G
66030,Training|Validation,상온HMR,건채소,고구마,씨제이올리브영)쫀득한군고구마70G,씨제이올리브영,70G
66131,Training|Validation,상온HMR,건채소,고구마,정심푸드)농협100전남해남에서태어난군고구마말랭이,정심푸드,100G
66029,Training|Validation,상온HMR,스낵,고구마스낵,씨제이올리브영)네모난감자고구마50G,씨제이올리브영,50G
35405,Training|Validation,상온HMR,소스류,고기양념장,청정원)닭볶음탕양념480G*2(번들),청정원,960G
25953,Training|Validation,상온HMR,양곡,고시히카리,롯데상사 씻어나온간편한쌀한끼톡톡1.5kg,롯데푸드,1.5kg
35642,Training|Validation,상온HMR,가공분말류,곡물가루,두리두리)건조맥주효모,두리두리,220G
35639,Training|Validation,상온HMR,가공분말류,곡물가루,두리두리)볶은귀리분말,두리두리,170G
35640,Training|Validation,상온HMR,가공분말류,곡물가루,두리두리)인절미가루,두리두리,130G
45686,Training|Validation,상온HMR,가공분말류,곡물가루,성진식품)감자전분맛,성진식품,400G
20227,Training|Validation,상온HMR,가공분말류,곡물가루,영흥식품계피분200G,영흥식품,200G
25993,Training|Validation,상온HMR,가공분말류,곡물가루,롯데쇼핑 요리하다감자맛전분400G,요리하다,400G
25992,Training|Validation,상온HMR,가공분말류,곡물가루,롯데쇼핑 요리하다고구마맛전분400G,요리하다,400G
15944,Training|Validation,상온HMR,가공분말류,곡물가루,롯데쇼핑 요리하다볶음서리태가루250G,요리하다,250G
25991,Training|Validation,상온HMR,가공분말류,곡물가루,롯데쇼핑 요리하다콩국물가루300G,요리하다,300G
16056,Training|Validation,상온HMR,가공분말류,곡물가루,유기농산 유기농고운쌀가루100G,유기농산,100G
26102,Training|Validation,상온HMR,가공분말류,곡물가루,유기농산 유기농굵은쌀가루180G,유기농산,180G
80208,Training|Validation,상온HMR,가공분말류,곡물가루,전원식품 녹두빈대떡가루,전원식품,500G
45106,Training|Validation,상온HMR,가공분말류,곡물가루,전원식품 옥수수전분맛 350G,전원식품,350G
45075,Training|Validation,상온HMR,가공분말류,곡물가루,전원식품)도토리묵가루300G,전원식품,300G
35096,Training|Validation,상온HMR,가공분말류,곡물가루,전원식품)메밀가루350G,전원식품,350G
56029,Training|Validation,상온HMR,가공분말류,곡물가루,전원식품)요리하다진한들깨향이살아있는들깨가루,전원식품,300G
65109,Training|Validation,상온HMR,가공분말류,곡물가루,전원식품감자전분맛,전원식품,450G
55095,Training|Validation,상온HMR,가곡분말류,곡물가루,전원식품날콩가루,전원식품,300G
55073,Training|Validation,상온HMR,가곡분말류,곡물가루,전원식품생찹쌀가루450G,전원식품,450G
55074,Training|Validation,상온HMR,가곡분말류,곡물가루,전원식품엿기름가루300G,전원식품,300G
45685,Training|Validation,상온HMR,가공분말류,곡물가루,청오건강)우리아이유기농고운찹쌀가루(미음용),청오건강,100G
35574,Training|Validation,상온HMR,가공분말류,곡물가루,청오건강)유기농쌀가루,청오건강,350G
65665,Training|Validation,상온HMR,가공분말류,곡물가루,청오건강농업회사법인피코크유기농쌀가루,청오건강,500G
35952,Training|Validation,상온HMR,가공분말류,곡물가루,태광푸드)가바현미미숫가루,태광푸드,600G
25090,Training|Validation,상온HMR,가공분말류,곡물가루,한국생활건강 볶은 작두콩 분말 200G,한국생활건강,200G
45433,Training|Validation,상온HMR,가공분말류,곡물가루,한국생활건강)볶은작두콩분말,한국생활건강,200G
25038,Training|Validation,상온HMR,병통조림,과일병통조림,돌 후룻바틀 파인애플 666G,Dole 코리아,666G
55464,Training|Validation,상온HMR,병통조림,과일병통조림,영인코퍼레이션선드라이토마토,영인코퍼레이션,285G
40226,Training|Validation,상온HMR,병통조림,과일병통조림,오뚜기황도,오뚜기,400g
25704,Training|Validation,상온HMR,스낵,과일스낵,농업회사법인대흥 생생대추 80G,농업회사법인대흥,80G
45985,Training|Validation,상온HMR,스낵,과일스낵,머거본)바나나칩,머거본,400G
45446,Training|Validation,상온HMR,스낵,과일스낵,산들)경산대추칩,산들,80G
75076,Training|Validation,상온HMR,스낵,과일스낵,신세계제주그대로귤말랭이,신세계제,30G
25454,Training|Validation,상온HMR,스낵,과일스낵,에스앤너츠 오아시스가선물한대추야자 500G,에스앤너츠,500G
46033,Training|Validation,상온HMR,스낵,과일스낵,에이뷰)파인애플칩,에이뷰,12G
55802,Training|Validation,상온HMR,스낵,과일스낵,에이뷰)피코크파인애플그대로,에이뷰,12G
65779,Training|Validation,상온HMR,스낵,과일스낵,에이뷰피코크유기농배그대로,에이뷰,15G
46045,Training|Validation,상온HMR,스낵,과일스낵,일해)몽글몽귤,일해,35G
45982,Training|Validation,상온HMR,스낵,과일스낵,해맑음푸드)바나나칩,해맑음푸드,250G
10244,Training|Validation,상온HMR,과채음료,과일음료,Dole 후룻볼 복숭아 4입 100%주스,Dole 코리아,4개입
55466,Training|Validation,상온HMR,절임/잼,과일잼,다온웰푸드다나블루베리잼,다온웰푸드,340G
90243,Training|Validation,상온HMR,절임/잼,과일잼,onlyprice 깔끔하게 짜먹는 딸기잼,온리프라이스,500G
90244,Training|Validation,상온HMR,절임/잼,과일잼,onlyprice 깔끔하게 짜먹는 사과잼,온리프라이스,500G
65849,Training|Validation,상온HMR,봉지면,국물봉지라면,글로델)히가시후즈돈코츠라멘5봉,글로델,396G
65850,Training|Validation,상온HMR,봉지면,국물봉지라면,삼경에프에스)삿포로라멘쇼유5봉,삼경에프에스,410G
65851,Training|Validation,상온HMR,봉지면,국물봉지라면,삼경에프에스)삿포로탄멘시오5봉,삼경에프에스,415G
25706,Training|Validation,상온HMR,소스류,국물용소스,CJ 다담 냉이된장찌개양념 140G,CJ제일제당,140G
25707,Training|Validation,상온HMR,소스류,국물용소스,CJ 다담 바지락순두부찌개양념 140G,CJ제일제당,140G
25711,Training|Validation,상온HMR,소스류,국물용소스,CJ 사골애처음부터육수가쓰오 525ML,CJ제일제당,525ML
25712,Training|Validation,상온HMR,소스류,국물용소스,CJ 사골애처음부터육수멸치다시마 525ML,CJ제일제당,525ML
35663,Training|Validation,상온HMR,소스류,국물용소스,동원홈푸드)간편한순두부찌개양념,동원홈푸드,140G
50244,Training|Validation,상온HMR,소스류,국물용소스,사조 참치액으로 만든 샤브샤브 육수 80g,사조,80G
10305,Training|Validation,상온HMR,소스류,국물용소스,샘표 가쓰오샤브샤브육수 200G,샘표식품,200G
50239,Training|Validation,상온HMR,소스류,국물용소스,샘표 국시장국멸치다시마국물 345ML,샘표식품,345ML
50241,Training|Validation,상온HMR,소스류,국물용소스,샘표 담백한샤브샤브육수 200G,샘표식품,200G
45671,Training|Validation,상온HMR,소스류,국물용소스,"신성티엔에프)아이밀홈쿡순수요리육수(한우,표고버섯과채소)",신성티엔,200G
35662,Training|Validation,상온HMR,소스류,국물용소스,신성티엔에프)아이밀홈쿡순수요리육수(한우양지와대파),신성티엔,200G
25941,Training|Validation,상온HMR,소스류,국물용소스,롯데쇼핑 요리하다양지육수500G,요리하다,500G
90266,Training|Validation,상온HMR,소스류,국물용소스,자연그대로 가쓰오육수 500g,자연그대로,500g
10306,Training|Validation,상온HMR,소스류,국물용소스,자연그대로 제주딱새우육수 500g,자연그대로,500g
35880,Training|Validation,상온HMR,소스류,국물용소스,정풍)요리하다사골육수,정풍,500G
65410,Training|Validation,상온HMR,소스류,국물용소스,참프레비비고삼계탕육수,참프레,800G
75070,Training|Validation,상온HMR,소스류,국물용소스,청정원고메레시피찜닭양념,청정원,180G
75069,Training|Validation,상온HMR,소스류,국물용소스,청정원굴순두부찌개양념,청정원,140G
55269,Training|Validation,상온HMR,소스류,국물용소스,해표충청도식짜글이찌개양념,해표,120G
26018,Training|Validation,상온HMR,잡곡,귀리,가든클래식 귀리500G,가든클래식,500G
66135,Training|Validation,상온HMR,잡곡,귀리,태광푸드)볶은통귀리,태광푸드,700G
35446,Training|Validation,상온HMR,잡곡,귀리,한국라이스텍)귀리,한국라이스텍,900G
35946,Training|Validation,상온HMR,기타,기타,강원약초농산)돼지감자,강원약초농산,100G
25689,Training|Validation,상온HMR,기타,기타,금광약초 두충 60G,금광약초,60G
25690,Training|Validation,상온HMR,기타,기타,금광약초 뽕잎 40G,금광약초,40G
25688,Training|Validation,상온HMR,기타,기타,금광약초 여주 35G,금광약초,35G
25687,Training|Validation,상온HMR,기타,기타,금광약초 오가피 120G,금광약초,120G
65666,Training|Validation,상온HMR,기타,기타,금광약초감초원산지우즈베키스탄,금광약초,160G
30160,Training|Validation,상온HMR,기타,기타,양송이스프,기타,80G
55079,Training|Validation,상온HMR,기타,기타,브레드가든푸드칼라아이싱칼라4종56G,브레드가,56G
45434,Training|Validation,상온HMR,기타,기타,산들)한가족삼계모음,산들,250G
46040,Training|Validation,상온HMR,기타,기타,신성에프엔비)감초,신성에프엔비,100G
56033,Training|Validation,상온HMR,기타,기타,신성에프엔비)건강담은한상능이버섯이들어간백숙재료모음,신성에프엔비,135G
35945,Training|Validation,상온HMR,기타,기타,신성에프엔비)건여주,신성에프엔비,30G
46038,Training|Validation,상온HMR,기타,기타,신성에프엔비)당귀,신성에프엔비,100G
46036,Training|Validation,상온HMR,기타,기타,신성에프엔비)칡,신성에프엔비,110G
15665,Training|Validation,상온HMR,가공안주류,기타간식/안주형과자,이마트 피코크 유기농군밤 100G,이마트,100G
15890,Training|Validation,상온HMR,가공안주류,기타간식/안주형과자,이마트피코크 유기농군밤100G*2봉,이마트,200G
15089,Training|Validation,상온HMR,레토르트,기타레토르트,CJ 제일안주 불돼지껍데기 160G,CJ제일제당,160G
25705,Training|Validation,상온HMR,레토르트,기타레토르트,CJ 제일안주 소양불막창 170G,CJ제일제당,170G
35069,Training|Validation,상온HMR,레토르트,기타레토르트,CJ제일제당)김치전컵전210G,CJ제일제당,210G
40251,Training|Validation,상온HMR,레토르트,기타레토르트,광천해저뿌려먹는김가루,광천식품,70G
35951,Training|Validation,상온HMR,레토르트,기타레토르트,교동식품)일상가정식곱창전골,교동식품,400G
65405,Training|Validation,상온HMR,레토르트,기타레토르트,교동식품일상가정식곱창전골,교동식품,400G
60109,Training|Validation,상온HMR,레토르트,기타레토르트,그루나무)뽀로로랍스터맛떡볶이115G,그루나무,115G
35665,Training|Validation,상온HMR,레토르트,기타레토르트,그린2)통마늘매콤껍데기,그린2,160G
35283,Training|Validation,상온HMR,레토르트,기타레토르트,그린2공장)통마늘제육오돌뼈160G,그린2공장,160G
15487,Training|Validation,상온HMR,레토르트,기타레토르트,본아이에프 본죽 쇠고기장조림 170G,기타,170G
15085,Training|Validation,상온HMR,레토르트,기타레토르트,주비푸드 적초생강 80G,기타,80G
65653,Training|Validation,상온HMR,레토르트,기타레토르트,칼칼한돼지고기김치찜,기타,180G
65773,Training|Validation,상온HMR,레토르트,기타레토르트,해우촌돌김자반1+150G*2,기타,100G
66310,Training|Validation,상온HMR,레토르트,기타레토르트,해우촌돌김자반50G,기타,50G
65660,Training|Validation,상온HMR,레토르트,기타레토르트,해초랑무가미구운김가루,기타,40G
45061,Training|Validation,상온HMR,레토르트,기타레토르트,김노리 유기농 해의 김자반 야채 30G,김노리,30G
45062,Training|Validation,상온HMR,레토르트,기타레토르트,김노리 유기농 해의 김자반 해물 30G,김노리,30G
35578,Training|Validation,상온HMR,레토르트,기타레토르트,김노리)핑크퐁키즈김자반,김노리,40G
25117,Training|Validation,상온HMR,레토르트,기타레토르트,남양 맘스쿠킹 국내산 쇠고기와두부 100G,남양유업,100G
15105,Training|Validation,상온HMR,레토르트,기타레토르트,거버 오가닉 2단계 바나나 블루베리 블랙베리 오트밀 99G,네슬레거버,99G
15263,Training|Validation,상온HMR,레토르트,기타레토르트,네슬레 거버1단계이유식당근113G,네슬레코리아,113G
15265,Training|Validation,상온HMR,레토르트,기타레토르트,네슬레 거버1단계이유식바나나113G,네슬레코리아,113G
15264,Training|Validation,상온HMR,레토르트,기타레토르트,네슬레 거버1단계이유식배113G,네슬레코리아,113G
15261,Training|Validation,상온HMR,레토르트,기타레토르트,네슬레 거버1단계이유식사과113G,네슬레코리아,113G
15262,Training|Validation,상온HMR,레토르트,기타레토르트,네슬레 거버1단계이유식푸룬113G,네슬레코리아,113G
15267,Training|Validation,상온HMR,레토르트,기타레토르트,네슬레 거버2단계이유식망고사과트위스트226G,네슬레코리아,226G
15266,Training|Validation,상온HMR,레토르트,기타레토르트,네슬레 거버2단계이유식사과딸기바나나226G,네슬레코리아,226G
15268,Training|Validation,상온HMR,레토르트,기타레토르트,네슬레 거버2단계이유식사과블루베리226G,네슬레코리아,226G
15269,Training|Validation,상온HMR,레토르트,기타레토르트,네슬레 거버2단계이유식푸룬사과226G,네슬레코리아,226G
65671,Training|Validation,상온HMR,레토르트,기타레토르트,농업회사법인싱그람반찬애양념깻잎,농업회사법인싱그람반찬애,100G
65672,Training|Validation,상온HMR,레토르트,기타레토르트,농업회사법인싱그람반찬애오징어채볶음,농업회사법인싱그람반찬애,60G
10261,Training|Validation,상온HMR,레토르트,기타레토르트,대상종가집 고추장멸치볶음,대상,60G
60215,Training|Validation,상온HMR,레토르트,기타레토르트,대상종가집 돼지고기메추리알장조림,대상,130G
10260,Training|Validation,상온HMR,레토르트,기타레토르트,대상종가집 연근조림,대상,100G
66144,Training|Validation,상온HMR,레토르트,기타레토르트,대양식품)고소하고바삭한파래돌자반볶음2개입,대양식품,120G
30295,Training|Validation,상온HMR,레토르트,기타레토르트,대천김)식탁김,대천김,15G
90246,Training|Validation,상온HMR,레토르트,기타레토르트,대천김자반볶음 60g 2봉,대천김,60g
45779,Training|Validation,상온HMR,레토르트,기타레토르트,동림식품)훈제굴,동림식품,85G
15722,Training|Validation,상온HMR,레토르트,기타레토르트,동원 양반소고기장조림 110G,동원F&B,110G
35100,Training|Validation,상온HMR,레토르트,기타레토르트,동원F&B)소고기장조림270G,동원F&B,270G
55450,Training|Validation,상온HMR,레토르트,기타레토르트,동원간편요리키트우렁강된장,동원F&B,262G
65447,Training|Validation,상온HMR,레토르트,기타레토르트,동원골뱅이비빔,동원F&B,280G
65445,Training|Validation,상온HMR,레토르트,기타레토르트,동원꼬막간장비빔,동원F&B,280G
65446,Training|Validation,상온HMR,레토르트,기타레토르트,동원꼬막매콤비빔,동원F&B,280G
55649,Training|Validation,상온HMR,레토르트,기타레토르트,동원양반얇게찢어부드러운돼지고기장조림,동원F&B,110G
55648,Training|Validation,상온HMR,레토르트,기타레토르트,동원양반프리미엄버터로볶아고소한볶음갓김치,동원F&B,80G
85011,Training|Validation,상온HMR,레토르트,기타레토르트,동원홈푸드밥한그릇뚝딱불고기덮밥소스,동원홈푸드,130G
85010,Training|Validation,상온HMR,레토르트,기타레토르트,동원홈푸드밥한그릇뚝딱비프카페,동원홈푸드,160G
85008,Training|Validation,상온HMR,레토르트,기타레토르트,동원홈푸드밥한그릇뚝딱소고기강된장덮밥소스,동원홈푸드,150G
85007,Training|Validation,상온HMR,레토르트,기타레토르트,동원홈푸드밥한그릇뚝딱치킨돈부리덮밥소스,동원홈푸드,150G
25115,Training|Validation,상온HMR,레토르트,기타레토르트,매일 맘마밀 안심이유식 가리비와 두부 100G,매일유업,100G
25116,Training|Validation,상온HMR,레토르트,기타레토르트,매일 맘마밀 안심이유식 단호박과소고기 100G,매일유업,100G
25114,Training|Validation,상온HMR,레토르트,기타레토르트,매일 맘마밀 안심이유식 미역과 소고기 100G,매일유업,100G
15104,Training|Validation,상온HMR,레토르트,기타레토르트,매일 맘마밀 안심이유식 아스파라거스와 닭가슴살 100G,매일유업,100G
66136,Training|Validation,상온HMR,레토르트,기타레토르트,바다원)바다원녹차가루를넣은녹차돌김자반볶음2개입,바다원,120G
55640,Training|Validation,상온HMR,레토르트,기타레토르트,반찬애)견과류멸치볶음,반찬애,60G
65207,Training|Validation,상온HMR,레토르트,기타레토르트,베베쿡처음먹는어린이김,베베쿡,15G
20198,Training|Validation,상온HMR,레토르트,기타레토르트,뽀로로랍스터떡볶이120G,뽀로로랍,120G
20197,Training|Validation,상온HMR,레토르트,기타레토르트,뽀로로매콤떡볶이120G,뽀로로매,120G
20199,Training|Validation,상온HMR,레토르트,기타레토르트,뽀로로짜장떡볶이120G,뽀로로짜,120G
40187,Training|Validation,상온HMR,레토르트,기타레토르트,뽀로로크림떡볶이120G,뽀로로크,120G
85018,Training|Validation,상온HMR,레토르트,기타레토르트,싱그람반찬애콩자반,싱그람,100G
15068,Training|Validation,상온HMR,레토르트,기타레토르트,백설 물만부어 부쳐먹는 컵전 해물파전 92G,씨제이제일제당,92G
15067,Training|Validation,상온HMR,레토르트,기타레토르트,백설 재료 준비없이 바로 부쳐먹는 감자전 120G,씨제이제일제당,120G
25658,Training|Validation,상온HMR,레토르트,기타레토르트,백설 컵전 김치전 210G,씨제이제일제당,210G
25657,Training|Validation,상온HMR,레토르트,기타레토르트,백설 컵전 녹두빈대떡 155G,씨제이제일제당,155G
45992,Training|Validation,상온HMR,레토르트,기타레토르트,씨제이)고메토마토미트볼,씨제이제일제당,200G
45991,Training|Validation,상온HMR,레토르트,기타레토르트,씨제이)고메함박스테이크,씨제이제일제당,200G
66137,Training|Validation,상온HMR,레토르트,기타레토르트,씨제이제일제당)고메처즈크림함박스테이크,씨제이제일제당,180G
35991,Training|Validation,상온HMR,레토르트,기타레토르트,아이배냇)솔솔뿌려먹는레시피김자반,아이배냇,32G
66242,Training|Validation,상온HMR,레토르트,기타레토르트,아이배냇)아이배냇꼬마미트볼,아이배냇,160G
56027,Training|Validation,상온HMR,레토르트,기타레토르트,아이배냇)아이배냇꼬마한끼두부스테이크,아이배냇,160G
35928,Training|Validation,상온HMR,레토르트,기타레토르트,아이배냇)아이배냇베베떠먹는고구마,아이배냇,90G
35929,Training|Validation,상온HMR,레토르트,기타레토르트,아이배냇)아이배냇베베떠먹는고구마와바나나,아이배냇,90G
25226,Training|Validation,상온HMR,레토르트,기타레토르트,아이배냇)유기농보들김20G,아이배냇,20G
65112,Training|Validation,상온HMR,레토르트,기타레토르트,양반메추리알장조림,양반,270G
65774,Training|Validation,상온HMR,레토르트,기타레토르트,에스씨푸트지도표성경김자반견과김자반,에스씨푸드,150G
25641,Training|Validation,상온HMR,레토르트,기타레토르트,에이뷰 야채김자반볶음 40G,에이뷰,40G
25640,Training|Validation,상온HMR,레토르트,기타레토르트,에이뷰 유기농인증원료로만든 김자반볶음 40G,에이뷰,40G
50150,Training|Validation,상온HMR,레토르트,기타레토르트,3분김치참치매운맛,오뚜기,150G
60160,Training|Validation,상온HMR,레토르트,기타레토르트,3분제육덮밥매운맛150G,오뚜기,150G
25643,Training|Validation,상온HMR,레토르트,기타레토르트,오뚜기 간단한끼 김치고등어조림 180g,오뚜기,180g
35560,Training|Validation,상온HMR,레토르트,기타레토르트,오뚜기)입맛돋는매운갈비찜,오뚜기,180G
70175,Training|Validation,상온HMR,레토르트,기타레토르트,오뚜기3분미트볼150G,오뚜기,150G
65481,Training|Validation,상온HMR,레토르트,기타레토르트,오뚜기3분미트볼4개입,오뚜기,600G
50151,Training|Validation,상온HMR,레토르트,기타레토르트,오뚜기3분스위트칠리치킨150G,오뚜기,150G
70176,Training|Validation,상온HMR,레토르트,기타레토르트,오뚜기3분햄버거스테이크140G,오뚜기,140G
66346,Training|Validation,상온HMR,레토르트,기타레토르트,오뚜기3분햄버그스테이크140G,오뚜기,140G
65482,Training|Validation,상온HMR,레토르트,기타레토르트,오뚜기3분햄버그스테이크4개입,오뚜기,560G
65652,Training|Validation,상온HMR,레토르트,기타레토르트,오뚜기달콤한데리야끼치킨,오뚜기,180G
15408,Training|Validation,상온HMR,레토르트,기타레토르트,오뚜기매콤꽁치조림,오뚜기,150G
65651,Training|Validation,상온HMR,레토르트,기타레토르트,오뚜기화끈한닭강정화끈하게매운맛,오뚜기,180G
35455,Training|Validation,상온HMR,레토르트,기타레토르트,올레)본죽제주안심장조림,올레,170G
55979,Training|Validation,상온HMR,레토르트,기타레토르트,원일식품)요리하다강된장덮밥소스,원일식품,100G
15730,Training|Validation,상온HMR,레토르트,기타레토르트,이마트 피코크 정갈하게담아낸계란장조림 400G,이마트,400G
25642,Training|Validation,상온HMR,레토르트,기타레토르트,이마트 피코크 정갈하게담아낸메추리알장조림 130G,이마트,130G
25702,Training|Validation,상온HMR,레토르트,기타레토르트,이마트 피코크 정갈하게담아낸연근조림 130G,이마트,130G
15729,Training|Validation,상온HMR,레토르트,기타레토르트,이마트 피코크 정갈하게담아낸오징어채조림 100G,이마트,100G
15069,Training|Validation,상온HMR,레토르트,기타레토르트,전원식품 식혜만들기 240G,전원식품,240G
70225,Training|Validation,상온HMR,레토르트,기타레토르트,종가집검은콩조림,종가집,60G
70226,Training|Validation,상온HMR,레토르트,기타레토르트,종가집쇠고기메추리알장조림,종가집,130G
70224,Training|Validation,상온HMR,레토르트,기타레토르트,종가집오징어채볶음,종가집,60G
55286,Training|Validation,상온HMR,레토르트,기타레토르트,청정원안주야소양돼지곱창,청정원,160G
26039,Training|Validation,상온HMR,레토르트,기타레토르트,롯데쇼핑 초이스엘유기농우리아이김20G,초이스엘,20G
A40039,Training|Validation,상온HMR,레토르트,기타레토르트,(주)쿠팡 곰곰김자반,쿠팡,50g
25194,Training|Validation,상온HMR,레토르트,기타레토르트,폴라리스)크리스탈브라운펄280G,폴라리스,280G
65632,Training|Validation,상온HMR,레토르트,기타레토르트,풍림푸드정갈하게담아낸계란찜(명란)2개입,풍림푸드,200G
35659,Training|Validation,상온HMR,레토르트,기타레토르트,한국식연)정갈하게담아낸돼지고기장조림,한국식연,180G
65670,Training|Validation,상온HMR,레토르트,기타레토르트,한국식연피코크정갈하게담아낸메추리알장조림,한국식연,130G
85017,Training|Validation,상온HMR,레토르트,기타레토르트,한국식연피코크정갈하게담아낸무말랭무침,한국식연,130G
85016,Training|Validation,상온HMR,레토르트,기타레토르트,한국식연피코크정갈하게담아낸생꺳잎무침,한국식연,130G
65675,Training|Validation,상온HMR,레토르트,기타레토르트,한국식연피코크정갈하게담아낸콩자반조림,한국식연,130G
65743,Training|Validation,상온HMR,레토르트,기타레토르트,한성기업한끼애고소하게비벼먹는낙지간편하게한끼뚝딱,한성기업,90G
35555,Training|Validation,상온HMR,레토르트,기타레토르트,해촌상사)엑스트라버진올리브유광천김자반,해촌상사,65G
45444,Training|Validation,상온HMR,레토르트,기타레토르트,홈플러스)맛도영양도견과류멸치볶음,홈플러스,60G
35435,Training|Validation,상온HMR,레토르트,기타레토르트,홈플러스)매콤닭볶음탕,홈플러스,600G
45427,Training|Validation,상온HMR,레토르트,기타레토르트,홈플러스)메추리알장조림,홈플러스,900G
45437,Training|Validation,상온HMR,레토르트,기타레토르트,홈플러스)아삭아삭연근조림,홈플러스,120G
45438,Training|Validation,상온HMR,레토르트,기타레토르트,홈플러스)오독오독마늘쫑무침,홈플러스,120G
45442,Training|Validation,상온HMR,레토르트,기타레토르트,홈플러스)짭쪼름하고고소한콩자반,홈플러스,120G
35434,Training|Validation,상온HMR,레토르트,기타레토르트,홈플러스)통뼈국물닭발,홈플러스,400G
65434,Training|Validation,상온HMR,레토르트,기타레토르트,홈플러스3시간이상삶아부드러운돼지고기장조림,홈플러스,150G
65441,Training|Validation,상온HMR,레토르트,기타레토르트,홈플러스달콤짭조름한안동식찜닭,홈플러스,600G
15410,Training|Validation,상온HMR,레토르트,기타레토르트,홈플러스무말랭이,홈플러스,120G
15405,Training|Validation,상온HMR,레토르트,기타레토르트,홈플러스부드러운버터장조림,홈플러스,80G
15407,Training|Validation,상온HMR,레토르트,기타레토르트,홈플러스부드러운쇠고기장조림,홈플러스,150G
15406,Training|Validation,상온HMR,레토르트,기타레토르트,홈플러스양념깻잎,홈플러스,120G
15411,Training|Validation,상온HMR,레토르트,기타레토르트,홈플러스진미채아몬드조림,홈플러스,60G
26011,Training|Validation,상온HMR,분말조리식,기타분말조리식,CJ밸런스밀귀리50G,CJ제일제당,50G
45066,Training|Validation,상온HMR,분말조리식,기타분말조리식,더온푸드 뿌릴락비빌락 야채 20G,다온푸드,20G
26009,Training|Validation,상온HMR,분말조리식,기타분말조리식,비엘에프씨 귀리우유쉐이크50G,비엘에프,50G
26010,Training|Validation,상온HMR,분말조리식,기타분말조리식,비엘에프씨 서리태콩물쉐이크40G,비엘에프,40G
35079,Training|Validation,상온HMR,분말조리식,기타분말조리식,오뚜기)감자전믹스200G,오뚜기,200G
56035,Training|Validation,상온HMR,분말조리식,기타분말조리식,전원식품)요리하다볶은귀리로만들어더욱고소한타먹는귀리가루,전원식품,400G
50174,Training|Validation,상온HMR,설텅류,기타설탕류,뉴슈가60G,기타,60G
50217,Training|Validation,상온HMR,설탕류,기타설탕류,브래드가든 슈가파우더,브래드가,210G
25097,Training|Validation,상온HMR,설탕류,기타설탕류,브레드가든 컬러 슈가파우더 60G,브레드가,60G
10236,Training|Validation,상온HMR,설탕류,기타설탕류,신화당50G,신진식품,50G
50210,Training|Validation,상온HMR,식용유,기타식용유,CJ 바삭한요리유,CJ제일제당,900ML
65715,Training|Validation,상온HMR,양곡,기타양곡,신흥농산)맛을더한표고미,신흥농산,350G
55119,Training|Validation,상온HMR,치즈,기타자연치즈,르구망마일드체다치즈,르구망마,227G
26019,Training|Validation,상온HMR,잡곡,기타잡곡류,가든클래식 볶은아마씨드450G,가든클래식,450G
35629,Training|Validation,상온HMR,잡곡,기타잡곡류,늘푸른농업)볶은아마씨,늘푸른농업,230G
25686,Training|Validation,상온HMR,잡곡,기타잡곡류,두보식품 오트밀 800G,두보식품,800G
45105,Training|Validation,상온HMR,잡곡,기타잡곡류,두보식품 퀴노아 400G,두보식품,400G
55103,Training|Validation,상온HMR,잡곡,기타잡곡류,두보식품치아씨드400G,두보식품,400G
35098,Training|Validation,상온HMR,잡곡,기타잡곡류,라이스텍)볶은골드아마씨350G,라이스텍,350G
65662,Training|Validation,상온HMR,잡곡,기타잡곡류,미동농산해바라기씨,미동농산,500G
65688,Training|Validation,상온HMR,잡곡,기타잡곡류,서울루션)햄프씨드,서울루션,400G
65694,Training|Validation,상온HMR,잡곡,기타잡곡류,수내추럴)쌀눈조아,수내추럴,220G
65689,Training|Validation,상온HMR,잡곡,기타잡곡류,수내츄럴)자연속내츄럴쌀눈,수내츄럴,500G
35641,Training|Validation,상온HMR,잡곡,기타잡곡류,쌈지에프앤비)볶음아마씨드,쌈지에프앤비,280G
65693,Training|Validation,상온HMR,잡곡,기타잡곡류,쌈지에프엔비)볶음아마씨드,쌈지에프엔비,280G
75062,Training|Validation,상온HMR,잡곡,기타잡곡류,이마트볶은아마씨,이마트,300G
66134,Training|Validation,상온HMR,잡곡,기타잡곡류,태광푸드)볶은통율무,태광푸드,100G
55733,Training|Validation,상온HMR,잡곡,기타잡곡류,토리코리아)노던골드오트,토리코리아,510G
25452,Training|Validation,상온HMR,전통과자,기타전통과자,라이스푸드 바삭고소 현미누룽지 500G,라이스푸드,500G
25459,Training|Validation,상온HMR,전통과자,기타전통과자,매홍엘앤에프 솥뚜껑누룽지 1KG,매홍엘앤,1KG
25453,Training|Validation,상온HMR,전통과자,기타전통과자,엄마사랑 바삭바삭 간식누룽지 1KG,엄마사랑,1KG
25402,Training|Validation,상온HMR,전통과자,기타전통과자,엄마사랑 심심타파 포켓누룽지 462G,엄마사랑,462G
15101,Training|Validation,상온HMR,전통과자,기타전통과자,포마 검은깨이야기 오리지날 100G,포마,100G
15474,Training|Validation,상온HMR,전통과자,기타전통과자,한국삼 꿀먹는홍삼말랭이 40G,한국삼,40G
15464,Training|Validation,상온HMR,전통과자,기타전통과자,홈플러스시그니쳐 발아현미누룽지 600G,홈플러스,600G
50240,Training|Validation,상온HMR,분말조미료,기타조미료세트,자연그대로 멸치육수 500g,자연그대로,500g
65645,Training|Validation,상온HMR,캔통조림,기타통조림,동원양반양반김치볶음김치,동원F&B,160G
65646,Training|Validation,상온HMR,캔통조림,기타통조림,동원양반양반김치썰은김치,동원F&B,160G
55061,Training|Validation,상온HMR,가공분말류,기타프리믹스,CJ초코케익믹스300G,CJ제일제당,300G
25082,Training|Validation,상온HMR,가공분말류,기타프리믹스,브레드가든 인스턴트 이스트 32G,브레드가,32G
85029,Training|Validation,상온HMR,가공분말류,기타프리믹스,브레드가든피코크핑크퐁베이킹믹스브라우니만들기,브레드가,220G
85005,Training|Validation,상온HMR,가공분말류,기타프리믹스,브레드가든피코크핑크퐁베이킹믹스초코칩쿠키만들기,브레드가,265G
85002,Training|Validation,상온HMR,가공분말류,기타프리믹스,브레드가든핑크퐁베이킹믹스초코마카롱만들기,브레드가,220G
25084,Training|Validation,상온HMR,가공분말류,기타프리믹스,브레드가든 진저브레드 쿠키믹스 250G,브레드가든,250G
35062,Training|Validation,상온HMR,가공분말류,기타프리믹스,"브레드가든)머랭쿠키믹스밀크맛,산딸기맛 150G",브레드가든,150G
75005,Training|Validation,상온HMR,가공분말류,기타프리믹스,브레드가든)핑크퐁베이킹믹스소프트쿠키만들기,브레드가든,240G
45677,Training|Validation,상온HMR,가공분말류,기타프리믹스,삼양사)큐원홈메이드고구마케익믹스,삼양사,350G
45091,Training|Validation,상온HMR,가공분말류,기타프리믹스,삼양사)큐원홈메이드고구마케익믹스70G,삼양사,70G
45790,Training|Validation,상온HMR,가공분말류,기타프리믹스,삼양사)큐원홈메이드난과커리믹스,삼양사,235G
35068,Training|Validation,상온HMR,가공분말류,기타프리믹스,삼양사)큐원홈메이드수제초콜릿믹스160G,삼양사,160G
35099,Training|Validation,상온HMR,가공분말류,기타프리믹스,삼양사)큐원홈메이드영양쿠키믹스250G,삼양사,250G
75002,Training|Validation,상온HMR,가공분말류,기타프리믹스,삼양사)큐원홈메이드우리밀팬케익믹스,삼양사,430G
45092,Training|Validation,상온HMR,가공분말류,기타프리믹스,삼양사)큐원홈메이드초코케익믹스70G,삼양사,70G
45071,Training|Validation,상온HMR,가공분말류,기타프리믹스,삼양사)큐원홈메이드초코쿠키믹스300G,삼양사,300G
45089,Training|Validation,상온HMR,가공분말류,기타프리믹스,소시에뜨)사프인스턴트이스트레드32G,소시에뜨,32G
35592,Training|Validation,상온HMR,가공분말류,기타프리믹스,백설 브라우니믹스 320G,씨제이제일제당,320G
55065,Training|Validation,상온HMR,가공분말류,기타프리믹스,오뚜기초간편김치전믹스,오뚜기,320G
85012,Training|Validation,상온HMR,가공분말류,기타프리믹스,큐원홈메이드머그컵에담아전자레인지로2분30초면OK초코케익믹스7개입,큐원,350G
55062,Training|Validation,상온HMR,가공분말류,기타프리믹스,큐원홈메이드스폰지케익믹스500G,큐원,500G
85006,Training|Validation,상온HMR,가공분말류,기타프리믹스,큐원홈메이드와플믹스,큐원,500G
55067,Training|Validation,상온HMR,가공분말류,기타프리믹스,큐원홈메이드팬케익믹스100G,큐원,100G
66068,Training|Validation,상온HMR,분말조미료,기타향신료,브레드가든)계피가루시나몬파우더46G,브레드가든,46G
30267,Training|Validation,상온HMR,분말조미료,기타향신료,신영 월계수잎 파우치 22G,신영,22G
25108,Training|Validation,상온HMR,분말조미료,기타향신료,신영 크러쉬드레드페퍼 33G,신영,33G
45117,Training|Validation,상온HMR,분말조미료,기타향신료,신영 타임럽드블랙(뚜껑)25G,신영,25G
45118,Training|Validation,상온HMR,분말조미료,기타향신료,신영 타임럽드실버(뚜껑)25G,신영,25G
26015,Training|Validation,상온HMR,분말조미료,기타향신료,신영에프에스 월계수잎30G,신영에이치에스,30G
26014,Training|Validation,상온HMR,분말조미료,기타향신료,신영에프에스 페페로치노홀100G,신영에이치에스,100G
66066,Training|Validation,상온HMR,분말조미료,기타향신료,신영에프에스)요리하다강황분55G,신영에이치에스,55G
66061,Training|Validation,상온HMR,분말조미료,기타향신료,신영에프에스)요리하다계피가루45G,신영에이치에스,45G
66065,Training|Validation,상온HMR,분말조미료,기타향신료,신영에프에스)요리하다바질럽드16G,신영에이치에스,16G
46034,Training|Validation,상온HMR,분말조미료,기타향신료,신영에프에스)요리하다월계수잎,신영에이치에스,22G
66067,Training|Validation,상온HMR,분말조미료,기타향신료,신영에프에스)요리하다페페로치노홀22G,신영에이치에스,22G
66063,Training|Validation,상온HMR,분말조미료,기타향신료,신영에프에스)요리하다피클링스파이스45G,신영에이치에스,45G
26025,Training|Validation,상온HMR,분말조미료,기타향신료,롯데쇼핑 요리하다로즈마리홀24G,요리하다,24G
26026,Training|Validation,상온HMR,분말조미료,기타향신료,롯데쇼핑 요리하다오레가노럽드18G,요리하다,18G
75057,Training|Validation,상온HMR,분말조미료,기타향신료,이마트 피코크 강황 54G,이마트,54G
75054,Training|Validation,상온HMR,분말조미료,기타향신료,이마트 피코크 이탈리안허브믹스 20G,이마트,20G
75052,Training|Validation,상온HMR,분말조미료,기타향신료,이마트 피코크 통백후추그라인더 60G,이마트,60G
75053,Training|Validation,상온HMR,분말조미료,기타향신료,이마트 피코크 통흑후추솔트그라인더 65G,이마트,65G
75055,Training|Validation,상온HMR,분말조미료,기타향신료,이마트 피코크 페퍼스테이크용시즈닝 55G,이마트,55G
65826,Training|Validation,상온HMR,분말조미료,기타향신료,이마트)갈릭&어니언페퍼솔트그라인더,이마트,60G
66064,Training|Validation,상온HMR,분말조미료,기타향신료,전원식품)요리하다국내산생강가루40G,전원식품,40G
66062,Training|Validation,상온HMR,분말조미료,기타향신료,제이푸드서비스)요리하다생강가루45G,제이푸드서비스,45G
55984,Training|Validation,상온HMR,분말조미료,기타향신료,제이푸드서비스)요리하다크러쉬드레드페퍼,제이푸드서비스,35G
26013,Training|Validation,상온HMR,분말조미료,기타향신료,지오허브 팔각향80G,지오허브,80G
55461,Training|Validation,상온HMR,분말조미료,기타향신료,천하코퍼레이션멜리스핫케이앤페퍼,천하코퍼레이션,160G
50233,Training|Validation,상온HMR,분말조미류,기타향신료,카르멘시타 페퍼민트 18G,카르멘시타,18G
66072,Training|Validation,상온HMR,분말조미료,기타향신료,한생)국산건고추35G,한생,35G
66146,Training|Validation,상온HMR,분말조미료,기타향신료,한생)국산청양초,한생,45G
35992,Training|Validation,상온HMR,분말조미료,기타향신료,한생)베트남건고추,한생,100G
35097,Training|Validation,상온HMR,분말조미료,깨,옥천식품)고소한고은참깨200G,옥천식품,200G
66073,Training|Validation,상온HMR,분말조미료,깨,청화농산)요리하다볶음참꺠200G,청화농산,200G
56004,Training|Validation,상온HMR,분말조미료,깨,청화농산)흑임자볶음깨,청화농산,200G
65819,Training|Validation,상온HMR,분말조미료,깨,친정엄마)볶음검정깨,친정엄마,200G
75078,Training|Validation,상온HMR,분말조미료,깨,친정엄마친정엄마검정깨소금,친정엄마,250G
35379,Training|Validation,상온HMR,냉장음료,냉장곡물견과음료,코카)아데스아몬드오리지널,코카콜라음료,750ML
55699,Training|Validation,상온HMR,반찬/절임/소스,단무지,으뜸엘엔에스피코크자연을담은무반달단무지,으뜸엘에스,200G
15071,Training|Validation,상온HMR,가공분말류,도넛가루/핫케이크가루,모리나가 핫케잌 믹스 300G,기타,300G
15097,Training|Validation,상온HMR,가공분말류,도넛가루/핫케이크가루,벡설 머핀믹스 500G,백설,500G
25095,Training|Validation,상온HMR,가공분말류,도넛가루/핫케이크가루,백설 스윗메이플 팬케익 160G,씨제이제일제당,160G
15082,Training|Validation,상온HMR,가공분말류,도넛가루/핫케이크가루,백설 우리밀핫케잌믹스 500G,씨제이제일제당,500G
25654,Training|Validation,상온HMR,가공분말류,도넛가루/핫케이크가루,오뚜기 쉐이크앤팬핫케이크믹스 20가지곡물 150G,오뚜기,150G
25655,Training|Validation,상온HMR,가공분말류,도넛가루/핫케이크가루,오뚜기 쉐이크앤팬핫케이크믹스 바나나 150G,오뚜기,150G
25653,Training|Validation,상온HMR,가공분말류,도넛가루/핫케이크가루,오뚜기 쉐이크앤팬핫케이크믹스 오리지널 150G,오뚜기,150G
25656,Training|Validation,상온HMR,가공분말류,도넛가루/핫케이크가루,오뚜기 쉐이크앤팬핫케이크믹스 치즈 150G,오뚜기,150G
65132,Training|Validation,상온HMR,요구르트,떠먹는요구르트,남양든든한끼밤&곤약,남양유업,150G
65435,Training|Validation,상온HMR,건채소,마늘,산들말랑쫀득흑마늘말랭이,산들말랑,90G
10226,Training|Validation,상온HMR,소스류,맛가루,CJ밥이랑야채랑27G,CJ제일제당,27G
A30043,Training|Validation,상온HMR,소스류,맛가루,(주)그린에프엠뿌릴락비빌락해물,그린에프엠,20g
35597,Training|Validation,상온HMR,소스류,맛가루,베베쿡 처음먹는요리가케 닭고기와된장 28G,베베쿡,28G
65456,Training|Validation,상온HMR,소스류,맛가루,씨제이제일제당밥이랑야채&해물혼합팩,씨제이제일제당,129G
75003,Training|Validation,상온HMR,소스류,맛가루,우리찬)처음먹는요리가케콩고기와다시마,우리찬,28G
A40038,Training|Validation,상온HMR,소스류,맛가루,해맑은번영 보슬보슬고소한밥새우,해맑은번영,50g
25056,Training|Validation,상온HMR,소스류,맛가루,헬스밸런스 바삭바삭 어린이 현미가케 28G,헬스밸런스,28G
35575,Training|Validation,상온HMR,설탕류,물엿/시럽,청오건강)유기농엿기름,청오건강,400G
35573,Training|Validation,상온HMR,가공분말류,밀가루,광의면특품사업단)자연주의유기농우리밀밀가루,광의면특품사업단,800G
35579,Training|Validation,상온HMR,가공분말류,밀가루,광의면특품사업단)자연주의유기농우리밀통밀가루,광의면특품사업단,800G
15062,Training|Validation,상온HMR,레저취미,반려견간식,탐사 리얼 오메가 트릿 소고기연어 360G,기타,360G
25945,Training|Validation,상온HMR,레저취미,반려묘간식,동원 모이스트루어덜트참치&닭고기80G,동원F&B,80G
15951,Training|Validation,상온HMR,레저취미,반려묘간식,동원 모이스트루참치와연어80G,동원F&B,80G
15948,Training|Validation,상온HMR,레저취미,반려묘간식,롯데네슬레코리아 프리스키파우치키튼참치80G,롯데네슬레코리아,80G
15947,Training|Validation,상온HMR,레저취미,반려묘간식,롯데네슬레코리아 프리스키파티믹스치킨그레이비60G,롯데네슬레코리아,60G
66106,Training|Validation,상온HMR,레저취미,반려묘간식,롯데네슬레코리아)덴탈라이프살몬캣트릿연어맛덴탈라이프,롯데네슬레코리아,51G
66104,Training|Validation,상온HMR,레저취미,반려묘간식,"롯데네슬레코리아)팬시피스트인스퍼레이션비프,호박&토마토",롯데네슬레코리아,70G
66103,Training|Validation,상온HMR,레저취미,반려묘간식,"롯데네슬레코리아)팬시피스트인스퍼레이션참치,호박&통곡물",롯데네슬레코리아,70G
56052,Training|Validation,상온HMR,레저취미,반려묘간식,"롯데네슬레코리아)팬시피스트인스퍼레이션치킨,파스타&시금치",롯데네슬레코리아,70G
35969,Training|Validation,상온HMR,레저취미,반려묘간식,롯데네슬레코리아)팬시피스트화이트라벨그레이비러버스연어3개입,롯데네슬레코리아,255G
35970,Training|Validation,상온HMR,레저취미,반려묘간식,롯데네슬레코리아)팬시피스트화이트라벨청키치킨3개입,롯데네슬레코리아,255G
35971,Training|Validation,상온HMR,레저취미,반려묘간식,롯데네슬레코리아)팬시피스트화이트라벨키튼흰살생선,롯데네슬레코리아,255G
66097,Training|Validation,상온HMR,레저취미,반려묘간식,롯데네슬레코리아)프리스키파우치고등어성묘용,롯데네슬레코리아,80G
66098,Training|Validation,상온HMR,레저취미,반려묘간식,롯데네슬레코리아)프리스키파우치참치성묘용,롯데네슬레코리아,80G
66099,Training|Validation,상온HMR,레저취미,반려묘간식,롯데네슬레코리아)프리스키파우치참치와고등어성묘용,롯데네슬레코리아,80G
35932,Training|Validation,상온HMR,레저취미,반려묘간식,롯데네슬레코리아)프리스키파티믹스믹스그릴,롯데네슬레코리아,60G
66107,Training|Validation,상온HMR,레저취미,반려묘간식,롯데네슬레코리아)프리스키파티믹스비치사이드새우&게살과참치맛,롯데네슬레코리아,60G
25948,Training|Validation,상온HMR,레저취미,반려묘간식,미소 캣퓨어네츄럴파우치건강한고등어80G,미소,80G
25949,Training|Validation,상온HMR,레저취미,반려묘간식,미소 캣퓨어네츄럴파우치건강한연어&고등어80G,미소,80G
46054,Training|Validation,상온HMR,레저취미,반려묘간식,미소)초이스엘건강담은습식파우치가자미,미소,85G
46055,Training|Validation,상온HMR,레저취미,반려묘간식,미소)초이스엘건강담은습식파우치닭가슴살,미소,85G
66092,Training|Validation,상온HMR,레저취미,반려묘간식,미소)캣퓨어파우치그레인프리캣푸드80G,미소,80G
46053,Training|Validation,상온HMR,레저취미,반려묘간식,미소)캣퓨어파우치참치&도미,미소,80G
15949,Training|Validation,상온HMR,레저취미,반려묘간식,쉬바파우치참치와게맛살70G,쉬바파우,70G
66109,Training|Validation,상온HMR,레저취미,반려묘간식,에이플러스)초이스엘CHOICEL바삭바삭한스낵연어&치킨,에이플러스,85G
66108,Training|Validation,상온HMR,레저취미,반려묘간식,에이플러스)초이스엘CHOICEL바삭바삭한스낵참치&치즈,에이플러스,85G
66152,Training|Validation,상온HMR,레저취미,반려묘간식,인터펫코리아)카카참치&새우(어덜트캣),인터펫코리아,100G
66088,Training|Validation,상온HMR,레저취미,반려묘간식,제일사료)고집소고기맛,제일사료,60G
66090,Training|Validation,상온HMR,레저취미,반려묘간식,제일사료)고집연어맛,제일사료,60G
66089,Training|Validation,상온HMR,레저취미,반려묘간식,제일사료)고집참치맛,제일사료,60G
66105,Training|Validation,상온HMR,레저취미,반려묘간식,채널펫)비타크래프트트리글스(코어피쉬)대구60%이상함유슈가프리,채널펫,40G
15945,Training|Validation,상온HMR,레저취미,반려묘간식,템테이션 고소한참치맛85G,템테이션,85G
15946,Training|Validation,상온HMR,레저취미,반려묘간식,템테이션 담백한연어맛85G,템테이션,85G
66110,Training|Validation,상온HMR,레저취미,반려묘간식,템테이션)맛있는닭고기맛,템테이션,85G
66112,Training|Validation,상온HMR,레저취미,반려묘간식,템테이션)부드러운우유맛,템테이션,85G
66111,Training|Validation,상온HMR,레저취미,반려묘간식,템테이션)풍부한해산물맛,템테이션,85G
25952,Training|Validation,상온HMR,레저취미,반려묘간식,한국마즈 쉬바파우치참치와닭고기70G,한국마즈,70G
26007,Training|Validation,상온HMR,레저취미,반려묘간식,한국마즈 템테이션헤어볼컨트롤맛있는닭고기맛60G,한국마즈,60G
15950,Training|Validation,상온HMR,레저취미,반려묘사료,롯데네슬레코리아 팬시피스트인스퍼레이션연어시금치호박녹색콩70G,롯데네슬레코리아,70G
66100,Training|Validation,상온HMR,레저취미,반려묘사료,미소)초이스엘건강담은습식파우치고등어,미소,85G
66244,Training|Validation,상온HMR,레저취미,반려묘사료,미소)초이스엘참치&게맛살5개입,미소,400G
66245,Training|Validation,상온HMR,레저취미,반려묘사료,미소)초이스엘참치&닭가슴살5개입,미소,400G
66246,Training|Validation,상온HMR,레저취미,반려묘사료,미소)초이스엘참치&연어5개입,미소,400G
56066,Training|Validation,상온HMR,레저취미,반려묘사료,미소)초이스엘참치무곡물5개입,미소,400G
66147,Training|Validation,상온HMR,레저취미,반려묘사료,에이플러스)초이스엘CHOICEL바삭바삭한스낵참치&타우린,에이플러스,85G
56036,Training|Validation,상온HMR,레저취미,반려묘사료,위스카스)1세이상고양이용씨푸드칵테일,위스카스,85G
66091,Training|Validation,상온HMR,레저취미,반려묘사료,위스카스)오션피쉬주식85G,위스카스,85G
25946,Training|Validation,상온HMR,레저취미,반려묘사료,위스카스7세이상고등어85G,위스카스,85G
26006,Training|Validation,상온HMR,레저취미,반려묘사료,위스카스7세이상참치85G,위스카스,85G
66345,Training|Validation,상온HMR,레저취미,반려묘사료,위스카스구운고등어85G,위스카스,85G
25947,Training|Validation,상온HMR,레저취미,반려묘사료,위스카스참치85G,위스카스,85G
25944,Training|Validation,상온HMR,레저취미,반려묘사료,롯데쇼핑 초이스엘건강담은습식파우치연어85G,초이스엘,85G
66382,Training|Validation,상온HMR,레저취미,반려묘사료,초이스엘참치&닭가슴살80G,초이스엘,80G
66383,Training|Validation,상온HMR,레저취미,반려묘사료,초이스엘참치&연어80G,초이스엘,80G
66369,Training|Validation,상온HMR,레저취미,반려묘사료,초이스엘참치80G,초이스엘,80G
26099,Training|Validation,상온HMR,레저취미,반려묘사료,한국마즈 위스카스고등어85G*6개입,한국마즈,6개입
26100,Training|Validation,상온HMR,레저취미,반려묘사료,한국마즈 위스카스구운고등어85G*6개입,한국마즈,6개입
26101,Training|Validation,상온HMR,레저취미,반려묘사료,한국마즈 위스카스참치85G*6개입,한국마즈,6개입
35949,Training|Validation,상온HMR,레저취미,반려묘사료,한국마즈)위스카스고등어와연어,한국마즈,85G
75018,Training|Validation,상온HMR,잡곡,보리,광복)베타원찰보리쌀,광복,1KG
15892,Training|Validation,상온HMR,잡곡,보리,오쌀미 보리볶음1KG,오션,1KG
35447,Training|Validation,상온HMR,잡곡,보리,한국라이스텍)쌀찰보리,한국라이스텍,900G
25989,Training|Validation,상온HMR,가공분말류,부침가루,농심 건강한쌀부침가루450G,농심,450G
40216,Training|Validation,상온HMR,가공분말류,부침가루,곰표부침가루1KG,대한제분,1KG
25608,Training|Validation,상온HMR,분말조리식,분말국/찌개,오뚜기 간편사골우거지국 50G,오뚜기,50G
35675,Training|Validation,상온HMR,분말조리식,분말국/찌개,오뚜기)간편미역국,오뚜기,47.5G
35674,Training|Validation,상온HMR,분말조리식,분말국/찌개,오뚜기)간편북엇국,오뚜기,52.5G
90162,Training|Validation,상온HMR,분말조리식,분말국/찌개,오뚜기맛있는북엇국34G,오뚜기,34G
10202,Training|Validation,상온HMR,분말조리식,분말국/찌개,오뚜기맛있는사골우거지국22G,오뚜기,22G
60162,Training|Validation,상온HMR,분말조리식,분말국/찌개,오뚜기맛있는육개장38G,오뚜기,38G
65459,Training|Validation,상온HMR,분말조리식,분말국/찌개,청솔펀치볼시래기해장국5EA,청솔에프앤비,50G
25241,Training|Validation,상온HMR,분말조리식,분말국/찌개,홈플러스)시원하고담백한즉석북어국16G,홈플러스,16G
45163,Training|Validation,상온HMR,분말조리식,분말국/찌개,홈플러스)즉석미역국16G,홈플러스,16G
45165,Training|Validation,상온HMR,분말조리식,분말국/찌개,홈플러스)즉석육개장16G,홈플러스,16G
90129,Training|Validation,상온HMR,분말조리식,분말누룽지,오뚜기옛날구수한누룽지60G,오뚜기,60G
45240,Training|Validation,상온HMR,분말조리식,분말스프,농심)어니언크림스프54G,농심,54G
35874,Training|Validation,상온HMR,분말조리식,분말스프,농심)체다치즈스프,농심,21G
56002,Training|Validation,상온HMR,분말조리식,분말스프,농심)콘스프,농심,19G
70205,Training|Validation,상온HMR,분말조리식,분말스프,농심보노콘스프3입18.6g,농심,18.6g
65442,Training|Validation,상온HMR,분말조리식,분말스프,대상청정원우리쌀양송이크림스프,대상,300G
65443,Training|Validation,상온HMR,분말조리식,분말스프,대상청정원우리쌀크림스프,대상,300G
35743,Training|Validation,상온HMR,분말조리식,분말스프,롯데제과)퀘이커즉석오트밀구운김오트밀,롯데제과,200G
55237,Training|Validation,상온HMR,분말조리식,분말스프,보노컵스프크림스프포타주,보노컵스,51G
20183,Training|Validation,상온HMR,분말조리식,분말스프,오뚜기)크림스프80G,오뚜기,80G
10185,Training|Validation,상온HMR,분말조리식,분말스프,오뚜기쇠고기스프80G,오뚜기,80G
20216,Training|Validation,상온HMR,분말조리식,분말스프,오뚜기야채스프80G,오뚜기,80G
10184,Training|Validation,상온HMR,분말조리식,분말스프,오뚜기옥수수스프80G,오뚜기,80G
65777,Training|Validation,상온HMR,분말조리식,분말스프,오뚜기크루통컵스프버섯크림,오뚜기,72G
65776,Training|Validation,상온HMR,분말조리식,분말스프,오뚜기크루통컵스프콘크림,오뚜기,72G
20184,Training|Validation,상온HMR,분말조리식,분말죽,오뚜기)옛날쇠고기죽85G,오뚜기,85G
65636,Training|Validation,상온HMR,분말조리식,분말죽,청오건강농업회사법인맘스라이스,청오건강,100G
65444,Training|Validation,상온HMR,분말조리식,분말카레짜장,대상청정원카레여왕구운마늘&깊고풍부한맛,대상,108G*3
40171,Training|Validation,상온HMR,분말조리식,분말카레짜장,바몬드카레매운맛,바몬드카,230G
60176,Training|Validation,상온HMR,분말조리식,분말카레짜장,바몬드카레매운맛골드100G,바몬드카,100G
40169,Training|Validation,상온HMR,분말조리식,분말카레짜장,바몬드카레순한맛,바몬드카,230G
40170,Training|Validation,상온HMR,분말조리식,분말카레짜장,바몬드카레약간매운맛,바몬드카,230G
50166,Training|Validation,상온HMR,분말조리식,분말카레짜장,바몬드카레약간매운맛골드100G,바몬드카,100G
15786,Training|Validation,상온HMR,분말조리식,분말카레짜장,성풍양행 블루엘리펀트로얄타이쿠진타이프리미엄쿠킹세트 그린커리 95G,성풍양행,95G
15785,Training|Validation,상온HMR,분말조리식,분말카레짜장,성풍양행 블루엘리펀트로얄타이쿠진타이프리미엄쿠킹세트 레드커리 95G,성풍양행,95G
15784,Training|Validation,상온HMR,분말조리식,분말카레짜장,성풍양행 블루엘리펀트로얄타이쿠진타이프리미엄쿠킹세트 마싸만커리 110G,성풍양행,110G
15787,Training|Validation,상온HMR,분말조리식,분말카레짜장,성풍양행 블루엘리펀트로얄타이쿠진타이프리미엄쿠킹세트 옐로우커리 95G,성풍양행,95G
55421,Training|Validation,상온HMR,분말조리식,분말카레짜장,에스앤비골든카레매운맛,에스앤비,220G
55422,Training|Validation,상온HMR,분말조리식,분말카레짜장,에스앤비골든카레순한맛,에스앤비,220G
55418,Training|Validation,상온HMR,분말조리식,분말카레짜장,에스앤비골든카레중간매운맛(카레분말8.6%함유),에스앤비,220G
55424,Training|Validation,상온HMR,분말조리식,분말카레짜장,오뚜기3일숙성카레순한맛고형,오뚜기,200G
55423,Training|Validation,상온HMR,분말조리식,분말카레짜장,오뚜기3일숙성카레약간매운맛고형,오뚜기,200G
50179,Training|Validation,상온HMR,분말조리식,분말카레짜장,오뚜기백세카레매운맛100G,오뚜기,100G
80137,Training|Validation,상온HMR,분말조리식,분말카레짜장,오뚜기백세카레순한맛(박스)100G,오뚜기,100G
10188,Training|Validation,상온HMR,분말조리식,분말카레짜장,오뚜기백세카레순한맛100G,오뚜기,100G
55419,Training|Validation,상온HMR,분말조리식,분말카레짜장,오뚜기백세카레순한맛고형,오뚜기,200G
10187,Training|Validation,상온HMR,분말조리식,분말카레짜장,오뚜기백세카레약간매운맛100G,오뚜기,100G
55420,Training|Validation,상온HMR,분말조리식,분말카레짜장,오뚜기백세카레약간매운맛고형,오뚜기,200G
55417,Training|Validation,상온HMR,분말조리식,분말카레짜장,오뚜기직접볶은간짜장고형,오뚜기,106G
30158,Training|Validation,상온HMR,분말조리식,분말카레짜장,오뚜기카레매운맛100G,오뚜기,100G
30156,Training|Validation,상온HMR,분말조리식,분말카레짜장,오뚜기카레순한맛100G,오뚜기,100G
30157,Training|Validation,상온HMR,분말조리식,분말카레짜장,오뚜기카레약간매운맛100G,오뚜기,100G
25085,Training|Validation,상온HMR,가공분말류,빵믹스,백설 식빵믹스 760G,씨제이제일제당,760G
25087,Training|Validation,상온HMR,가공분말류,빵믹스,큐원 홈메이드 머핀믹스 300G,큐원,300G
25091,Training|Validation,상온HMR,가공분말류,빵믹스,큐원홈메이드 계란빵믹스 1인분 50G,큐원,50G
55455,Training|Validation,상온HMR,건과일,사과,매홍새콤달콤사과말랭이,매홍새콤,100G
35261,Training|Validation,상온HMR,소스류,상온드레싱,독일)게르킨렐리쉬머스타드350G,GMBH & CO.,350G
45287,Training|Validation,상온HMR,소스류,상온드레싱,노아통상)샐러드크로이터98G,노아통상,98G
15647,Training|Validation,상온HMR,소시지,소시지,CJ 맥스봉체다치즈어랏 400G,CJ제일제당,400G
55659,Training|Validation,상온HMR,소시지,소시지,진주햄치즈따봉25개입,진주햄,375G
25404,Training|Validation,상온HMR,초콜렛,쉘초콜릿,홈플러스시그니쳐 오리지널트러플 450G,홈플러스,450G
15412,Training|Validation,상온HMR,초콜렛,쉘초콜릿,홈플러스초코프루트위드아사이블랙커런트앤블랙베리,홈플러스,125G
65136,Training|Validation,상온HMR,치즈,스낵치즈,오뚜기라망구워먹는치즈,오뚜기,125G
15797,Training|Validation,상온HMR,절임/잼,스프레드,트릿지 후무스앤토마토100G*2EA 200G,트릿지,200G
35676,Training|Validation,상온HMR,절임/잼,스프레드,페레로)누텔라,페레로,370G
60223,Training|Validation,상온HMR,절임/잼,스프레드,누텔라(초코),페레로리미티드,210G
25710,Training|Validation,상온HMR,액상조미료,식초,CJ 백설건강발효현미식초 500ML,CJ제일제당,500ML
25709,Training|Validation,상온HMR,액상조미료,식초,CJ 백설자연발효파인애플식초 500ML,CJ제일제당,500ML
40242,Training|Validation,상온HMR,액상조미료,식초,CJ 현미식초,CJ제일제당,900ML
25936,Training|Validation,상온HMR,액상조미료,식초,생생초하비트유기농현미식초800ML,생생초하,800ML
35766,Training|Validation,상온HMR,스낵,쌀스낵,남양)우리아이처음먹는양파얌얌,남양유업,35G
75077,Training|Validation,상온HMR,스낵,쌀스낵,리뉴얼라이프무농약우리밀이빠띠쉐를만나면리얼치즈,리뉴얼라,30G
25713,Training|Validation,상온HMR,스낵,쌀스낵,매일유업 요미요미오가닉퍼프단호박&고구마 42G,매일유업,42G
35732,Training|Validation,상온HMR,스낵,쌀스낵,청오건강)유기농팝짱백미,청오건강,65G
75079,Training|Validation,상온HMR,스낵,쌀스낵,프로엠오트밀단백질스낵딸기,프로엠,30G
35667,Training|Validation,상온HMR,스낵,쌀스낵,하늘바이오)찹쌀다시마부각,하늘바이오,30G
90200,Training|Validation,상온HMR,건면,쌈/또띠아,몬라이스페이퍼월남쌈원형200G,스위트스페이스,200G
60277,Training|Validation,상온HMR,장류,쌈장,청정원 순창 양념듬뿍 쌈장,청정원,500G
55801,Training|Validation,상온HMR,소금류,암염,썬앤지)오리지날내추럴크리스탈소금로즈,썬앤지,250G
45065,Training|Validation,상온HMR,스낵,야채스낵,에버플러스 네츄럴팜 자색고구마 야채 200G,에버플러스,200G
75061,Training|Validation,상온HMR,소스류,양념소스,CJ다담떡볶이양념,CJ제일제당,150G
65897,Training|Validation,상온HMR,소스류,양념소스,더본코리아)백종원의매콤떡볶이양념,더본코리아,155G
75075,Training|Validation,상온HMR,소스류,양념소스,백쿡백종원의궁중떡볶이양념,백쿡,190G
75063,Training|Validation,상온HMR,소스류,양념소스,신세계국물떡볶이양념,신세계국,180G
75073,Training|Validation,상온HMR,소스류,양념소스,씨제이다담바지락순두부찌개양념,씨제이제일제당,130G
75071,Training|Validation,상온HMR,소스류,양념소스,청정원고메레시피국물떡볶이양념,청정원,140G
75072,Training|Validation,상온HMR,소스류,양념소스,청정원고메레시피옛날떡볶이양념,청정원,140G
55287,Training|Validation,상온HMR,소스류,양념소스,홈플러스간장돼지불고기덮밥소스,홈플러스,100G
45197,Training|Validation,상온HMR,스낵,영유아과자,개미식품)키요순한감자볼어니언30G,개미식품,30G
35095,Training|Validation,상온HMR,스낵,영유아과자,그리원푸드)아이배냇꼬마쌀콩이35G,그리원푸드,35G
45192,Training|Validation,상온HMR,스낵,영유아과자,남양유업)아이꼬야감자퐁30G,남양유업,30G
45193,Training|Validation,상온HMR,스낵,영유아과자,남양유업)아이꼬야고구마퐁30G,남양유업,30G
45194,Training|Validation,상온HMR,스낵,영유아과자,남양유업)아이꼬야양파퐁30G,남양유업,30G
45196,Training|Validation,상온HMR,스낵,영유아과자,리뉴얼라이트)한입에쏙인절미콩볼25G,리뉴얼라이트,25G
45195,Training|Validation,상온HMR,스낵,영유아과자,리뉴얼라이프)한입에쏙더블치즈볼25G,리뉴얼라이프,25G
45187,Training|Validation,상온HMR,스낵,영유아과자,미국)거버퍼프딸기사과-건조사과퓨레42G,미국,42G
45188,Training|Validation,상온HMR,스낵,영유아과자,미국)거버퍼프바나나42G,미국,42G
45189,Training|Validation,상온HMR,스낵,영유아과자,미국)거버퍼프바닐라42G,미국,42G
45190,Training|Validation,상온HMR,스낵,영유아과자,미국)거버퍼프블루베리42G,미국,42G
55803,Training|Validation,상온HMR,스낵,영유아과자,일동후디스)아이밀냠냠순배,일동후디스,15G
55804,Training|Validation,상온HMR,스낵,영유아과자,일동후디스)아이밀냠냠순사과,일동후디스,15G
55703,Training|Validation,상온HMR,스낵,영유아과자,청오건강농업회사법인맘스라이스우리아이유기농조각쌀가루10개입,청오건강,180G
25057,Training|Validation,상온HMR,스낵,영유아과자,헬스밸런스 딸기에 퐁당 현미퍼프 20G,헬스밸런스,20G
66081,Training|Validation,상온HMR,식용유,올리브유,롯데쇼핑)올리브유스프레이에어프라이어용200ML,기타,200ML
15231,Training|Validation,상온HMR,식용유,올리브유,홈플러스엑스트라버진올리브유,홈플러스,200ML
55155,Training|Validation,상온HMR,가공안주류,육포류,아이배넷꼬마육포오리지널,아이배냇,30G
65116,Training|Validation,상온HMR,건강보조식품,이너뷰티,코스팜석류콜라겐분말,코스팜,150G
25233,Training|Validation,상온HMR,빵,일반빵,제이푸드서비스)처음먹는우리아이컵케이크-우유맛80G,제이푸드서비스,80G
15473,Training|Validation,상온HMR,씨리얼,일반시리얼,돌코리아 올라이트뮤즐리 5가지곡물과크랜베리 300G,Dole 코리아,300G
45443,Training|Validation,상온HMR,씨리얼,일반시리얼,돌코리아)올라이트뮤즐리,Dole 코리아,300G
25175,Training|Validation,상온HMR,씨리얼,일반시리얼,농심켈로그)아몬드 푸레이크 컵 시리얼30G,농심켈로그,30G
35162,Training|Validation,상온HMR,씨리얼,일반시리얼,농심켈로그)콘푸로스트컵시리얼30G,농심켈로그,30G
15924,Training|Validation,상온HMR,시리얼,일반시리얼,도울바이오푸드 메이플로만든유기농콘푸레이크300G,도울바이오푸드,300G
35884,Training|Validation,상온HMR,씨리얼,일반시리얼,리빙라이프)멀티그레인플레이크,리빙라이프,500G
45929,Training|Validation,상온HMR,씨리얼,일반시리얼,마음푸드)브라운라이스소울단호박,마음푸드,35G
45928,Training|Validation,상온HMR,씨리얼,일반시리얼,마음푸드)브라운라이스소울코코넛,마음푸드,35G
15888,Training|Validation,상온HMR,시리얼,일반시리얼,매일 요미요미튼튼시리얼바나나100G,매일유업,100G
45422,Training|Validation,상온HMR,씨리얼,일반시리얼,엄마사랑)넛트크런치코코넛과현미,엄마사랑,180G
55728,Training|Validation,상온HMR,씨리얼,일반시리얼,엄마사랑)피코크과일그래놀라,엄마사랑,380G
55725,Training|Validation,상온HMR,씨리얼,일반시리얼,엄마사랑)피코크인절미그래놀라,엄마사랑,380G
35750,Training|Validation,상온HMR,씨리얼,일반시리얼,오리온)오!그래놀라과일,오리온,330G
35751,Training|Validation,상온HMR,씨리얼,일반시리얼,일동후디스)아이밀냠냠순곡물바당근,일동후디스,40G
10186,Training|Validation,상온HMR,분말조미료,자연조미료,담울마늘가루,담울,50g
15340,Training|Validation,상온HMR,분말조미료,자연조미료,맑은들 오늘부터깻잎분말 40G,맑은들,40G
15342,Training|Validation,상온HMR,분말조미료,자연조미료,맑은들 오늘부터팥분말 60G,맑은들,60G
15341,Training|Validation,상온HMR,분말조미료,자연조미료,맑은들 오늘부터호박분말 60G,맑은들,60G
70198,Training|Validation,상온HMR,소금류,정제염,미원맛소금250G,미원,250G
45696,Training|Validation,상온HMR,잡곡,조/수수,두리두리)구운수수,두리두리,170G
55403,Training|Validation,상온HMR,건강보조식품,종합영양제,해밀스페니쉬비폴렌,기타,150G
55402,Training|Validation,상온HMR,건강보조식품,종합영양제,지엔앰루테인오메가3,지엔앰,31.5G
15457,Training|Validation,상온HMR,레토르트,즉석국/찌개,CJ 비비고 감자탕 460G,CJ제일제당,460G
15455,Training|Validation,상온HMR,레토르트,즉석국/찌개,CJ 비비고 소고기미역국 500G,CJ제일제당,500G
15088,Training|Validation,상온HMR,레토르트,즉석국/찌개,CJ 비비고 스팸 부대찌개 460G,CJ제일제당,460G
25456,Training|Validation,상온HMR,레토르트,즉석국/찌개,CJ 비비고 육개장 500G,CJ제일제당,500G
15456,Training|Validation,상온HMR,레토르트,즉석국/찌개,CJ 비비고 전복미역국 500G,CJ제일제당,500G
15478,Training|Validation,상온HMR,레토르트,즉석국/찌개,CJ 비비고 차돌된장찌개 460G,CJ제일제당,460G
25073,Training|Validation,상온HMR,레토르트,즉석국/찌개,CJ 비비고 추어탕 460G,CJ제일제당,460G
65078,Training|Validation,상온HMR,레토르트,즉석국/찌개,CJ비비고순댓국460G,CJ제일제당,460G
55106,Training|Validation,상온HMR,레토르트,즉석국/찌개,CJ비비고전복미역죽,CJ제일제당,500G
55105,Training|Validation,상온HMR,레토르트,즉석국/찌개,CJ비비고진국설렁탕,CJ제일제당,500G
35092,Training|Validation,상온HMR,레토르트,즉석국/찌개,CJ제일제당)비비고동태탕460G,CJ제일제당,460G
45082,Training|Validation,상온HMR,레토르트,즉석국/찌개,CJ제일제당)비비고돼지고기김치찌개460G,CJ제일제당,460G
35078,Training|Validation,상온HMR,레토르트,즉석국/찌개,CJ제일제당)비비고소고기무국500G,CJ제일제당,500G
45084,Training|Validation,상온HMR,레토르트,즉석국/찌개,CJ제일제당)비비고알탕440G,CJ제일제당,440G
45085,Training|Validation,상온HMR,레토르트,즉석국/찌개,CJ제일제당)비비고전북죽450G,CJ제일제당,450G
35093,Training|Validation,상온HMR,레토르트,즉석국/찌개,CJ제일제당)비비고차돌육개장500G,CJ제일제당,500G
45083,Training|Validation,상온HMR,레토르트,즉석국/찌개,CJ제일제당)비비고콩나물황태국500G,CJ제일제당,500G
80172,Training|Validation,상온HMR,레토르트,즉석국/찌개,CJ햇반컵반순두부찌개국밥173G,CJ제일제당,173G
66247,Training|Validation,상온HMR,레토르트,즉석국/찌개,고향식품)요리하다나주식곰탕,고향식품,500G
35950,Training|Validation,상온HMR,레토르트,즉석국/찌개,교동식품)요리하다미역국,교동식품,500G
65407,Training|Validation,상온HMR,레토르트,즉석국/찌개,교동식품말죽거리소고기국밥,교동식품,600G
15090,Training|Validation,상온HMR,레토르트,즉석국/찌개,양반 수라 우거지감자탕 460G,기타,460G
15078,Training|Validation,상온HMR,레토르트,즉석국/찌개,주비푸드 일본식 미소장국 버섯맛 21G,기타,21G
15486,Training|Validation,상온HMR,레토르트,즉석국/찌개,농심 쿡탐 짬뽕탕 500G,농심,500G
35453,Training|Validation,상온HMR,레토르트,즉석국/찌개,농심)쿡탐꼬리곰탕,농심,480G
56030,Training|Validation,상온HMR,레토르트,즉석국/찌개,대상)종가집종가반상얼큰알탕,대상,450G
25996,Training|Validation,상온HMR,레토르트,즉석국/찌개,대상종가집 종가반상전통순댓국450G,대상,450G
45647,Training|Validation,상온HMR,레토르트,즉석국/찌개,도야지식품)맘으로설렁탕,도야지식품,500G
45648,Training|Validation,상온HMR,레토르트,즉석국/찌개,도야지식품)맘으로소한마리탕,도야지식품,750G
60194,Training|Validation,상온HMR,레토르트,즉석국/찌개,동원 양반 백합미역국,동원F&B,460g
50183,Training|Validation,상온HMR,레토르트,즉석국/찌개,동원 양반 차돌육개장,동원F&B,460g
20237,Training|Validation,상온HMR,레토르트,즉석국/찌개,동원 양반 한우사골설렁국,동원F&B,460g
70206,Training|Validation,상온HMR,레토르트,즉석국/찌개,동원 진국사골곰탕,동원F&B,500g
35450,Training|Validation,상온HMR,레토르트,즉석국/찌개,동원)동원백합된장찌개,동원F&B,350G
45418,Training|Validation,상온HMR,레토르트,즉석국/찌개,동원)양반김치청국장찌개,동원F&B,460G
35441,Training|Validation,상온HMR,레토르트,즉석국/찌개,동원)양반돼지고기김치찌개,동원F&B,460G
45417,Training|Validation,상온HMR,레토르트,즉석국/찌개,동원)양반수라도가니설렁탕,동원F&B,460G
45419,Training|Validation,상온HMR,레토르트,즉석국/찌개,동원)양반차돌된장찌개,동원F&B,460G
35440,Training|Validation,상온HMR,레토르트,즉석국/찌개,동원)양반한우사골시래기국,동원F&B,460G
45093,Training|Validation,상온HMR,레토르트,즉석국/찌개,동원F&B)양반진국소고기무국460G,동원F&B,460G
55069,Training|Validation,상온HMR,레토르트,즉석국/찌개,동원양반전주식황태콩나물국460G,동원F&B,460G
65408,Training|Validation,상온HMR,레토르트,즉석국/찌개,동원양반참치부대찌개,동원F&B,460G
15427,Training|Validation,상온HMR,레토르트,즉석국/찌개,동원양반통참치김치찌개,동원F&B,460G
30207,Training|Validation,상온HMR,레토르트,즉석국/찌개,비비고된장찌개,비비고된,460g
35403,Training|Validation,상온HMR,레토르트,즉석국/찌개,서강유업)가족을위한사골곰탕,서강유업,1L
35892,Training|Validation,상온HMR,레토르트,즉석국/찌개,성보)요리하다경상도식얼큰소고기무국,성보,500G
35666,Training|Validation,상온HMR,레토르트,즉석국/찌개,신성티엔에프)아이밀홈쿡진한한우사골곰탕,신성티엔에프,200G
35561,Training|Validation,상온HMR,레토르트,즉석국/찌개,신세계푸드)정갈한시금치된장국,신세계푸드,500G
65663,Training|Validation,상온HMR,레토르트,즉석국/찌개,신세계푸드정갈한쇠고기미역국,신세계푸드,500G
55664,Training|Validation,상온HMR,레토르트,즉석국/찌개,신세계푸드피코크얼큰닭개장,신세계푸드,500G
55661,Training|Validation,상온HMR,레토르트,즉석국/찌개,신세계푸드피코크우리집애호박돼지찌개,신세계푸드,500G
55660,Training|Validation,상온HMR,레토르트,즉석국/찌개,신세계푸드피코크정갈한쇠고기무국,신세계푸드,500G
55663,Training|Validation,상온HMR,레토르트,즉석국/찌개,신세계푸드피코크진한소갈비탕,신세계푸드,500G
55662,Training|Validation,상온HMR,레토르트,즉석국/찌개,신세계푸드피코크진한양지육수,신세계푸드,500G
35930,Training|Validation,상온HMR,레토르트,즉석국/찌개,신영에이치에스)아이배냇꼬마닭다리살백숙,신영에이치에스,200G
35931,Training|Validation,상온HMR,레토르트,즉석국/찌개,신영에이치에스)아이배냇꼬마무항생제사골곰탕,신영에이치에스,200G
46044,Training|Validation,상온HMR,레토르트,즉석국/찌개,신원에프아이)일상가정식사골김치찌개,신원에프아이,450G
35439,Training|Validation,상온HMR,레토르트,즉석국/찌개,씨제이)비비고닭곰탕,씨제이제일제당,500G
35428,Training|Validation,상온HMR,레토르트,즉석국/찌개,씨제이)비비고설렁탕,씨제이제일제당,500G
65430,Training|Validation,상온HMR,레토르트,즉석국/찌개,씨제이제일제당비비고갈비탕(비닐),씨제이제일제당,400G
65404,Training|Validation,상온HMR,레토르트,즉석국/찌개,씨제이제일제당비비고사골곰탕,씨제이제일제당,500G
65403,Training|Validation,상온HMR,레토르트,즉석국/찌개,씨제이제일제당비비고한우사골곰탕,씨제이제일제당,500G
65401,Training|Validation,상온HMR,레토르트,즉석국/찌개,아워홈왕갈비탕,아워홈,600G
15462,Training|Validation,상온HMR,레토르트,즉석국/찌개,양반 진국 왕갈비탕 460G,양반,460G
15451,Training|Validation,상온HMR,레토르트,즉석국/찌개,양반 진국닭곰탕 460G,양반,460G
15452,Training|Validation,상온HMR,레토르트,즉석국/찌개,양반 한우사골 설렁탕 460G,양반,460G
65451,Training|Validation,상온HMR,레토르트,즉석국/찌개,양반재료가살아있는백합우거지된장국,양반,460G
25431,Training|Validation,상온HMR,레토르트,즉석국/찌개,오뚜기 닭백숙 누룽지탕 190G,오뚜기,190G
45441,Training|Validation,상온HMR,레토르트,즉석국/찌개,오뚜기)남도식한우미역국,오뚜기,500G
50152,Training|Validation,상온HMR,레토르트,즉석국/찌개,오뚜기)사골곰탕350G,오뚜기,350G
45426,Training|Validation,상온HMR,레토르트,즉석국/찌개,오뚜기)서울식쇠고기보양탕,오뚜기,500G
45425,Training|Validation,상온HMR,레토르트,즉석국/찌개,오뚜기)수원식우거지갈비탕,오뚜기,500G
45424,Training|Validation,상온HMR,레토르트,즉석국/찌개,오뚜기)안동식쇠고기국밥,오뚜기,500G
30151,Training|Validation,상온HMR,레토르트,즉석국/찌개,오뚜기맛있는미역국18G,오뚜기,18G
15426,Training|Validation,상온HMR,레토르트,즉석국/찌개,오뚜기부산식돼지국밥곰탕,오뚜기,500G
55451,Training|Validation,상온HMR,레토르트,즉석국/찌개,오뚜기서울식설렁탕,오뚜기,500G
15424,Training|Validation,상온HMR,레토르트,즉석국/찌개,오뚜기의정부식부대찌개,오뚜기,500G
10241,Training|Validation,상온HMR,레토르트,즉석국/찌개,오뚜기전복죽285g,오뚜기,285g
15425,Training|Validation,상온HMR,레토르트,즉석국/찌개,오뚜기종로식도가니탕,오뚜기,500G
55975,Training|Validation,상온HMR,레토르트,즉석국/찌개,롯데쇼핑)요리하다사골곰탕,요리하다,500G
25700,Training|Validation,상온HMR,레토르트,즉석국/찌개,이마트 피코크 정갈한북어해장국 500G,이마트,500G
25701,Training|Validation,상온HMR,레토르트,즉석국/찌개,이마트 피코크 정갈한소고기들깨미역국 500G,이마트,500G
15718,Training|Validation,상온HMR,레토르트,즉석국/찌개,이마트 피코크 정갈한오징어무국 500G,이마트,500G
25699,Training|Validation,상온HMR,레토르트,즉석국/찌개,이마트 피코크 정갈한홍합미역국 500G,이마트,500G
25695,Training|Validation,상온HMR,레토르트,즉석국/찌개,이마트 피코크 진한닭곰탕 500G,이마트,500G
25694,Training|Validation,상온HMR,레토르트,즉석국/찌개,이마트 피코크 진한설렁탕 500G,이마트,500G
25696,Training|Validation,상온HMR,레토르트,즉석국/찌개,이마트 피코크 진한소고기장터국 500G,이마트,500G
25698,Training|Validation,상온HMR,레토르트,즉석국/찌개,이마트 피코크 진한우거지추어탕 500G,이마트,500G
25697,Training|Validation,상온HMR,레토르트,즉석국/찌개,이마트 피코크 진한육개장 500G,이마트,500G
15667,Training|Validation,상온HMR,레토르트,즉석국/찌개,정풍 아이맛있는한우배추된장국 200G,정풍,200G
35664,Training|Validation,상온HMR,레토르트,즉석국/찌개,정풍)아이맛있는한우나주곰탕,정풍,200G
15423,Training|Validation,상온HMR,레토르트,즉석국/찌개,종가집종가반상곱창육개장,종가집,450G
65450,Training|Validation,상온HMR,레토르트,즉석국/찌개,종가집종가반상남도추어탕,종가집,450G
15477,Training|Validation,상온HMR,레토르트,즉석국/찌개,청정원 일상가정식 나주곰탕 450G,청정원,450G
15453,Training|Validation,상온HMR,레토르트,즉석국/찌개,청정원 일상가정식 얼큰양곰탕 450G,청정원,450G
25455,Training|Validation,상온HMR,레토르트,즉석국/찌개,청정원 일상가정식 장어탕 450G,청정원,450G
15476,Training|Validation,상온HMR,레토르트,즉석국/찌개,청정원 일상가정식 한우진곰탕 450G,청정원,450G
35454,Training|Validation,상온HMR,레토르트,즉석국/찌개,청정원)남도추어탕,청정원,450G
55452,Training|Validation,상온HMR,레토르트,즉석국/찌개,체리푸드요리하다강화섬계탕,체리푸드,1KG
55904,Training|Validation,상온HMR,레토르트,즉석국/찌개,커머스파크)아이맛있는한우미역국200G,커머스파크,200G
65409,Training|Validation,상온HMR,레토르트,즉석국/찌개,태원식품산업파육개장,태원식품,500G
65406,Training|Validation,상온HMR,레토르트,즉석국/찌개,홈플러스국내산인삼삼계탕,홈플러스,900G
15479,Training|Validation,상온HMR,레토르트,즉석국/찌개,홈플러스시그니쳐 사골곰탕 500G,홈플러스,400G
50173,Training|Validation,상온HMR,레토르트,즉석국밥,CJ햇반컵반육개장국밥,CJ제일제당,217G
55024,Training|Validation,상온HMR,레토르트,즉석국밥,오뚜기황태콩나물해장국밥301.5G,오뚜기,301.5G
50181,Training|Validation,상온HMR,레토르트,즉석국밥,오뚜기황태콩나물해장국밥301.5g,오뚜기,301.5g
35227,Training|Validation,상온HMR,레토르트,즉석면류,농업회사법인현농)순쌀파스타크림앤치즈80G,농업회사법인현농,80G
65040,Training|Validation,상온HMR,레토르트,즉석면류,롯데쉐푸드스파게티까르보나라,롯데푸드,220G
65041,Training|Validation,상온HMR,레토르트,즉석면류,롯데쉐푸드스파게티볼로네이즈,롯데푸드,220G
35222,Training|Validation,상온HMR,레토르트,즉석면류,이가자연면)감자수제비182.5G,이가자연면,182.5G
35224,Training|Validation,상온HMR,레토르트,즉석면류,이가자연면)얼큰주세비183.5G,이가자연면,183.5G
45056,Training|Validation,상온HMR,레토르트,즉석면류,홈플러스육개장칼국수,홈플러스,660G
15447,Training|Validation,상온HMR,레토르트,즉석밥,CJ 햇반컵반 강된장보리비빔밥 280G,CJ제일제당,280G
25423,Training|Validation,상온HMR,레토르트,즉석밥,CJ 햇반컵반 고추장나물현미비빔밥 229G,CJ제일제당,229G
25417,Training|Validation,상온HMR,레토르트,즉석밥,CJ 햇반컵반 미역국밥 167G,CJ제일제당,167G
25424,Training|Validation,상온HMR,레토르트,즉석밥,CJ 햇반컵반 볶은김치덮밥 247G,CJ제일제당,247G
25418,Training|Validation,상온HMR,레토르트,즉석밥,CJ 햇반컵반 사골곰탕국밥 166G,CJ제일제당,166G
15446,Training|Validation,상온HMR,레토르트,즉석밥,CJ 햇반컵반 스팸마요덮밥 219G,CJ제일제당,219G
25421,Training|Validation,상온HMR,레토르트,즉석밥,CJ 햇반컵반 직화불고기덮밥 257G,CJ제일제당,257G
15445,Training|Validation,상온HMR,레토르트,즉석밥,CJ 햇반컵반 철판제육덮밥 256G,CJ제일제당,256G
25422,Training|Validation,상온HMR,레토르트,즉석밥,CJ 햇반컵반 치킨커리덮밥 278G,CJ제일제당,278G
25419,Training|Validation,상온HMR,레토르트,즉석밥,CJ 햇반컵반 콩나물해장국밥 270G,CJ제일제당,270G
25420,Training|Validation,상온HMR,레토르트,즉석밥,CJ 햇반컵반 황태국밥 170G,CJ제일제당,170G
20228,Training|Validation,상온HMR,레토르트,즉석밥,CJ)햇반컵반중화마파두부덮밥270G,CJ제일제당,270G
80177,Training|Validation,상온HMR,레토르트,즉석밥,CJ햇반컵반김치날치알밥188g,CJ제일제당,188g
20235,Training|Validation,상온HMR,레토르트,즉석밥,CJ햇반컵반낙지콩나물비빔밥216g,CJ제일제당,216g
40221,Training|Validation,상온HMR,레토르트,즉석밥,CJ햇반컵반닭곰탕밥261g,CJ제일제당,261g
30202,Training|Validation,상온HMR,레토르트,즉석밥,CJ햇반컵반버섯곤드레비빔밥189g,CJ제일제당,189g
80178,Training|Validation,상온HMR,레토르트,즉석밥,CJ햇반컵반버터장조림비빔밥216g,CJ제일제당,216g
10240,Training|Validation,상온HMR,레토르트,즉석밥,CJ햇반컵반설렁탕밥253g,CJ제일제당,253g
90205,Training|Validation,상온HMR,레토르트,즉석밥,CJ햇반컵반직화볶음짜장덮밥280G,CJ제일제당,280G
15103,Training|Validation,상온HMR,레토르트,즉석밥,남양 맘스쿠킹 닭백숙 진밥 100G,남양유업,100G
15430,Training|Validation,상온HMR,레토르트,즉석밥,동원 쎈쿡 100%통곡물밥3개입 585G,동원F&B,585G
15429,Training|Validation,상온HMR,레토르트,즉석밥,동원 쎈쿡 혼합곡밥3개입 630g,동원F&B,630G
25403,Training|Validation,상온HMR,레토르트,즉석밥,동원 쎈쿡 흑미밥3개입 630G,동원F&B,630G
56097,Training|Validation,상온HMR,레토르트,즉석밥,롯데푸드)닭가슴살짜장밥,롯데푸드,180G
56098,Training|Validation,상온HMR,레토르트,즉석밥,롯데푸드)한우불고기밥,롯데푸드,180G
46090,Training|Validation,상온HMR,레토르트,즉석밥,씨제이)햇반컵반불닭마요덮밥,씨제이제일제당,219G
66241,Training|Validation,상온HMR,레토르트,즉석밥,아이배냇)아이배냇꼬마한끼영양밥닭가슴살곤드레,아이배냇,150G
56026,Training|Validation,상온HMR,레토르트,즉석밥,아이배냇)아이배냇꼬마한끼영양밥쇠고기시금치,아이배냇,150G
56025,Training|Validation,상온HMR,레토르트,즉석밥,아이배냇)아이배냇꼬마한끼영양밥전복톳,아이배냇,150G
15450,Training|Validation,상온HMR,레토르트,즉석밥,오뚜기 컵밥 부산식돼지국밥 316G,오뚜기,316G
25425,Training|Validation,상온HMR,레토르트,즉석밥,오뚜기 컵밥 불닭마요덮밥 277g,오뚜기,277g
25430,Training|Validation,상온HMR,레토르트,즉석밥,오뚜기 컵밥 소시지 야채덮밥 280G,오뚜기,280G
25428,Training|Validation,상온HMR,레토르트,즉석밥,오뚜기 컵밥 소시지 카레덮밥 315G,오뚜기,315G
15448,Training|Validation,상온HMR,레토르트,즉석밥,오뚜기 컵밥 수원식갈비탕밥 311G,오뚜기,311G
25429,Training|Validation,상온HMR,레토르트,즉석밥,오뚜기 컵밥 참치마요덮밥 247G,오뚜기,247G
25426,Training|Validation,상온HMR,레토르트,즉석밥,오뚜기 컵밥 춘천닭갈비덮밥 310G,오뚜기,310G
15449,Training|Validation,상온HMR,레토르트,즉석밥,오뚜기 컵밥 햄버그덮밥 310G,오뚜기,310G
25427,Training|Validation,상온HMR,레토르트,즉석밥,오뚜기 컵밥 허니갈릭치밥 310G,오뚜기,310G
65419,Training|Validation,상온HMR,레토르트,즉석밥,오뚜기맛있는오뚜기김치참치덮밥,오뚜기,310G
65414,Training|Validation,상온HMR,레토르트,즉석밥,오뚜기맛있는오뚜기된장짜글이밥,오뚜기,310G
65423,Training|Validation,상온HMR,레토르트,즉석밥,오뚜기맛있는오뚜기뚝배기불고기밥,오뚜기,320G
65418,Training|Validation,상온HMR,레토르트,즉석밥,오뚜기맛있는오뚜기매콤낙지덮밥,오뚜기,280G
65422,Training|Validation,상온HMR,레토르트,즉석밥,오뚜기맛있는오뚜기볼케이노치밥,오뚜기,310G
65417,Training|Validation,상온HMR,레토르트,즉석밥,오뚜기맛있는오뚜기원조맛집김치찌개밥,오뚜기,310G
65420,Training|Validation,상온HMR,레토르트,즉석밥,오뚜기맛있는오뚜기의정부식부대찌개밥,오뚜기,311G
65415,Training|Validation,상온HMR,레토르트,즉석밥,오뚜기맛있는오뚜기전주식돌솥비빔밥,오뚜기,269G
65413,Training|Validation,상온HMR,레토르트,즉석밥,오뚜기맛있는오뚜기진짬뽕밥,오뚜기,217.5G
65421,Training|Validation,상온HMR,레토르트,즉석밥,오뚜기맛있는오뚜기차돌강된장보리밥,오뚜기,310G
65412,Training|Validation,상온HMR,레토르트,즉석밥,오뚜기맛있는오뚜기텁밥오삼불고기덮밥,오뚜기,310G
65416,Training|Validation,상온HMR,레토르트,즉석밥,오뚜기맛있는오뚜기톡톡김치알밥,오뚜기,222G
65046,Training|Validation,상온HMR,레토르트,즉석밥,오뚜기컵밥제육덮밥,오뚜기,310G
15835,Training|Validation,상온HMR,레토르트,즉석밥,한일식품 혼면혼밥본고장김치칼국수&밥 274.5G,한일식품,274.5G
15834,Training|Validation,상온HMR,레토르트,즉석밥,한일식품 혼면혼밥본고장바지락칼국수&밥 276.5G,한일식품,276.5G
15028,Training|Validation,상온HMR,레토르트,즉석스프,보노 체다치즈스프 63G,기타,63G
15029,Training|Validation,상온HMR,레토르트,즉석스프,보노 포르치니 버섯스프 54G,기타,54G
15789,Training|Validation,상온HMR,레토르트,즉석스프,매일유업 상하목장양송이크림스프 450G,매일유업,450G
55783,Training|Validation,상온HMR,레토르트,즉석스프,매일유업)상하목장단호박크림스프3개입(액상형),매일유업,450G
55782,Training|Validation,상온HMR,레토르트,즉석스프,매일유업)상하목장클램차우더스프3개입(액상형),매일유업,450G
35282,Training|Validation,상온HMR,레토르트,즉석스프,샘표)폰타나스위트콘크림수프180G,샘표,180G
35572,Training|Validation,상온HMR,레토르트,즉석스프,엠디에스코리아)양송이스프,엠디에스코리아,230G
55658,Training|Validation,상온HMR,레토르트,즉석스프,엠디에스코리아피코크단호박스프,엠디에스코리아,230G
35570,Training|Validation,상온HMR,레토르트,즉석스프,오뚜기)양송이크림스프,오뚜기,270G
35571,Training|Validation,상온HMR,레토르트,즉석스프,오뚜기)콘크림스프,오뚜기,270G
65669,Training|Validation,상온HMR,레토르트,즉석스프,오뚜기베이컨감자스프,오뚜기,270G
15409,Training|Validation,상온HMR,레토르트,즉석스프,오뚜기베이컨포테이토스프,오뚜기,270G
15795,Training|Validation,상온HMR,레토르트,즉석스프,이마트 피코크 밥한그릇뚝딱바로먹는짜장 200G,이마트,200G
15721,Training|Validation,상온HMR,레토르트,즉석스프,이마트 피코크 클램차우더스프 230G,이마트,230G
75068,Training|Validation,상온HMR,레토르트,즉석스프,진성에프엠폰타나그릴드머쉬룸크림스프,진성에프엠,180G
75066,Training|Validation,상온HMR,레토르트,즉석스프,진성에프엠폰타나스위트펌킨크림스프,진성에프엠,180G
75067,Training|Validation,상온HMR,레토르트,즉석스프,진성에프엠폰타나크리미포테이토치즈스프,진성에프엠,180G
25121,Training|Validation,상온HMR,레토르트,즉석죽,CJ 비비고 녹두닭죽 450G,CJ제일제당,450G
25120,Training|Validation,상온HMR,레토르트,즉석죽,CJ 비비고 동지팥죽 450G,CJ제일제당,450G
15463,Training|Validation,상온HMR,레토르트,즉석죽,CJ 비비고 불낙죽 450G,CJ제일제당,450G
15102,Training|Validation,상온HMR,레토르트,즉석죽,CJ 비비고 새우계란죽 450G,CJ제일제당,450G
55996,Training|Validation,상온HMR,레토르트,즉석죽,CJ)비비고누룽지닭백숙죽280G,CJ제일제당,280G
55995,Training|Validation,상온HMR,레토르트,즉석죽,CJ)비비고통단팥죽280G,CJ제일제당,280G
55070,Training|Validation,상온HMR,레토르트,즉석죽,CJ비비고소고기죽450G,CJ제일제당,450G
65077,Training|Validation,상온HMR,레토르트,즉석죽,CJ비비고통단팥죽450G,CJ제일제당,450G
35566,Training|Validation,상온HMR,레토르트,즉석죽,교동식품)진한시골장터국,교동식품,500G
25590,Training|Validation,상온HMR,레토르트,즉석죽,금광약초 건강에미치다 누룽지재료 160G,금광약초,160G
15288,Training|Validation,상온HMR,레토르트,즉석죽,본아이에프 본죽 일품쇠고기미역죽500G,기타,500G
15092,Training|Validation,상온HMR,레토르트,즉석죽,양반 수라 낙지김치죽 420G,기타,420G
15091,Training|Validation,상온HMR,레토르트,즉석죽,양반 수라 녹두 삼계전복죽 420G,기타,420G
45116,Training|Validation,상온HMR,레토르트,즉석죽,남양 맘스쿠킹 된장찌개진밥100G,남양유업,100G
35112,Training|Validation,상온HMR,레토르트,즉석죽,남양 맘스쿠킹 전복과표고버섯 100G,남양유업,100G
65106,Training|Validation,상온HMR,레토르트,즉석죽,남양맘스쿠킹닭가슴살과채소,남양유업,100G
65101,Training|Validation,상온HMR,레토르트,즉석죽,남양맘스쿠킹소불고기진밥,남양유업,100G
55093,Training|Validation,상온HMR,레토르트,즉석죽,남양맘스쿠킹순두부찌개진밥,남양유업,100G
45115,Training|Validation,상온HMR,레토르트,즉석죽,거버 2단계이유식 오가닉당근사과망고99G,네슬레거버,99G
45114,Training|Validation,상온HMR,레토르트,즉석죽,거버 이유식 오가닉바나나딸기라즈베리믹스그레인99G,네슬레거버,99G
35108,Training|Validation,상온HMR,레토르트,즉석죽,거버2단계이유식 오가닉망고90G,네슬레거버,90G
35111,Training|Validation,상온HMR,레토르트,즉석죽,거버2단계이유식 오가닉배블루베리사과아보카도 99G,네슬레거버,99G
35109,Training|Validation,상온HMR,레토르트,즉석죽,거버2단계이유식 오가닉배사과바나나90G,네슬레거버,90G
65111,Training|Validation,상온HMR,레토르트,즉석죽,거버2단계이유식오가닉사과바나나블루베리블랙베리,네슬레거버,90G
35110,Training|Validation,상온HMR,레토르트,즉석죽,거버오가닉2단계 사과라즈베리아사이베리99G,네슬레거버,99G
65102,Training|Validation,상온HMR,레토르트,즉석죽,네슬레코리아거버1단계이유식오가닉배,네슬레코리아,90G
55099,Training|Validation,상온HMR,레토르트,즉석죽,네슬레코리아거버1단계이유식오가닉사과,네슬레코리아,90G
65195,Training|Validation,상온HMR,레토르트,즉석죽,네슬레코리아거버2단계이유식바나나블랙베리블루베리,네슬레코리아,226G
55094,Training|Validation,상온HMR,레토르트,즉석죽,네슬레코리아거버2단계이유식배망고아보카도,네슬레코리아,99G
65103,Training|Validation,상온HMR,레토르트,즉석죽,네슬레코리아거버2단계이유식오가닉바나나아사이베리믹스그레인,네슬레코리아,99G
30206,Training|Validation,상온HMR,레토르트,즉석죽,동원 양반 쇠고기죽,동원F&B,420g
40224,Training|Validation,상온HMR,레토르트,즉석죽,동원 양반 전복죽,동원F&B,420g
35449,Training|Validation,상온HMR,레토르트,즉석죽,동원)야채참치죽,동원F&B,420G
50132,Training|Validation,상온HMR,레토르트,즉석죽,동원)양반단호박죽287.5G,동원F&B,285G
40175,Training|Validation,상온HMR,레토르트,즉석죽,동원)양반밤단팥죽280G,동원F&B,280G
35431,Training|Validation,상온HMR,레토르트,즉석죽,동원)양반참치죽,동원F&B,420G
45436,Training|Validation,상온HMR,레토르트,즉석죽,동원)양반참치죽,동원F&B,420G
35101,Training|Validation,상온HMR,레토르트,즉석죽,동원F&B)야채죽287.5G,동원F&B,287.5G
35077,Training|Validation,상온HMR,레토르트,즉석죽,동원F&B)양반수라차돌삼합죽420G,동원F&B,420G
65105,Training|Validation,상온HMR,레토르트,즉석죽,동원양반단호박죽,동원F&B,420G
55101,Training|Validation,상온HMR,레토르트,즉석죽,동원양반들깨닭죽,동원F&B,270G
55102,Training|Validation,상온HMR,레토르트,즉석죽,동원양반백합죽,동원F&B,271.5G
50134,Training|Validation,상온HMR,레토르트,즉석죽,동원양반쇠고기죽287.5G,동원F&B,285G
55104,Training|Validation,상온HMR,레토르트,즉석죽,동원양반수라문어해물죽,동원F&B,420G
50133,Training|Validation,상온HMR,레토르트,즉석죽,동원양반전복죽287.5G,동원F&B,287.5G
26046,Training|Validation,상온HMR,레토르트,즉석죽,롯데푸드 파스퇴르아이생각한우감자당근진밥180G,롯데푸드,180G
26048,Training|Validation,상온HMR,레토르트,즉석죽,롯데푸드 파스퇴르아이생각한우근대새송이버섯진밥180G,롯데푸드,180G
26047,Training|Validation,상온HMR,레토르트,즉석죽,롯데푸드 파스퇴르아이생각한우단호박새송이버섯진밥180G,롯데푸드,180G
26049,Training|Validation,상온HMR,레토르트,즉석죽,롯데푸드 파스퇴르아이생각한우당근비타민채묽은죽180G,롯데푸드,180G
26043,Training|Validation,상온HMR,레토르트,즉석죽,롯데푸드 파스퇴르아이생각한우당근애호박죽180G,롯데푸드,180G
26044,Training|Validation,상온HMR,레토르트,즉석죽,롯데푸드 파스퇴르아이생각한우새송이버섯시금치죽180G,롯데푸드,180G
35988,Training|Validation,상온HMR,레토르트,즉석죽,롯데푸드)아이생각닭가슴살브로콜리양파진밥,롯데푸드,180G
35113,Training|Validation,상온HMR,레토르트,즉석죽,매일 맘마밀 안심이유식 브로콜리와닭가슴살 100G,매일유업,100G
35115,Training|Validation,상온HMR,레토르트,즉석죽,매일 맘마밀 안심이유식 퓨레 바나나와단호박 100G,매일유업,100G
35114,Training|Validation,상온HMR,레토르트,즉석죽,매일 맘마밀 안심이유식 퓨레 사과와고구마 100G,매일유업,100G
55092,Training|Validation,상온HMR,레토르트,즉석죽,매일맘마밀안심이유식시금치와연근소고기,매일유업,100G
45191,Training|Validation,상온HMR,레토르트,즉석죽,미국)거버2단계이유식-멀티그레인시리얼227G,미국,227G
55285,Training|Validation,상온HMR,레토르트,즉석죽,본아이에프본죽일품전복죽,본아이에,500G
65299,Training|Validation,상온HMR,레토르트,즉석죽,본죽약서삼계죽,본죽약서,500G
80180,Training|Validation,상온HMR,레토르트,즉석죽,비비고 들깨버섯죽,비비고,450g
70203,Training|Validation,상온HMR,레토르트,즉석죽,비비고버섯야채죽280g,비비고버,280g
35276,Training|Validation,상온HMR,레토르트,즉석죽,선양송탄공장)본죽일품참치야채죽500G,선양송탄공장,500G
65433,Training|Validation,상온HMR,레토르트,즉석죽,설빙단팥죽(비닐),설빙단팥,400G
65411,Training|Validation,상온HMR,레토르트,즉석죽,시아스새알심단호박죽,시아스새,450G
35438,Training|Validation,상온HMR,레토르트,즉석죽,씨제이)비비고단호박죽,씨제이제일제당,450G
45423,Training|Validation,상온HMR,레토르트,즉석죽,씨제이)비비고버섯야채죽,씨제이제일제당,450G
56034,Training|Validation,상온HMR,레토르트,즉석죽,씨제이제일제당)비비고3가지해산물이듬뿍삼선해물죽,씨제이제일제당,450G
66140,Training|Validation,상온HMR,레토르트,즉석죽,씨제이제일제당)비비고단호박죽,씨제이제일제당,280G
66141,Training|Validation,상온HMR,레토르트,즉석죽,씨제이제일제당)비비고버섯야채죽,씨제이제일제당,280G
66138,Training|Validation,상온HMR,레토르트,즉석죽,씨제이제일제당)비비고소고기죽,씨제이제일제당,280G
66142,Training|Validation,상온HMR,레토르트,즉석죽,씨제이제일제당)비비고전복죽,씨제이제일제당,280G
66139,Training|Validation,상온HMR,레토르트,즉석죽,씨제이제일제당)비비고흑임자죽,씨제이제일제당,280G
65432,Training|Validation,상온HMR,레토르트,즉석죽,씨제이제일제당비비고관자새우소라삼선해물죽(비닐),씨제이제일제당,450G
65431,Training|Validation,상온HMR,레토르트,즉석죽,씨제이제일제당비비고낙지김치죽(비닐),씨제이제일제당,450G
65452,Training|Validation,상온HMR,레토르트,즉석죽,씨제이제일제당비비고전복죽,씨제이제일제당,450G
40173,Training|Validation,상온HMR,레토르트,즉석죽,양반가평잣죽287.5G,양반,287.5G
65449,Training|Validation,상온HMR,레토르트,즉석죽,양반밤단팥죽,양반,420G
35565,Training|Validation,상온HMR,레토르트,즉석죽,엠디에스코리아)부안뽕잎바지락죽,엠디에스코리아,450G
55657,Training|Validation,상온HMR,레토르트,즉석죽,엠디에스코리아피코크단팥죽,엠디에스코리아,450G
10245,Training|Validation,상온HMR,레토르트,즉석죽,오뚜기 오즈키친 버섯불고기죽,오뚜기,450g
90218,Training|Validation,상온HMR,레토르트,즉석죽,오뚜기 오즈키친 영양닭죽,오뚜기,450g
90219,Training|Validation,상온HMR,레토르트,즉석죽,오뚜기 오즈키친 전복죽,오뚜기,450g
40102,Training|Validation,상온HMR,레토르트,즉석죽,오뚜기)영양닭죽285G,오뚜기,285G
35445,Training|Validation,상온HMR,레토르트,즉석죽,오뚜기)오즈키친단호박죽,오뚜기,450G
35443,Training|Validation,상온HMR,레토르트,즉석죽,오뚜기)오즈키친동지팥죽,오뚜기,450G
35442,Training|Validation,상온HMR,레토르트,즉석죽,오뚜기)오즈키친송이버섯죽,오뚜기,450G
35444,Training|Validation,상온HMR,레토르트,즉석죽,오뚜기)오즈키친진짬뽕죽,오뚜기,450G
35448,Training|Validation,상온HMR,레토르트,즉석죽,오뚜기)유산슬죽,오뚜기,450G
50165,Training|Validation,상온HMR,레토르트,즉석죽,오뚜기옛날야채죽85G,오뚜기,85G
65402,Training|Validation,상온HMR,레토르트,즉석죽,오뚜기오즈키친트러플전복죽,오뚜기,450G
15428,Training|Validation,상온HMR,레토르트,즉석죽,유동 골뱅이죽야채 420G,유성물산교역,420G
65448,Training|Validation,상온HMR,레토르트,즉석죽,유동골뱅이죽버섯,유성물산교역,420G
25692,Training|Validation,상온HMR,레토르트,즉석죽,이마트 피코크 단호박죽 450G,이마트,500G
25691,Training|Validation,상온HMR,레토르트,즉석죽,이마트 피코크 소고기죽 450G,이마트,450G
25693,Training|Validation,상온HMR,레토르트,즉석죽,이마트 피코크 전복죽 450G,이마트,450G
45421,Training|Validation,상온HMR,레토르트,즉석죽,홈플러스)사골소고기죽,홈플러스,450G
45420,Training|Validation,상온HMR,레토르트,즉석죽,홈플러스)차돌된장죽,홈플러스,450G
65453,Training|Validation,상온HMR,레토르트,즉석죽,홈플러스새알심통팥죽,홈플러스,450G
85009,Training|Validation,상온HMR,레토르트,즉석카레짜장,동원홈푸드밥한그릇뚝딱사천짜장,동원홈푸드,180G
35989,Training|Validation,상온HMR,레토르트,즉석카레짜장,롯데푸드)아이생각닭가슴살짜장소스,롯데푸드,180G
15459,Training|Validation,상온HMR,레토르트,즉석카레짜장,오뚜기 3분짜장 6개입 1200G,오뚜기,1200G
50138,Training|Validation,상온HMR,레토르트,즉석카레짜장,오뚜기3분쇠고기짜장200G,오뚜기,200G
60161,Training|Validation,상온HMR,레토르트,즉석카레짜장,오뚜기3분쇠고기카레200G,오뚜기,200G
20208,Training|Validation,상온HMR,레토르트,즉석카레짜장,오뚜기3분짜장200G,오뚜기,200G
50137,Training|Validation,상온HMR,레토르트,즉석카레짜장,오뚜기3분카레매운맛200G,오뚜기,200G
50136,Training|Validation,상온HMR,레토르트,즉석카레짜장,오뚜기3분카레순한맛200G,오뚜기,200G
50135,Training|Validation,상온HMR,레토르트,즉석카레짜장,오뚜기3분카레약간매운맛200G,오뚜기,200G
55239,Training|Validation,상온HMR,레토르트,즉석카레짜장,오뚜기크래프트짜장,오뚜기,180G
55980,Training|Validation,상온HMR,레토르트,즉석카레짜장,원일식품)요리하다새우간짜장,원일식품,130G
35594,Training|Validation,상온HMR,레토르트,즉석카레짜장,이마트 피코크 바로먹는짜장 200G,이마트,200G
10224,Training|Validation,상온HMR,레토르트,즉석카레짜장,청정원카레여왕(분말)구운마늘양파108G,청정원,108G
55205,Training|Validation,상온HMR,식용유,참기름/들기름,CJ백설100%통들깨들기름,CJ제일제당,300ML
10316,Training|Validation,상온HMR,병통조림,참치통조림,동원 살코기참치 250G,동원F&B,250G
40244,Training|Validation,상온HMR,병통조림,참치통조림,사조 고추참치,사조,150G
20256,Training|Validation,상온HMR,병통조림,참치통조림,오뚜기 고추참치,오뚜기,150G
65684,Training|Validation,상온HMR,잡곡,찹쌀,농업회사법인(유)광복)찰진윤기가오래지속되는화선찹쌀,농업회사법인광복,1KG
45432,Training|Validation,상온HMR,잡곡,찹쌀,한국라이스텍)찹쌀,한국라이스텍,850G
15291,Training|Validation,상온HMR,병통조림,채소병통조림,고야 다진고추를채운올리브149G,기타,149G
65273,Training|Validation,상온HMR,병통조림,채소병통조림,투카스할리피뇨슬라이스,기타,335G
65821,Training|Validation,상온HMR,병통조림,채소병통조림,동남상사)세빌프리미엄블랙올리브(피티드),동남상사,170G
55698,Training|Validation,상온HMR,병통조림,채소병통조림,동서리치스오이피클,동서식품,80G
65274,Training|Validation,상온HMR,병통조림,채소병통조림,라세빌라나블랙올리브,라세빌라,370G
65275,Training|Validation,상온HMR,병통조림,채소병통조림,라세빌라나케이퍼,라세빌라,100G
90217,Training|Validation,상온HMR,병통조림,채소병통조림,미니오이피클500g,미니오이,500g
35258,Training|Validation,상온HMR,병통조림,채소병통조림,베트남)미니오이피클500G,베트남,500G
35257,Training|Validation,상온HMR,병통조림,채소병통조림,베트남)홀스위트피클680G,베트남,680G
45780,Training|Validation,상온HMR,병통조림,채소병통조림,삼경프라자)델몬트슈퍼스위트콘,삼경프라자,380G
55277,Training|Validation,상온HMR,병통조림,채소병통조림,세방스위트피클슬라이스,세방스위,340G
45218,Training|Validation,상온HMR,병통조림,채소병통조림,세방유통)케이퍼110G,세방유통,110G
55278,Training|Validation,상온HMR,병통조림,채소병통조림,세방할라페뇨슬라이스,세방할라,540G
35260,Training|Validation,상온HMR,병통조림,채소병통조림,스페인)그린올리브420G,스페인,420G
35259,Training|Validation,상온HMR,병통조림,채소병통조림,스페인)슬라이스블랙올리브420G,스페인,420G
35263,Training|Validation,상온HMR,병통조림,채소병통조림,스페인)홀그린퀸올리브359G,스페인,359G
45744,Training|Validation,상온HMR,병통조림,채소병통조림,신세계푸드)피티드그린올리브절임,신세계푸드,350G
65424,Training|Validation,상온HMR,병통조림,채소병통조림,롯데쇼핑요리하다오이피클슬라이스,온리프라이스,500G
25438,Training|Validation,상온HMR,병통조림,채소병통조림,롯데쇼핑 요리하다 오이피클홀 500G,요리하다,500G
35979,Training|Validation,상온HMR,병통조림,채소병통조림,제일훼밀리)마리오피티드블랙오히블랑까올리브,제일훼밀리,310G
45090,Training|Validation,상온HMR,병통조림,채소병통조림,주비푸드)락교120G,주비푸드,120G
35958,Training|Validation,상온HMR,병통조림,채소병통조림,지이디통상)발투센유기농베이크빈,지이디통상,360G
55279,Training|Validation,상온HMR,병통조림,채소병통조림,홈플러스슬라이스스위트피클,홈플러스,680G
55280,Training|Validation,상온HMR,병통조림,채소병통조림,홈플러스슬라이스스위트피클,홈플러스,340G
65425,Training|Validation,상온HMR,병통조림,채소병통조림,효성인터내셔날피티드블랙올리브,효성인터내셔날,350G
20263,Training|Validation,상온HMR,소금류,천일염,미즈엔코 처음소금,미즈엔코,100G
65820,Training|Validation,상온HMR,소금류,천일염,제제파크)토판천일염가는소금,제제파크,250G
25083,Training|Validation,상온HMR,초콜렛,초콜릿세트,브레드가든 초코펜세트 80G,브레드가,80G
35981,Training|Validation,상온HMR,치즈,치즈가루,롯데쇼핑)요리하다파마산치즈가루,요리하다,85G
65385,Training|Validation,상온HMR,커피류,커피크리머,동서식물성크림프리마,동서식품,500G
46118,Training|Validation,상온HMR,잡곡,콩,가든클래식스)렌틸콩,가든클래식,600G
46048,Training|Validation,상온HMR,잡곡,콩,가든클래식스)병아리콩,가든클래식,500G
56111,Training|Validation,상온HMR,잡곡,콩,가든클래식스)흰강남콩,가든클래식,500G
15109,Training|Validation,상온HMR,잡곡,콩,월드그린 적강낭콩 450G,기타,450G
25639,Training|Validation,상온HMR,잡곡,콩,남양농산 블랙렌틸콩 500G,남양유업,500G
45695,Training|Validation,상온HMR,잡곡,콩,두리두리)구운완두콩,두리두리,240G
65100,Training|Validation,상온HMR,잡곡,콩,두보식품이집트콩450G,두보식품,450G
45200,Training|Validation,상온HMR,비스킷,쿠키,신성제과)꼬마쿠키동물친구80G,신성제과,80G
55115,Training|Validation,상온HMR,치즈,크림치즈,매일카스텔로브리,매일유업,125G
25990,Training|Validation,상온HMR,가공분말류,튀김가루,농심 건강한쌀튀김가루450G,농심,450G
55268,Training|Validation,상온HMR,소스류,파,알프레도파스타&소스,기타,80G
25806,Training|Validation,상온HMR,건면,파스타류,보라티알 라자냐500G,보라티알,500G
46046,Training|Validation,상온HMR,건면,파스타류,롯데쇼핑)펜네,펜네,500G
45048,Training|Validation,상온HMR,건면,파스타류,풀무원링귀니,풀무원,500G
25807,Training|Validation,상온HMR,건면,파스타류,풀무원식품 페튜치네500G,풀무원,500G
55238,Training|Validation,상온HMR,소스류,파스타소스,매일상하목장토마토파스타,매일유업,510G
75051,Training|Validation,상온HMR,소스류,파스타소스,보라티알 페스토알라제노베시 200G,보라티알,200G
66071,Training|Validation,상온HMR,소스류,파스타소스,영남코프레이션)바질페스토190G,영남코프레이션,190G
15819,Training|Validation,상온HMR,과채음료,파우치음료,CJ 쁘띠첼워터젤리사과 130ML,CJ제일제당,130ML
15820,Training|Validation,상온HMR,과채음료,파우치음료,CJ 쁘띠첼워터젤리포도 130ML,CJ제일제당,130ML
55399,Training|Validation,상온HMR,과채음료,파우치음료,아로마FI아띠야미석류피쉬콜라겐,기타,150G
15954,Training|Validation,상온HMR,과채음료,파우치음료,대웅생명과학 글램디4킬로칼로리곤약워터젤리복숭아맛150G,대웅생명과학,150G
15955,Training|Validation,상온HMR,과채음료,파우치음료,자임에프앤비 온리프라이스곤약젤리파인애플140G,자임에프앤비,140G
55400,Training|Validation,상온HMR,과채음료,파우치음료,자임자임곤약젤리,자임에프앤비,150G
46122,Training|Validation,상온HMR,식용유,포도씨유,롯데쇼핑)바쏘포도씨유,Basso,500ML
66082,Training|Validation,상온HMR,식용유,포도씨유,롯데쇼핑)포도씨유스프레이에어프라이어용200ML,롯데쇼핑,200ML
36006,Training|Validation,상온HMR,식용유,포도씨유,롯데쇼핑)코스타도르정제포도씨유,코스타도르,500ML
15230,Training|Validation,상온HMR,식용유,해바라기씨유,홈플러스지중해스타일쿠킹오일,홈플러스,200ML
60226,Training|Validation,상온HMR,소스류,향미유,CJ 마늘생강기름,CJ제일제당,220ML
66060,Training|Validation,상온HMR,분말조미료,허브류,가보식품)요리하다이탈리아허브시즈닝30G,가보식품,30G
55985,Training|Validation,상온HMR,분말조미료,허브류,신영에프에스)요리하다파슬리,신영에이치에스,11G
66074,Training|Validation,상온HMR,분말조미료,허브류,신영에프에스)파슬리100%(독일산)40G,신영에이치에스,40G
75058,Training|Validation,상온HMR,분말조미료,허브류,이마트 피코크 파슬리 7G,이마트,7G
65687,Training|Validation,상온HMR,잡곡,현미,농업회사법인월드그린)검정찰현미,농업회사법인월드그린,1KG
65637,Training|Validation,상온HMR,잡곡,현미,두리두리구운현미,두리두리,100G
66167,Training|Validation,상온HMR,잡곡,현미,월드그린)찰현미,월드그린,1KG
35881,Training|Validation,상온HMR,잡곡,현미,태광푸드)볶은통찰현미,태광푸드,120G
66130,Training|Validation,상온HMR,잡곡,현미,태광푸드)볶은통현미,태광푸드,120G
35593,Training|Validation,상온HMR,가공분말류,호떡믹스,백설 녹차맛찹쌀호떡믹스 400G,씨제이제일제당,400G
35591,Training|Validation,상온HMR,가공분말류,호떡믹스,백설 찹쌀호떡믹스 400G,씨제이제일제당,400G
75001,Training|Validation,상온HMR,가공분말류,호떡믹스,씨제이)인절미호떡믹스,씨제이제일제당,300G
65685,Training|Validation,상온HMR,잡곡,혼합잡곡,농업회사법인월드그린)오색오미,농업회사법인월드그린,1KG
66166,Training|Validation,상온HMR,잡곡,혼합잡곡,두보식품)가바현미가들어간혼합7곡,두보식품,1KG
65686,Training|Validation,상온HMR,잡곡,혼합잡곡,두보식품)기장차조수수율무가30%들어있는맛있는9곡,두보식품,1KG
35968,Training|Validation,상온HMR,잡곡,혼합잡곡,푸르메)부드럽고고소한혼합8곡,푸르메,1KG
75056,Training|Validation,상온HMR,분말조미료,후추,이마트 피코크 통백후추 60G,이마트,60G
75059,Training|Validation,상온HMR,분말조미료,후추,이마트 피코크 통흑후추 50G,이마트,50G
65827,Training|Validation,상온HMR,분말조미료,후추,이마트)통흑후추,이마트,50G
60224,Training|Validation,상온HMR,분말조미료,후추,카르멘시타 통흑후추,카르멘시타,47G
25112,Training|Validation,상온HMR,분말조미료,후추,카르멘시타 흑후추 후레이크 45G,카르멘시타,45G
56058,Training|Validation,상온HMR,잡곡,흑미,청그루)신토흑미,청그루,1KG
35406,Training|Validation,생활용품,위생용품,구강용품,LCC)신비아파트가글딸기맛,LCC,520ML
65251,Training|Validation,생활용품,위생용품,구강용품,메디안잇몸과하기약스트롱민트,LG생환건강,120G
65250,Training|Validation,생활용품,위생용품,구강용품,메디안잇몸과학치약클린민트,LG생환건강,120G
65260,Training|Validation,생활용품,위생용품,구강용품,메디안키즈치약초코민트향,LG생환건강,75G
25165,Training|Validation,생활용품,위생용품,구강용품,(주)국모싸이언스)메디안 칼슘치약75G,국보싸이언스,75G
55177,Training|Validation,생활용품,위생용품,구강용품,국보싸이언메디안자일리톨치약(사과맛),국보싸이언스,75G
35168,Training|Validation,생활용품,위생용품,구강용품,국보싸이언스)메디안키즈치약체리쥬빌레향75G,국보싸이언스,75G
65870,Training|Validation,생활용품,위생용품,구강용품,글락소스미스클라인컨슈머헬스케어코리아)센소다인딥클린치약,글락소스미스클라인컨슈머헬스케어코리아,113G
55797,Training|Validation,생활용품,위생용품,구강용품,글락소스미스클라인컨슈머헬스케어코리아)센소다인멀티케어치약,글락소스미스클라인컨슈머헬스케어코리아,120G
65853,Training|Validation,생활용품,위생용품,구강용품,글락소스미스클라인컨슈머헬스케어코리아)센소다인화이트치약,글락소스미스클라인컨슈머헬스케어코리아,113G
75152,Training|Validation,생활용품,위생용품,구강용품,입속미인마일드시트러스향가글,기타,260ML
75151,Training|Validation,생활용품,위생용품,구강용품,입속미인마일드애플민트가글,기타,260ML
66422,Training|Validation,생활용품,위생용품,구강용품,통일산업휴대용구강청결제10개입,기타,10개입
75149,Training|Validation,생활용품,위생용품,구강용품,트라이탄아동용물병230ML(민트),기타,230ML
65262,Training|Validation,생활용품,위생용품,구강용품,프로폴리테라치약클래식민트,기타,100G
25472,Training|Validation,생활용품,생리용품,구강용품,덴티스테마일드나이트타임치약 100G,덴티스테,100G
65259,Training|Validation,생활용품,위생용품,구강용품,가그린블라스트치약(라임민트후레쉬향),동아제약,120G
75030,Training|Validation,생활용품,위생용품,구강용품,동아제약)가그린스트롱액,동아제약,750ML
15236,Training|Validation,생활용품,위생용품,구강용품,동아제약가그린제로,동아제약,250ML
35166,Training|Validation,생활용품,위생용품,구강용품,라이온코리아)키즈세이프치약딸기향90G,라이온코리아,90G
35167,Training|Validation,생활용품,위생용품,구강용품,라이온코리아)키즈세이프치약포도향90G,라이온코리아,90G
56074,Training|Validation,생활용품,위생용품,구강용품,라이온코리아주식회사)키즈세이프칫솔0~3세1스텝2개입,라이온코리아,2개입
25531,Training|Validation,생활용품,위생용품,구강용품,랩도쿠 덴티오속가글 24입,랩도쿠,24입
25503,Training|Validation,생활용품,위생용품,구강용품,루도비코)마비스시나몬민트향치약 25ML,루도비코,25ML
25465,Training|Validation,생활용품,위생용품,구강용품,루도비코)마비스아쿠아민트향치약 25ML,루도비코,25ML
25466,Training|Validation,생활용품,위생용품,구강용품,루도비코)마비스자스민민트향치약 25ML,루도비코,25ML
25467,Training|Validation,생활용품,위생용품,구강용품,루도비코)마비스클래식스트롱민트향치약 25ML,루도비코,25ML
55219,Training|Validation,생활용품,위생용품,구강용품,마이비베이비치약1단계딸기향,마이비베,50G
55220,Training|Validation,생활용품,위생용품,구강용품,마이비베이비치약2단계딸기향,마이비베,50G
45264,Training|Validation,생활용품,위생용품,구강용품,메디앙스)B&B베이비치약-액상형80G,메디앙스,80G
65258,Training|Validation,생활용품,위생용품,구강용품,밤부솔트히말라야핑크솔트담은치약아이스,밤부솔트,100G
15161,Training|Validation,생활용품,위생용품,구강용품,부광약품(주)시린메드 검케어민트100G,부광약품,100G
55233,Training|Validation,생활용품,위생용품,구강용품,비앤비베이비치치약액상형,비앤비베,80G
55235,Training|Validation,생활용품,위생용품,구강용품,비앤비에코키즈치약딸기맛,비앤비에,80G
55234,Training|Validation,생활용품,위생용품,구강용품,비앤비에코키즈치약유기농치약,비앤비에,80G
55608,Training|Validation,생활용품,위생용품,구강용품,샤프란케어네이처섬유탈취제프레쉬민트향,샤프란케,300ML
25504,Training|Validation,생활용품,위생용품,구강용품,솔테라피 고체치약투스탭 6개입,솔테라피,6개입
65257,Training|Validation,생활용품,위생용품,구강용품,스몰란드치약노르딕클래식민트향,스몰란드,100G
65253,Training|Validation,생활용품,위생용품,구강용품,시린이헬퍼햄파맥스유칼립민트치약,시린이헬,100G
65261,Training|Validation,생활용품,위생용품,구강용품,시린이헬퍼햄파맥스클린민트치약,시린이헬,100G
25881,Training|Validation,생활용품,위생용품,구강용품,신세계 디어앤퓨어키즈치약복숭아향50G,신세계,50G
25882,Training|Validation,생활용품,위생용품,구강용품,신세계 디어앤퓨어키즈치약블루베리향50G,신세계,50G
55874,Training|Validation,생활용품,위생용품,구강용품,신세계인터내셔날)JAJU디어앤퓨어향균미세모흡착칫솔1P블루,신세계인터내셔날,1P
55873,Training|Validation,생활용품,위생용품,구강용품,신세계인터내셔날)JAJU디어앤퓨어향균미세모흡착칫솔1P핑크,신세계인터내셔날,1P
65948,Training|Validation,생활용품,위생용품,구강용품,신세계인터내셔날)JAJU디어앤퓨어향균미세모흡착칫솔4P블루,신세계인터내셔날,4P
65947,Training|Validation,생활용품,위생용품,구강용품,신세계인터내셔날)JAJU디어앤퓨어향균미세모흡착칫솔4P핑크,신세계인터내셔날,4P
15569,Training|Validation,생활용품,위생용품,구강용품,실란토르 덴티스테트래블팩 치약+칫솔세트,실란트로,1개입
15803,Training|Validation,생활용품,위생용품,구강용품,아모레 메디안잇몸과학치약스트롱민트120G,아모레퍼시픽,120G
25249,Training|Validation,생활용품,위생용품,구강용품,아모레퍼시픽)메디안내추럴안심치석케어치약바질향120G,아모레퍼시픽,120G
25250,Training|Validation,생활용품,위생용품,구강용품,아모레퍼시픽)메디안내추럴안심치석케어치약세이지향120G,아모레퍼시픽,120G
66086,Training|Validation,생활용품,위생용품,구강용품,아모레퍼시픽)메디안키즈코코몽과양치하기칫솔1단계3개입,아모레퍼시픽,3개입
25168,Training|Validation,생활용품,위생용품,구강용품,아모레퍼시픽)플레시아 자연담은 안심키즈치약 감귤향80G,아모레퍼시픽,80G
25167,Training|Validation,생활용품,위생용품,구강용품,아모레퍼시픽)플레시아 자연담은 안심키즈치약 산딸기향80G,아모레퍼시픽,80G
55178,Training|Validation,생활용품,위생용품,구강용품,아모레퍼시픽플레시아자연담은키즈치약산딸기향,아모레퍼시픽,80G
25464,Training|Validation,생활용품,위생용품,구강용품,아세아제약 제로앱솔루안티톡스치약 90G,아세아제약,90G
15171,Training|Validation,생활용품,위생용품,구강용품,아큐맥슨제약)가그린 블라스트치약120G,아큐맥슨제약,120G
25556,Training|Validation,생활용품,위생용품,구강용품,아트웍스코리아 라이프칫솔 1개입,아트웍스코리아,1개입
65429,Training|Validation,생활용품,위생용품,구강용품,암앤해머덴탈케어컴플리트케어프레쉬민트,암앤해머,178G
50185,Training|Validation,생활용품,위생용품,구강용품,애경 2080 트리플이펙트 스트롱민트향,애경,140g
45094,Training|Validation,생활용품,위생용품,구강용품,애경 2080비타덴트시트러스민트향 120G,애경,120G
25096,Training|Validation,생활용품,위생용품,구강용품,애경 2080비타덴트아쿠아민트향 120G,애경,120G
25537,Training|Validation,생활용품,위생용품,구강용품,애경 스몰란드내추럴에코칫솔 소프트미세모 1개입,애경,1개입
15169,Training|Validation,생활용품,위생용품,구강용품,애경)2080 퓨리티치약 세이지민트160G,애경,160G
25166,Training|Validation,생활용품,위생용품,구강용품,애경)덴탑크리닉2080 키즈오치약그린애플,애경,100G
55170,Training|Validation,생활용품,위생용품,구강용품,애경2080키즈3스텝치약소다버블향,애경,75G
55171,Training|Validation,생활용품,위생용품,구강용품,애경2080키즈4스텝크리닉치약,애경,80G
66472,Training|Validation,생활용품,위생용품,구강용품,애경2080퓨어블랙치약차콜민트향100G,애경,100G
66470,Training|Validation,생활용품,위생용품,구강용품,애경2080퓨어솔트치약핑크민트향100G,애경,100G
66471,Training|Validation,생활용품,위생용품,구강용품,애경2080퓨어치약클린민트향100G,애경,100G
55172,Training|Validation,생활용품,위생용품,구강용품,애경덴탈크리닉2080키즈오치약라스베리,애경,100G
66469,Training|Validation,생활용품,위생용품,구강용품,애경동의청은차본치약100G,애경,100G
15164,Training|Validation,생활용품,위생용품,구강용품,애경산업)2080 퓨리티 치약 마루비움민트160G,애경,160G
65254,Training|Validation,생활용품,위생용품,구강용품,애경스몰란드치약포레스트프리쉬민트향,애경,100G
20265,Training|Validation,생활용품,위생용품,구강용품,2080)베이킹소다퓨어치약레몬라임 120g * 3,애경산업,120G
85013,Training|Validation,생활용품,위생용품,구강용품,2080파워실드블루더블민트120G*3,애경산업,120G*3
25614,Training|Validation,생활용품,위생용품,구강용품,엔젯오리진 레드씰내추럴키즈치약 75G,엔젯오리진,75G
66466,Training|Validation,생활용품,위생용품,구강용품,엘시시)입속미인스피아민트향260ML,엘시시,260ML
35398,Training|Validation,생활용품,위생용품,구강용품,LG생활건강)죽염오리지널진가글평생잇몸건강,엘지생활건강,750ML
25221,Training|Validation,생활용품,위생용품,구강용품,LG생활건강)죽염청신원,엘지생활건강,100G
35404,Training|Validation,생활용품,위생용품,구강용품,LG생활건강)페리오토탈7가글스트롱민트향,엘지생활건강,760ML
35148,Training|Validation,생활용품,위생용품,구강용품,LG생활건강)페리오토탈7가글후레쉬민트향760ML,엘지생활건강,760ML
45764,Training|Validation,생활용품,위생용품,구강용품,LG생활건강)프로폴리테라치약프레쉬알로에,엘지생활건강,100G
35235,Training|Validation,생활용품,위생용품,구강용품,LG생활건강)히말라야핑크솔트펌핑치약285G,엘지생활건강,285G
35236,Training|Validation,생활용품,위생용품,구강용품,LG생활건강)히말라야핑크솔트펌핑치약플로럴285G,엘지생활건강,285G
15256,Training|Validation,생활용품,위생용품,구강용품,엘지 리치 진지바티스케어치약아쿠아민트120G,엘지생활건강,120G
25479,Training|Validation,생활용품,위생용품,구강용품,엘지 죽염시그니처칫솔초극세모 2개입,엘지생활건강,2개입
15297,Training|Validation,생활용품,위생용품,구강용품,엘지 페리오토탈7아유르베다테라피 메디컬허브바질민트100G,엘지생활건강,100G
15168,Training|Validation,생활용품,위생용품,구강용품,엘지생활건강)죽염 잇몸고치약120G,엘지생활건강,120G
15163,Training|Validation,생활용품,위생용품,구강용품,엘지생활건강)진지바티스케어 치약아쿠아민트120G,엘지생활건강,120G
65183,Training|Validation,생활용품,위생용품,구강용품,엘지생활건강)페리오엄마치약이투명해요스텝1,엘지생활건강,80G
15165,Training|Validation,생활용품,위생용품,구강용품,엘지생활건강)프로폴리테라치약 레몬허니민트100G,엘지생활건강,100G
15234,Training|Validation,생활용품,위생용품,구강용품,엘지생활건강리치가글마일드시트러스민트향,엘지생활건강,320ML
15235,Training|Validation,생활용품,위생용품,구강용품,엘지생활건강리치가글스트롱아이스민트향,엘지생활건강,320ML
15233,Training|Validation,생활용품,위생용품,구강용품,엘지생활건강리치가글오리지널스피아민트향,엘지생활건강,320ML
55173,Training|Validation,생활용품,위생용품,구강용품,엘지생활건강엄마치약이투명해요스텝2,엘지생활건강,80G
65194,Training|Validation,생활용품,위생용품,구강용품,엘지생활건강죽염청신원,엘지생활건강,100G
65750,Training|Validation,생활용품,위생용품,구강용품,엘지생활건강클링스타타르케어치약클린민트3개입100G*3,엘지생활건강,300G
55174,Training|Validation,생활용품,위생용품,구강용품,엘지생활건강페리오키즈치약2단계(청포도향),엘지생활건강,75G
55176,Training|Validation,생활용품,위생용품,구강용품,엘지생활건강페리오키즈치약딸기향천,엘지생활건강,75G
55175,Training|Validation,생활용품,위생용품,구강용품,엘지생활건강페리오키즈치약사과향천,엘지생활건강,75G
65308,Training|Validation,생활용품,위생용품,구강용품,엘지생활건강페리오키즈핑크퐁칫솔2단계,엘지생활건강,2개입
65211,Training|Validation,생활용품,위생용품,구강용품,엘지생활건강페리오토탈7오리지널어드밴스치약,엘지생활건강,50G
66467,Training|Validation,생활용품,위생용품,구강용품,엘지죽염내추럴후레쉬허브알파치약130G,엘지생활건강,130G
66468,Training|Validation,생활용품,위생용품,구강용품,엘지죽염청신원치약90G,엘지생활건강,90G
66317,Training|Validation,생활용품,위생용품,구강용품,엘지클링스타타르케어치약클린민트100G,엘지생활건강,100G
66318,Training|Validation,생활용품,위생용품,구강용품,엘지페리오캐비티케어알파치약120G,엘지생활건강,120G
65252,Training|Validation,생활용품,위생용품,구강용품,히말라야핑크솔트담은치약플로랄민트100G,엘지생활건강,100G
65749,Training|Validation,생활용품,위생용품,구강용품,클리오오리온클리오와우소다맛치약2개입100G*2,오리온,200G
15167,Training|Validation,생활용품,위생용품,구강용품,(주)우삼코리아) 콜게이트 맥시엄 캐비티 프로덕션 후레쉬쿨린트 플레버100G,우삼코리아,100G
15166,Training|Validation,생활용품,위생용품,구강용품,(주)우삼코리아) 콜게이트 맥시엄 캐비티 프로덕션175G,우삼코리아,175G
15922,Training|Validation,생활용품,위생용품,구강용품,유한양행 암앤해머덴탈케어화이트스파클타르타르콘트롤치약121G,유한양행,121G
45823,Training|Validation,생활용품,위생용품,구강용품,유한양행)암앤해머덴탈케어오리지날치약,유한양행,127G
65875,Training|Validation,생활용품,위생용품,구강용품,인데버컨슈머헬스)레드씰프로폴리스치약,인데버컨슈머헬스,100G
55974,Training|Validation,생활용품,위생용품,구강용품,전원식품)요리하다국산보리100%로만든엿기름가루,전원식품,500G
65255,Training|Validation,생활용품,위생용품,구강용품,조르단스텝2포도향치약(그린안경),조르단,75G
65256,Training|Validation,생활용품,위생용품,구강용품,조르단스텝2포도향치약(핑크앵무새),조르단,75G
15281,Training|Validation,생활용품,위생용품,구강용품,케이엠제약 에고라운드 데일리비타가글 50포,케이엠제약,50포
25925,Training|Validation,생활용품,위생용품,구강용품,케이엠제약 타요칫솔2P스탭1,케이엠제약,2P
25463,Training|Validation,생활용품,위생용품,구강용품,케이엠제약 플라코 오리지널치약 100G,케이엠제약,100G
66113,Training|Validation,생활용품,위생용품,구강용품,케이엠제약)꼬마버스타요단계별스텝2칫솔3~5세2P,케이엠제약,2P
35878,Training|Validation,생활용품,위생용품,구강용품,케이엠제약)뽀로로는치카친구어린이안심가글,케이엠제약,300ML
35914,Training|Validation,생활용품,위생용품,구강용품,케이엠제약)뽀로로는치카친구어린이안심가글(천연딸기향),케이엠제약,300ML
66284,Training|Validation,생활용품,위생용품,구강용품,케이엠제약)뽀로로치약3개입포도향바나나향복숭아향,케이엠제약,150G
46026,Training|Validation,생활용품,위생용품,구강용품,케이엠제약)패티가따온딸기향치약,케이엠제약,250G
15257,Training|Validation,생활용품,위생용품,구강용품,크리오 클린스마일치약민트향 130G,크리오,130G
66316,Training|Validation,생활용품,위생용품,구강용품,크리오)클리오와우소다맛치약100G,크리오,100G
65248,Training|Validation,생활용품,위생용품,구강용품,페리오46CM숨결이닿는거리상쾌한시트러스민트,페리오,100G
55694,Training|Validation,생활용품,위생용품,구강용품,페리오베이킹소다담은치약베이킹소다함량2배강화,페리오,100G
65751,Training|Validation,생활용품,위생용품,구강용품,페리오어드밴스드캐비티케어알파치약3개입120G*3,페리오,360G
65264,Training|Validation,생활용품,위생용품,구강용품,페리오토탈7아유르베다테라피메디컬허브라임허브민트,페리오,100G
25171,Training|Validation,생활용품,위생용품,구강용품,한국존슨앤존슨)리스테린액 토탈케어 마일드250ML,한국존슨앤존슨,250ML
55871,Training|Validation,생활용품,위생용품,구강용품,한국콜마)디어앤퓨어키즈치약(복숭아향)50G*4,한국콜마,200G
55863,Training|Validation,생활용품,위생용품,구강용품,한국콜마)디어앤퓨어키즈치약(블루베리향)50G*4,한국콜마,200G
35760,Training|Validation,생활용품,위생용품,구강용품,헨켄)센소다인오리지날치약,헨켄,100G
35761,Training|Validation,생활용품,위생용품,구강용품,헨켈)파로돈탁스데일리후로라이드치약,헨켈,100G
35762,Training|Validation,생활용품,위생용품,구강용품,헨켈)파로돈탁스데일리후로라이드클래식검케어치약,헨켈,100G
55358,Training|Validation,생활용품,위생용품,구강용품,심플러스주방세제애플민트,홈플러스,1.4L
35921,Training|Validation,생활용품,기타,기타,LEPANTO)할로겐램프35W,LEPANTO,1개입
56075,Training|Validation,생활용품,기타,기타,럭키산업)페리오키즈4단계초극세모(8~13세),LG생활건강,2개입
55353,Training|Validation,생활용품,기타,기타,메소드욕실용세정제뱀부향,LG생활건강,500ML
45958,Training|Validation,생활용품,기타,기타,가든유통)고양이정원캣닢재배세트,가든유통,1개입
25732,Training|Validation,생활용품,기타,기타,굿센스 컴팩트다용도걸이 1개입,굿센스,1개입
55500,Training|Validation,생활용품,기타,기타,그레이트스톤마리몽분홍인형,그레이트스톤,1개입
55501,Training|Validation,생활용품,기타,기타,그레이트스톤마리봉파랑인형,그레이트스톤,1개입
55457,Training|Validation,생활용품,기타,기타,그린비양면이쑤시개65MM(자작나무),그린비,약470개입
45462,Training|Validation,생활용품,기타,기타,그린에이드)심플러스국물팩(소),그린에이드,12개입
45457,Training|Validation,생활용품,기타,기타,그린에이드)심플러스양초,그린에이드,2개입
55415,Training|Validation,생활용품,기타,기타,그린에이드어디에나착!붙여쓰는내방에쓰레기통,그린에이드,20매입
20279,Training|Validation,생활용품,기타,기타,그린존섬유향수코튼블라썸,그린존,250ML
40268,Training|Validation,생활용품,기타,기타,그린존허니피치향섬유향수,그린존,250ML
25246,Training|Validation,생활용품,기타,기타,글락소스미스클라인컨슈머헬스케어코리아)브리드라이트코밴드12매입,글락소스미스클라인컨슈머헬스케어코리아,12매입
90259,Training|Validation,생활용품,기타,기타,금강스킨웨이클렌징워터,금강하이켐,180ML
75100,Training|Validation,생활용품,기타,기타,MS스텐워터보틀330ML(베이지),기타,330ML
75099,Training|Validation,생활용품,기타,기타,MS스텐워터보틀330ML(하늘색),기타,330ML
75172,Training|Validation,생활용품,기타,기타,SR미니흡착칼갈이,기타,1개
75154,Training|Validation,생활용품,기타,기타,개별포장양면이쑤시개1000개입,기타,1000개입
60230,Training|Validation,생활용품,기타,기타,그린세이프에프마이홈솔루션네오큐모기향,기타,20개
75094,Training|Validation,생활용품,기타,기타,뉴텍정공걸이형스텐수저통(원형),기타,1개
75109,Training|Validation,생활용품,기타,기타,뉴텍정공걸이형스텐수저통(직사각형),기타,1개
75110,Training|Validation,생활용품,기타,기타,뉴텍정공와이어부착스텐다용도통,기타,1개
75150,Training|Validation,생활용품,기타,기타,다이노트라이탄뚜껑물병350ML,기타,350ML
45410,Training|Validation,생활용품,기타,기타,롯데쇼핑)미니손난로핫팩하루,기타,10매
75161,Training|Validation,생활용품,기타,기타,마블스탠캔텀블러400ML,기타,400ML
75125,Training|Validation,생활용품,기타,기타,모노톤펜꽂이,기타,1개
75119,Training|Validation,생활용품,기타,기타,미니연필깎이(민트),기타,1개
75118,Training|Validation,생활용품,기타,기타,미니연필깎이(옐로우),기타,1개
75121,Training|Validation,생활용품,기타,기타,바로꽂아쓰는연필깎이(민트),기타,1개
75120,Training|Validation,생활용품,기타,기타,바로꽂아쓰는연필깎이(옐로우),기타,1개
75103,Training|Validation,생활용품,기타,기타,브니엘산업브니엘수저통,기타,1개
66483,Training|Validation,생활용품,기타,기타,비엘코리아식탁세정330ML,기타,330ML
66418,Training|Validation,생활용품,기타,기타,비카산업혼합미니백미니(소)40매,기타,40매
66450,Training|Validation,생활용품,기타,기타,산도깨비아로마티셔츠리필용3개입,기타,3개입
66451,Training|Validation,생활용품,기타,기타,산도깨비아로마티셔츠후리지아1개입,기타,1개입
66421,Training|Validation,생활용품,기타,기타,삼정펄프리빙뽑아쓰는키친타월150매,기타,150매
75127,Training|Validation,생활용품,기타,기타,스타일빨래집게14P,기타,1개
75117,Training|Validation,생활용품,기타,기타,스틸펜꽂이,기타,1개
75129,Training|Validation,생활용품,기타,기타,아로마티셔츠라벤더,기타,1개
75130,Training|Validation,생활용품,기타,기타,아로마티셔츠로즈마리,기타,1개
75131,Training|Validation,생활용품,기타,기타,아로마티셔츠리필3P(후리지아),기타,3개
75135,Training|Validation,생활용품,기타,기타,아로마티셔츠숲속향,기타,1개
75176,Training|Validation,생활용품,기타,기타,양면이쑤시개1000P,기타,1000P
75188,Training|Validation,생활용품,기타,기타,오리스푼봉지집게,기타,1개
66427,Training|Validation,생활용품,기타,기타,우일플라텍양념통300ML,기타,300ML
66436,Training|Validation,생활용품,기타,기타,우주화학공업사스푼포함양념통450ML,기타,450ML
75123,Training|Validation,생활용품,기타,기타,원형펜꽂이(소),기타,1개
75124,Training|Validation,생활용품,기타,기타,원형펜꽂이(중),기타,1개
25199,Training|Validation,생활용품,기타,기타,일본)히에피타열냉각시트4매입,기타,4매입
75165,Training|Validation,생활용품,기타,기타,일본제오픈팩250ML,기타,2개입
75181,Training|Validation,생활용품,기타,기타,일본제킵락장방형M,기타,3개입
75182,Training|Validation,생활용품,기타,기타,일본제킵락정방형S,기타,4개입
65263,Training|Validation,생활용품,기타,기타,콜게이트맥시멈캐비티프로텍션-그레이레귤러플레버,기타,100G
65458,Training|Validation,생활용품,기타,기타,클렌본캐치맙주방용행주세트300MM*300MM,기타,6개입
66423,Training|Validation,생활용품,기타,기타,톨스피아비타민C샤워기필터70ML,기타,70ML
75140,Training|Validation,생활용품,기타,기타,통김솔,기타,1개
75170,Training|Validation,생활용품,기타,기타,트라이탄빨대물병400ML(핑크),기타,1개
75148,Training|Validation,생활용품,기타,기타,트라이탄아동용물병230ML(옐로우),기타,230ML
75158,Training|Validation,생활용품,기타,기타,틀니세정발포정40정,기타,40정
75122,Training|Validation,생활용품,기타,기타,파인라이너수성펜,기타,12개
75108,Training|Validation,생활용품,기타,기타,한솔제관마스킹테이프틴케이스보관함,기타,1개
66435,Training|Validation,생활용품,기타,기타,해창노란색소스병580ML,기타,580ML
66447,Training|Validation,생활용품,기타,기타,해창빨강소스병580ML,기타,580ML
66428,Training|Validation,생활용품,기타,기타,해창양념통400ML,기타,400ML
66434,Training|Validation,생활용품,기타,기타,해창잘라쓰는소스병500ML,기타,500ML
90262,Training|Validation,생활용품,기타,기타,헤어테소르헤어브리치클렌저(탈색제),기타,40ML
75128,Training|Validation,생활용품,기타,기타,홀앤홀흡착큐방10P,기타,1개
55350,Training|Validation,생활용품,기타,기타,홈스타주방용세정제상큼한오렌지향,기타,900ML
A30015,Training|Validation,생활용품,기타,기타,화신공업화신공업화신원형인주(소),기타,1EA
75126,Training|Validation,생활용품,기타,기타,후크부착다용도걸이(대),기타,1개
75142,Training|Validation,생활용품,기타,기타,후크부착다용도걸이(소),기타,1개
75156,Training|Validation,생활용품,기타,기타,흡착식헤어드라이기거치대,기타,1개
55999,Training|Validation,생활용품,기타,기타,네오아트)할로겐전구35W,네오아트,1개입
55767,Training|Validation,생활용품,기타,기타,누리메딕스)밴드파워혼합75매(30매40매5매),누리메딕스,75매
50227,Training|Validation,생활용품,기타,기타,니베아익스프레스바디로션,니베아,125ML
25192,Training|Validation,생활용품,기타,기타,다원메디컬)수동식코세정용키트240ML,다원메디컬,240ML
56053,Training|Validation,생활용품,기타,기타,다즐)360도회전다림판(슬림형)교체형커버,다즐,1개입
45458,Training|Validation,생활용품,기타,기타,대성글로벌)애니락234호세트,대성글로벌,"봉3개,팩3장"
66449,Training|Validation,생활용품,기타,기타,대일코리아스탠딩야채칼토끼1개입,대일코리아,1개입
25891,Training|Validation,생활용품,기타,기타,동아제약 템포내추럴슈퍼10개입,동아오츠카,10개입
66393,Training|Validation,생활용품,기타,기타,동양케미칼인센스프리미엄원형1호300ML,동양케미컬,300ML
66392,Training|Validation,생활용품,기타,기타,동양케미칼인센스프리미엄원형2호630ML,동양케미컬,630ML
66394,Training|Validation,생활용품,기타,기타,동양케미칼인센스프리미엄원형4호1.03L,동양케미컬,1.03L
66388,Training|Validation,생활용품,기타,기타,동양케미칼인센스프리미엄직사각0호185ML,동양케미컬,185ML
66389,Training|Validation,생활용품,기타,기타,동양케미칼파스텔TARK직사각270ML,동양케미컬,270ML
66395,Training|Validation,생활용품,기타,기타,동양케미칼파스텔TARK회오리2개입550ML,동양케미컬,550ML
66397,Training|Validation,생활용품,기타,기타,동양케미칼퍼펙트씰직사각440ML,동양케미컬,440ML
45015,Training|Validation,생활용품,기타,기타,LION 비트 찌든때 제거 스프레이 (500ML),라이온코리아,500ml
35755,Training|Validation,생활용품,기타,기타,라이온)히에피타열냉각시트,라이온코리아,6매입
65764,Training|Validation,생활용품,기타,기타,라이온코리아아이!깨끗해4개입100G*4,라이온코리아,400G
66084,Training|Validation,생활용품,기타,기타,라이톤주식회사)초이스엘컨버터외장형LEDMR-16전구색4W,라이톤주식회사,1개입
66083,Training|Validation,생활용품,기타,기타,라이톤주식회사)컨버터외장형LEDMR-16주광색4W,라이톤주식회사,1개입
56000,Training|Validation,생활용품,기타,기타,라이톤주식회사)컨버터외장형lEDMR-16전구색4W(주황색브랜드표),라이톤주식회사,1개입
15714,Training|Validation,생활용품,기타,기타,레드인덱스 간편보관짱짱컬러밴드 200P,레드인덱스,200P
25932,Training|Validation,생활용품,기타,기타,롯데쇼핑 룸바이홈사각리필병650ML(투명),룸바이홈,650ML
25986,Training|Validation,생활용품,기타,기타,"롯데쇼핑 룸바이홈여행용세트50ML*3,10ML*2",룸바이홈,5개입
25931,Training|Validation,생활용품,기타,기타,롯데쇼핑 룸바이홈원형리필병760ML(브라운),룸바이홈,760ML
66115,Training|Validation,생활용품,기타,기타,롯데쇼핑)룸바이홈사각리필병280ML(투명),룸바이홈,1개입
66114,Training|Validation,생활용품,기타,기타,롯데쇼핑)룸바이홈사각리필병450ML(투명),룸바이홈,1개입
55983,Training|Validation,생활용품,기타,기타,롯데쇼핑)룸바이홈원형리필병300ML(브라운),룸바이홈,1개입
66116,Training|Validation,생활용품,기타,기타,롯데쇼핑)룸바이홈원형리필병500ML(브라운),룸바이홈,1개입
55226,Training|Validation,생활용품,기타,기타,마이비온도감지모유저장팩,마이비온,30매입
55432,Training|Validation,생활용품,기타,기타,맥선맥스캠핑가스230,맥선맥스,230G
55433,Training|Validation,생활용품,기타,기타,맥선맥스캠핑가스450,맥선맥스,450G
65899,Training|Validation,생활용품,기타,기타,목원무역)대나무이쑤시개원통大,목원무역,850P
55384,Training|Validation,생활용품,기타,기타,무궁화아로마뷰딜라이트미모사,무궁화,2.1L
55383,Training|Validation,생활용품,기타,기타,무궁화아로마뷰릴랙싱라벤더,무궁화,2.1L
55382,Training|Validation,생활용품,기타,기타,무궁화아로마뷰해피니스로즈,무궁화,2.1L
20274,Training|Validation,생활용품,기타,기타,무민헤어바디미스트아쿠아솝50ML,무민헤어,50ML
80078,Training|Validation,생활용품,기타,기타,바디밸런스)여성심리스팬티,바디밸런스,2개
50220,Training|Validation,생활용품,기타,기타,바슈롬BIOTRUE(바이오트루),바슈롬,120ML
65460,Training|Validation,생활용품,기타,기타,베스트조명LED볼램프12W전구색숏타임,베스트조,1개입
65461,Training|Validation,생활용품,기타,기타,베스트조명LED볼램프12W주광색,베스트조,1개입
55351,Training|Validation,생활용품,기타,기타,브레프파워곰팡이용,브레프파,500ML
46117,Training|Validation,생활용품,기타,기타,블루마운트)B&B소다파우더,블루마운트,500G
A20009,Training|Validation,생활용품,기타,기타,비비안면반팔티셔츠100사이즈,비비안,1개
A20010,Training|Validation,생활용품,기타,기타,비비안면반팔티셔츠105사이즈,비비안,1개
A10012,Training|Validation,생활용품,기타,기타,비비안노라인헴팬티,비비안노,1개
55862,Training|Validation,생활용품,기타,기타,비엔디생활건강)JAJU운동화클린키트_50ML*3,비엔디생활건강,150ML
80217,Training|Validation,생활용품,기타,기타,비엘코리아정전기방지제로즈향,비엘코리,100ML
25245,Training|Validation,생활용품,기타,기타,비케이메디케어)발보호밴드혼합형8,비케이메디케어,혼합형8
A30011,Training|Validation,생활용품,기타,기타,(주)사라반도체고속차량용2구충전기,사라반도체,1EA
80215,Training|Validation,생활용품,기타,기타,산도깨비모기향연소기,산도깨비,1개
66010,Training|Validation,생활용품,기타,기타,삼우이엘씨산업)천연양모드라이어볼2개입,삼우이엘씨산업,2개입
55949,Training|Validation,생활용품,기타,기타,새샘)사각양념저장통2P_700ML,새샘,700ML
65944,Training|Validation,생활용품,기타,기타,새샘)화이트분말통220ML,새샘,220ML
55867,Training|Validation,생활용품,기타,기타,새샘)화이트소스병220ML,새샘,220ML
65950,Training|Validation,생활용품,기타,기타,새샘)화이트오일병_소,새샘,1개
25440,Training|Validation,생활용품,기타,기타,생활미소 원기둥양초 550G,생활미소,550G
55378,Training|Validation,생활용품,기타,기타,샤인위생행주,샤인위생,370G
80081,Training|Validation,생활용품,기타,기타,소피)안심숙면팬티,소피,2개
75088,Training|Validation,생활용품,기타,기타,소피쏘피귀애랑슈퍼롱,소피쏘피,20개입
55363,Training|Validation,생활용품,기타,기타,슈가버블베이킹소다,슈가버블,1KG
55251,Training|Validation,생활용품,기타,기타,스카치다용도접착제제거제,스카치다,200ML
65249,Training|Validation,생활용품,기타,기타,시린메드에프,시린메드,100G
25869,Training|Validation,생활용품,기타,기타,신세게 미들라인물병350ML오렌지,신세게,350ML
25868,Training|Validation,생활용품,기타,기타,신세계 레인보우스트라이프물병250ML베이지,신세계,250ML
65930,Training|Validation,생활용품,기타,기타,신세계인터내셔날)JAJU라운드아크릴포크9P,신세계인터내셔날,9P
65951,Training|Validation,생활용품,기타,기타,신세계인터내셔날)JAJU레인보우도트물병250ML,신세계인터내셔날,1개
65949,Training|Validation,생활용품,기타,기타,신세계인터내셔날)JAJU미니아이스트레이2P(정사각6구),신세계인터내셔날,2P
55866,Training|Validation,생활용품,기타,기타,신세계인터내셔날)JAJU스타아크릴미니포크9P,신세계인터내셔날,9P
65952,Training|Validation,생활용품,기타,기타,신세계인터내셔날)JAJU핸들이있는인퓨저물병500ML,신세계인터내셔날,1개
55869,Training|Validation,생활용품,기타,기타,신세계인터내셔날)디어앤퓨어무기자차선밀크키즈SPF50+,신세계인터내셔날,50ML
55870,Training|Validation,생활용품,기타,기타,신세계인터내셔날)디어앤퓨어무기자차선스틱키즈SPF50+,신세계인터내셔날,15G
55872,Training|Validation,생활용품,기타,기타,신세계인터내셔날)디어앤퓨어무기자차선쿠션키즈(교체용),신세계인터내셔날,13G
65928,Training|Validation,생활용품,기타,기타,신세계인터내셔날)땅콩마사지볼그레이색8CM*16CM,신세계인터내셔날,1개입
55868,Training|Validation,생활용품,기타,기타,신세계인터내셔날)미니하트아크릴포크12P,신세계인터내셔날,12P
55355,Training|Validation,생활용품,기타,기타,신희싱크린,신희,10개입
65717,Training|Validation,생활용품,기타,기타,쌍용C&B코디퓨어워터72매*6개입,쌍용씨앤비,235G*6
55634,Training|Validation,생활용품,기타,기타,쌍용C&B피노내추럴본캡형100매,쌍용씨앤비,100매
35922,Training|Validation,생활용품,기타,기타,쓰리몬스터)할로겐전구50W,쓰리몬스터,1개입
66444,Training|Validation,생활용품,기타,기타,아네스트양조절가능조미료통1개,아네스트,1개
66443,Training|Validation,생활용품,기타,기타,아성꿀통370ML,아성에이치엠,370ML
66446,Training|Validation,생활용품,기타,기타,아성양조절이가능한양념통240ML,아성에이치엠,240ML
66460,Training|Validation,생활용품,기타,기타,아성에이치엠눈깜짝할새야채다지기1개입(녹색),아성에이치엠,1개입
66461,Training|Validation,생활용품,기타,기타,아성에이치엠눈깜짝할새야채다지기1개입(회색),아성에이치엠,1개입
66430,Training|Validation,생활용품,기타,기타,아성에이치엠피)두개의입구로양조절이쉬운조미료통250ML(핑크),아성에이치엠,250ML
66429,Training|Validation,생활용품,기타,기타,아성에이치엠피)두개의입구로양조절이쉬운조미료통250ML(흰색),아성에이치엠,250ML
66440,Training|Validation,생활용품,기타,기타,아성에이치엠피다용도물병투명색2L,아성에이치엠,2L
66439,Training|Validation,생활용품,기타,기타,아성에이치엠피다용도물병파란색2L,아성에이치엠,2L
66464,Training|Validation,생활용품,기타,기타,아성에이치엠피보관형야채강판1개입,아성에이치엠,1개입
66433,Training|Validation,생활용품,기타,기타,아성에이치엠피소스병(갈색)350ML,아성에이치엠,350ML
75095,Training|Validation,생활용품,기타,기타,아성에이치엠피스마일미니짐볼,아성에이치엠,20CM
75102,Training|Validation,생활용품,기타,기타,아성에이치엠피스텐레스스타공수저통,아성에이치엠,1개
75091,Training|Validation,생활용품,기타,기타,아성에이치엠피스텐레스타공수저통(대),아성에이치엠,1개
75101,Training|Validation,생활용품,기타,기타,아성에이치엠피스텐수저락,아성에이치엠,1개
66485,Training|Validation,생활용품,기타,기타,아성에이치엠피아크릴후추그라인더입자조절형1개입,아성에이치엠,1개입
66486,Training|Validation,생활용품,기타,기타,아성에이치엠피욕실용걸이시계,아성에이치엠,1개입
66401,Training|Validation,생활용품,기타,기타,아성에이치엠피원형2단도시락1개입,아성에이치엠,1개입
66487,Training|Validation,생활용품,기타,기타,아성에이치엠피주방용전자저울,아성에이치엠,1개입
66425,Training|Validation,생활용품,기타,기타,아성일회용치실630D100개입,아성에이치엠,100개입
66463,Training|Validation,생활용품,기타,기타,아성일회용치실800D100개입,아성에이치엠,100개입
25776,Training|Validation,생활용품,기타,기타,아이코닉스 뽀로로와친구들캔디자판기15G,아이코닉스,15G
45507,Training|Validation,생활용품,기타,기타,아이콘스)LF원형손거울빗_리틀라이언,아이콘스,1개입
75114,Training|Validation,생활용품,기타,기타,2칸다용도꽂이화이트16.5*8*13,아이홈,1개
55267,Training|Validation,생활용품,기타,기타,아토팜야외놀이선스틱,아토팜,19G
25983,Training|Validation,생활용품,기타,기타,앙블랑 비데랑키즈캡형46매*4개입,앙블랑,4개입
66319,Training|Validation,생활용품,기타,기타,앙블랑비데랑키즈46매,앙블랑,46매
90236,Training|Validation,생활용품,기타,기타,애경 랩신 V3 새니타이저 겔,애경,500ML
25306,Training|Validation,생활용품,기타,기타,애경 르샤트라드라이시트 라벤더부케건조기용40매,애경,40매
25303,Training|Validation,생활용품,기타,기타,애경 홈즈쌀벌레방충선언7ML,애경,7ML
35541,Training|Validation,생활용품,기타,기타,애경)홈즈에어후레쉬젤로포트(후루티피치),애경,120G
25361,Training|Validation,생활용품,기타,기타,애경르샤트라드라이시트피오니부케,애경,40매
65394,Training|Validation,생활용품,기타,기타,에스씨존슨코리아스크러빙버블프레시브러시본품,에스씨존슨코리아,1개입
35840,Training|Validation,생활용품,기타,기타,에스씨코리아)유에프오스피너,에스씨코리아,11G
26027,Training|Validation,생활용품,기타,기타,에이디인터내셔날 오블리스그린티200ML,에이디인터네셔날,200ML
66087,Training|Validation,생활용품,기타,기타,에이에스코리아)첵철(MF-201)50개입,에이에스코리아,50개입
A30026,Training|Validation,생활용품,기타,기타,(주)엘지생활건강홈스타신발을부탁해,엘지생활건강,200ML
45390,Training|Validation,생활용품,기타,기타,LG생활건강)플라워바이플로라,엘지생활건강,400ML
45388,Training|Validation,생활용품,기타,기타,LG생활건강)홈스타토일렛볼상쾌한오션향,엘지생활건강,52*2G
45387,Training|Validation,생활용품,기타,기타,LG생활건강)홈스타토일렛볼은은한라벤더향,엘지생활건강,52*2G
25757,Training|Validation,생활용품,기타,기타,엘지 네이처그린맑은샘 100매,엘지생활건강,100매
55346,Training|Validation,생활용품,기타,기타,엘지생화런강홈스타변기세정제,엘지생활건강,4입
55756,Training|Validation,생활용품,기타,기타,엘지생활건강)테크간편시트후레쉬20매,엘지생활건강,20매
55784,Training|Validation,생활용품,기타,기타,엘지생활건강)홈스타세탁조클리너버블워시100G*2포,엘지생활건강,200G
45039,Training|Validation,생활용품,기타,기타,엘지생활건강플라워바이플로라400ML,엘지생활건강,400ML
65398,Training|Validation,생활용품,기타,기타,엘지생활건강홈스타착붙는락스스프레이,엘지생활건강,900ML
65731,Training|Validation,생활용품,기타,기타,엘지생활건강화이트나우,엘지생활건강,8P
55799,Training|Validation,생활용품,기타,기타,엘지유니참주식회사)쏘피한결슈퍼롱에이,엘지생활건강,20개입
25358,Training|Validation,생활용품,기타,기타,엘지테크간편시트로맨틱플라워,엘지생활건강,36매
25357,Training|Validation,생활용품,기타,기타,엘지테크간편시트후레쉬브리즈,엘지생활건강,36매
66405,Training|Validation,생활용품,기타,기타,엘코리아쿨링스프레이150ML,엘코리아,150ML
15306,Training|Validation,생활용품,기타,기타,엠앤비솔루션스 누비바다친구물놀이장난감5개입,엠앤비솔루션스,5개입
46051,Training|Validation,생활용품,기타,기타,영케미칼)프렌즈밴드(소형),영케미칼,16매입
A30006,Training|Validation,생활용품,기타,기타,(주)오공포장용테이프투명,오공,1EA
15974,Training|Validation,생활용품,기타,기타,오공 스티커제거제250ML,오공,250ML
46006,Training|Validation,생활용품,기타,기타,오공)PVC전기절연테이프3개입,오공,10M
65468,Training|Validation,생활용품,기타,기타,온리프라이스위생랩25CM*50M,온리프라이스,25CM*50M
35627,Training|Validation,생활용품,기타,기타,우진)이쑤시개원통(단면),우진,460개
35632,Training|Validation,생활용품,기타,기타,운일케미칼)컬러봉지클립,운일케미칼,6P
20272,Training|Validation,생활용품,기타,기타,월드켐애드킬초파리트랩,월드그린,25ML
25815,Training|Validation,생활용품,기타,기타,웰스론헬스케어 맥심하이진퓨어코튼커버윙즈레귤러10개입,웰스론,10개입
25746,Training|Validation,생활용품,기타,기타,웰크론 예지미인그날엔순면롱 81개입,웰크론헬스케어,81개입
75080,Training|Validation,생활용품,기타,기타,웰크론헬스케어맥심하이진퓨어코튼커버윙즈슈퍼,웰크론헬스케어,10매
66352,Training|Validation,생활용품,기타,기타,유니레버코리아라이프보이토탈10(바솝)110G,유니레버코리아,110G
A30012,Training|Validation,생활용품,기타,기타,유니참생활용품안심숙면팬티,유니참프로틱트,2EA
75115,Training|Validation,생활용품,기타,기타,유미상사보드지우개2P,유미상사,2개
55991,Training|Validation,생활용품,기타,기타,유유)펭수정리하자흡착다용도통(소),유유네이처,1개입
66432,Training|Validation,생활용품,기타,기타,유일플라텍네오클린오일병300ML,유일플라텍,300ML
55232,Training|Validation,생활용품,기타,기타,유피스이유식보관케이스,유피스,4개입
35552,Training|Validation,생활용품,기타,기타,유한양행)암앤해머에프앤에프(프리지-앤-프리저),유한양행,396.8G
55806,Training|Validation,생활용품,기타,기타,유한양행)암앤해머후릿지후레쉬,유한양행,75G
55341,Training|Validation,생활용품,기타,기타,유한양행유한락스후로랄,유한양행,2L
25367,Training|Validation,생활용품,기타,기타,유한양행해피홈아웃도어미스트,유한양행,65ML
25366,Training|Validation,생활용품,기타,기타,유한양행해피홈쿨액,유한양행,50G
25747,Training|Validation,생활용품,기타,기타,유한킴벌리 크리넥스수앤수실키소프트라이언 20매,유한킴벌리,20매
25748,Training|Validation,생활용품,기타,기타,유한킴벌리 크리넥스수앤수실키소프트무지 20매,유한킴벌리,20매
25749,Training|Validation,생활용품,기타,기타,유한킴벌리 크리넥스수앤수실키소프트어피치 20매,유한킴벌리,20매
46087,Training|Validation,생활용품,기타,기타,유한킴벌리)디펜드스타일패드여성참숯안심중용량,유한킴벌리,18개입
46088,Training|Validation,생활용품,기타,기타,유한킴벌리)디펜드스타일패드여성참숯중용량,유한킴벌리,24개입
66196,Training|Validation,생활용품,기타,기타,유한킴벌리)릴리유퓨어미니무민에디션3개번들,유한킴벌리,60매
35014,Training|Validation,생활용품,기타,기타,유한킴벌리)크리넥스수앤수캡 80매,유한킴벌리,80매
70098,Training|Validation,생활용품,기타,기타,유한킴벌리)화이트에코프레시,유한킴벌리,14개입
65942,Training|Validation,생활용품,기타,기타,이니스프리)퍼퓸드디퓨저리드스틱베이직,이니스프리,10개입
65943,Training|Validation,생활용품,기타,기타,이니스프리)퍼퓸드디퓨저리드스틱화이트패브릭,이니스프리,10개입
25735,Training|Validation,생활용품,기타,기타,이마트 리빙홈봉지클립 6P,이마트,6P
A10001,Training|Validation,생활용품,기타,기타,이마트두껍고튼튼한위생자갑,이마트,50매
A10003,Training|Validation,생활용품,기타,기타,이마트위생적인위생랩,이마트,50M
45521,Training|Validation,생활용품,기타,기타,이시스코스메틱)메디힐티트리케어솔루션2스텝마스크이엑스,이시스코스메틱,6매입
A20007,Training|Validation,생활용품,기타,기타,이에이치상사남성풋커버,이에이치상사,1개
66396,Training|Validation,생활용품,기타,기타,이지필림쿨라라정사각3호2개입1L,이지케어,1L
66391,Training|Validation,생활용품,기타,기타,이지필림파스텔직사각2호320ML,이지케어,320ML
80221,Training|Validation,생활용품,기타,기타,인터코스메닛울트라크림,인터코스메닉,50G
90263,Training|Validation,생활용품,기타,기타,일명제약네오큐매트훈증기,일명제약,1개
15972,Training|Validation,생활용품,기타,기타,태일화학 마더케이일회용이유식저장팩25매,일화,25매
70243,Training|Validation,생활용품,기타,기타,자우버휴대용렌즈크리너,자우버,24개
55978,Training|Validation,생활용품,기타,기타,전원식품)요리하다국산100%찹쌀가루,전원식품,800G
45395,Training|Validation,생활용품,기타,기타,제이씨코리아)과일꽂이,제이씨코리아,300개
35401,Training|Validation,생활용품,기타,기타,제이앤제이)바이빠세더모샤워젤악건성피부용,제이앤제이,1L
66173,Training|Validation,생활용품,기타,기타,제이앰팩토리)신비아파트신비&금비&호러귀신,제이앰팩토리,5매입
25885,Training|Validation,생활용품,기타,기타,제이엘통상 길어서편리한저주파연장선1개입,제이엘통상,1개입
25886,Training|Validation,생활용품,기타,기타,제이엘통상 저주파로시원한패드리필3P핑크,제이엘통상,3P
60234,Training|Validation,생활용품,기타,기타,제이케이드림아이액,제이케이인스퍼레이션,160ML
46091,Training|Validation,생활용품,기타,기타,젬)LED필라멘트인테리어램프,젬,1개입
25242,Training|Validation,생활용품,기타,기타,지엘)하루온잠이와스팀온패드5매입,지엘,5매입
35158,Training|Validation,생활용품,기타,기타,지엘)하루온팩3매,지엘,3매
25243,Training|Validation,생활용품,기타,기타,지엘)하루온팩무릎케어온찜질팩4매입,지엘,4매입
66413,Training|Validation,생활용품,기타,기타,지엘제약친환경분사기햘헤이즐넛280ML,지엘제약,280ML
55340,Training|Validation,생활용품,기타,기타,참그린석류시초설거지,참그린,450ML
55356,Training|Validation,생활용품,기타,기타,참그린순수발효식물,참그린,300ML
55339,Training|Validation,생활용품,기타,기타,참그린허브식초설거지,참그린,450ML
25927,Training|Validation,생활용품,기타,기타,롯데쇼핑 초이스엘스탬프(청색)1개,초이스엘,1개
16017,Training|Validation,생활용품,기타,기타,카데코 토드억스카팩세트1개입,카데코,1개입
25509,Training|Validation,생활용품,기타,기타,뉴 코코도르디퓨저 퓨어코튼 120ML,코코도르,120ML
45674,Training|Validation,생활용품,기타,기타,코코도르)뉴코코도르리드디퓨저(블랙체리),코코도르,120ML
35957,Training|Validation,생활용품,기타,기타,코코도르)헤리티지드레스퍼퓸스파릴렉스,코코도르,300ML
35956,Training|Validation,생활용품,기타,기타,코코도르)헤리티지드레스퍼퓸클린솝,코코도르,300ML
55837,Training|Validation,생활용품,기타,기타,코코인터네셔널)헬로키티엘이디뷰어(손전등모양),코코인터네셔널,8G
A10021,Training|Validation,생활용품,기타,기타,코튼)오드리선,코튼,20매
55877,Training|Validation,생활용품,기타,기타,코튼클럽)코트클럽남티셔츠3매2호100L,코튼클럽,3개입
55876,Training|Validation,생활용품,기타,기타,코튼클럽)코트클럽남티셔츠3매2호90M,코튼클럽,3개입
55878,Training|Validation,생활용품,기타,기타,코튼클럽)코튼클럽남티셔츠3매2호105XL,코튼클럽,3개입
25888,Training|Validation,생활용품,기타,기타,콜만 콜만패드마더레이트플로우중소형10개입,콜만,10개입
20178,Training|Validation,생활용품,기타,기타,크린랩)손잡이가 있는 크린백 34cm X 31cm,크린랩,60매
50142,Training|Validation,생활용품,기타,기타,크린랩뽑아쓰는 크린백25cm X 35cm,크린랩,50매
55428,Training|Validation,생활용품,기타,기타,크린랲여러번빨아쓰는행주28CM*30CM,크린랩,20매
66298,Training|Validation,생활용품,기타,기타,크린랲휴대용크린백25*35*30매,크린랩,30매
66441,Training|Validation,생활용품,기타,기타,크린톤)2칸분할양념통1개,크린톤,1개
25015,Training|Validation,생활용품,기타,기타,타이니탄 다우니한정판 어도러블기획1L,타이니탄,1L
66448,Training|Validation,생활용품,기타,기타,타이저우)양념통세트100ML*4개입,타이저우,4개입
40197,Training|Validation,생활용품,기타,기타,태봉템포슈퍼10개,태봉,10개
35001,Training|Validation,생활용품,기타,기타,트리오 홍초설거지 리필 1200ML,트리오,1.2L
40260,Training|Validation,생활용품,기타,기타,티앤씨친환경다시백38매,티앤씨,38매
30251,Training|Validation,생활용품,기타,기타,티앤씨쿠킹웰생분해다시백(대)20매,티앤씨,20매
30242,Training|Validation,생활용품,기타,기타,티앤씨쿠킹웰생분해다시백(소)50매,티앤씨,50매
65647,Training|Validation,생활용품,기타,기타,티지알앤장외그랜드슬램천둥이,티지알앤,450MG
65721,Training|Validation,생활용품,기타,기타,티피지물먹는뽀송습기제거제3개입,티피지,600G
66442,Training|Validation,생활용품,기타,기타,파이오니)후추그라인더(검은색)53G,파이오니,53G
66431,Training|Validation,생활용품,기타,기타,파이오니)후추그라인더(흰색)53G,파이오니,53G
25305,Training|Validation,생활용품,기타,기타,팜클 잡스아쿠아가드액 100ML,팜클,100ML
55361,Training|Validation,생활용품,기타,기타,펑크린더블액션,펑크린,500ML
40190,Training|Validation,생활용품,기타,기타,페리오프로폴폴리스140G,페리오,140G
25930,Training|Validation,생활용품,기타,기타,페어프렌즈 내츄럴소스통300ML,페이프렌즈,300ML
55364,Training|Validation,생활용품,기타,기타,프릴맑은식초상큼한라임향,프릴,1L
56012,Training|Validation,생활용품,기타,기타,플러스라인)다용도보수테이프,플러스라인,1개
16018,Training|Validation,생활용품,기타,기타,피스코리아 1공이지펀치1개입,피스코리아,1개입
16019,Training|Validation,생활용품,기타,기타,피스코리아 평화스탬프청색1개입,피스코리아,1개입
45274,Training|Validation,생활용품,기타,기타,피스코리아)평화실버압침행거용1개,피스코리아,1개
45272,Training|Validation,생활용품,기타,기타,피스코리아)평화실버크립행거용1개,피스코리아,1개
45275,Training|Validation,생활용품,기타,기타,피스코리아)평화옷핀중행거용1개,피스코리아,1개
45273,Training|Validation,생활용품,기타,기타,피스코리아)평화투명푸쉬핀행거용1개,피스코리아,1개
65391,Training|Validation,생활용품,기타,기타,피스코리아평화인주원형100,피스코리아,1개입
55359,Training|Validation,생활용품,기타,기타,드릴펑모든배관용,피죤,2L
45770,Training|Validation,생활용품,기타,기타,피톤치드수)피톤치드수,피톤치드수,100ML
15533,Training|Validation,생활용품,기타,기타,피플파이 허브온팩 3개입,피플파이,3개입
25198,Training|Validation,생활용품,기타,기타,피플파이)MediHeally허브온팩3매입,피플파이,3매입
55479,Training|Validation,생활용품,기타,기타,피플파이메디디힐리아이온팩,피플파이,5개입
45394,Training|Validation,생활용품,기타,기타,롯데)붙이는핫팩하루,하루온팩,10매
66417,Training|Validation,생활용품,기타,기타,하오에)마블미니잔세트4개입,하오에,4개입
A20001,Training|Validation,생활용품,기타,기타,한빛산업일천향,한빛,40G
55489,Training|Validation,생활용품,기타,기타,한울생약보솜이(티거),한울생약,10매
55488,Training|Validation,생활용품,기타,기타,한울생약보솜이(푸),한울생약,10매
55490,Training|Validation,생활용품,기타,기타,한울생약보솜이(피글렛),한울생약,10매
A10004,Training|Validation,생활용품,기타,기타,해브잇올MC-MC2A8,해브잇올,1.2M
A10005,Training|Validation,생활용품,기타,기타,해브잇올MR-MC2A5,해브잇올,1.2M
45393,Training|Validation,생활용품,기타,기타,헨켈)홈키파마이키파퓨어미스트,헨켈,100ML
25363,Training|Validation,생활용품,기타,기타,헨켈컴배트스피드에어졸,헨켈코리아,500ML
65871,Training|Validation,생활용품,기타,기타,헨켈홈케어코리아)컴배트파워개미용(피프로닐)6개입,헨켈코리아,6개입
25368,Training|Validation,생활용품,기타,기타,헨켈홈키파마이키파롤온,헨켈코리아,5G
35916,Training|Validation,생활용품,기타,기타,헬스투데이)헤리티지티라이트9입,헬스투데이,90G
70165,Training|Validation,생활용품,기타,기타,형제물류)청정크린팩,형제물류,100H
55338,Training|Validation,생활용품,기타,기타,홈키파무향수성,홈키파,500ML
45407,Training|Validation,생활용품,기타,기타,심플러스)심플러스국물팩,홈플러스,8개
45406,Training|Validation,생활용품,기타,기타,심플러스)심플러스다시백소,홈플러스,50개
55416,Training|Validation,생활용품,기타,기타,심플러스다시백(중),홈플러스,50매입
55467,Training|Validation,생활용품,기타,기타,심플러스밀초1개,홈플러스,326G
25209,Training|Validation,생활용품,기타,기타,홈플러스)마이크로포의료용테이프(탄)1팩,홈플러스,1팩
45416,Training|Validation,생활용품,기타,기타,홈플러스)조리용여과지(소),홈플러스,10개
45396,Training|Validation,생활용품,기타,기타,홈플러스)칼라과일꽂이,홈플러스,30입
A20005,Training|Validation,생활용품,속옷,남성속옷,비비안아웃밴드면드로즈,비비안,1개
A20006,Training|Validation,생활용품,속옷,남성속옷,비비안아웃밴드스판드로즈,비비안,1개
A20008,Training|Validation,생활용품,속옷,남성속옷,비비안아웃밴드스판드로즈,비비안,1개
55349,Training|Validation,생활용품,속옷,남성속옷,고농축버넬와일드로즈,헨켈홈코리아,900ML
A20004,Training|Validation,생활용품,양말,남성양말,이에이치상사남성스니커즈양말,이에이치상사,1개
A20003,Training|Validation,생활용품,양말,남성양말,이에이치상사남성스포츠양말,이에이치상사,1개
A20002,Training|Validation,생활용품,양말,남성양말,이에이치상사남성장목양말,이에이치상사,1개
15980,Training|Validation,생활용품,공구/전기,락카,오공 락카스프레이백색420ML,오공,420ML
15981,Training|Validation,생활용품,공구/전기,락카,오공 락카스프레이은색420ML,오공,420ML
15982,Training|Validation,생활용품,공구/전기,락카,오공 락카스프레이적색420ML,오공,420ML
15983,Training|Validation,생활용품,공구/전기,락카,오공 락카스프레이진청색420ML,오공,420ML
15979,Training|Validation,생활용품,공구/전기,락카,오공 락카스프레이투명색420ML,오공,420ML
15978,Training|Validation,생활용품,공구/전기,락카,오공 락카스프레이흑색420ML,오공,420ML
45519,Training|Validation,생활용품,위생용품,면봉,GS리테일)유어스단단한종이면봉,GS리테일,200P
35172,Training|Validation,생활용품,위생용품,면봉,그린비)원터치면봉300p,그린비,300개
65181,Training|Validation,생활용품,위생용품,면봉,그린비)종이면봉200PCS,그린비,200PCS
65898,Training|Validation,생활용품,위생용품,면봉,"그린비)튼튼나무면봉350P(순면,자작나무,PVA)",그린비,350P
10285,Training|Validation,생활용품,위생용품,면봉,콩맥스전자담배용크리닝면봉,기타,30개입
56040,Training|Validation,생활용품,위생용품,면봉,더샘인터내셔날)더샘아트리프나무면봉300P,더샘인터내셔날,300P
56043,Training|Validation,생활용품,위생용품,면봉,더샘인터내셔날)더샘아트리프프리미엄듀얼면봉200P,더샘인터내셔날,200P
35657,Training|Validation,생활용품,위생용품,면봉,신세대)클리닝면봉,랄라블라,22G
45265,Training|Validation,생활용품,위생용품,면봉,메디앙스)B&B유아면봉100%순면유아면봉200매입,메디앙스,200매입
55264,Training|Validation,생활용품,위생용품,면봉,비앤비까만참숯면봉,비앤비까,150개입
65180,Training|Validation,생활용품,위생용품,면봉,산요베트남)다기능나선형면봉180PCS,산요베트남,180PCS
25867,Training|Validation,생활용품,위생용품,면봉,씨제이올리브영 필리밀리원형구름면봉140개,씨제이올리브영,140개
65932,Training|Validation,생활용품,위생용품,면봉,씨제이올리브영)필리밀리사각듀얼면봉200P,씨제이올리브영,200P
90260,Training|Validation,생활용품,위생용품,면봉,아성에이치엠피원통형면봉,아성에이치엠,500개
15671,Training|Validation,생활용품,위생용품,면봉,아이엔지화장품 데일리뷰티툴즈 코튼면봉 300개,아이앤지,300개
35468,Training|Validation,생활용품,위생용품,면봉,아이콘스)LF면봉세트_리틀라이언,아이콘스,60P
35469,Training|Validation,생활용품,위생용품,면봉,아이콘스)LF면봉세트_리틀어피치,아이콘스,60P
45266,Training|Validation,생활용품,위생용품,면봉,에버굿글로벌)베이비향균면봉210P,에버굿글로벌,210P
45640,Training|Validation,생활용품,위생용품,면봉,에이블씨엔씨)더프리미엄듀얼면봉,에이블씨앤씨,200개입
65931,Training|Validation,생활용품,위생용품,면봉,이니스프리)그린비고급종이면봉150P,이니스프리,150P
25731,Training|Validation,생활용품,위생용품,면봉,이마트 뷰티베이직둥근면봉 400개입,이마트,400개입
15077,Training|Validation,생활용품,위생용품,물티슈,크리넥스 수앤수 실키 소프트 오리지널 60매,크리넥스,60매
55344,Training|Validation,생활용품,목욕용품,바디용품,메소드고보습핸드워시핑크그레이프후루트향,LG생활건강,354ML
35879,Training|Validation,생활용품,목욕용품,바디용품,롯데)초이스엘거품형핸드워시레몬(리필형),롯데제과,450ML
40264,Training|Validation,생활용품,목욕용품,바디용품,소키씨앤티DR.ato리얼소프트비누,소키씨앤,100G
65179,Training|Validation,생활용품,목욕용품,바디용품,씨제이이엔엠)신비아파트신비한버블핸드워시레몬향250G,씨제이이엔엠,250G
66386,Training|Validation,생활용품,목욕용품,바디용품,아모레해피바스퓨어코튼플라워퍼퓸비누100G,아모레퍼시픽,100G
60212,Training|Validation,생활용품,목욕용품,바디용품,애경 샤워메이트 말랑카우 핸드워시 리필 우유,애경,250ML
50188,Training|Validation,생활용품,목욕용품,바디용품,애경말랑카우를좋아하는말랑이버블핸드워시,애경,250ML
66199,Training|Validation,생활용품,목욕용품,바디용품,엔프라니)홀리카홀리카버블핸드워시자몽스윗페코에디션,엔프라니,250ML
A30004,Training|Validation,생활용품,목욕용품,바디용품,(주)엘지생활건강세균아꼼짝마버블항균핸드워시,엘지생활건강,250ML
45327,Training|Validation,생활용품,목욕용품,바디용품,LG생활건강)메소드고보습핸드워시만다린망고향,엘지생활건강,354ML
45328,Training|Validation,생활용품,목욕용품,바디용품,LG생활건강)메소드고보습핸드워시프렌치라벤더향,엘지생활건강,354ML
35671,Training|Validation,생활용품,목욕용품,바디용품,LG생활건강)온더바디다마스크로즈바디워시,엘지생활건강,480ML
70179,Training|Validation,생활용품,목욕용품,바디용품,LG생활건강온더바디 더 내추럴 레몬버베나 바디워시,엘지생활건강,500g
65388,Training|Validation,생활용품,목욕용품,바디용품,엘지생활건강메소드데이지틱핸드크림히비스커스향,엘지생활건강,50ML
65389,Training|Validation,생활용품,목욕용품,바디용품,엘지생활건강메소드미키마우스핸드크림만다린망고향,엘지생활건강,50ML
65387,Training|Validation,생활용품,목욕용품,바디용품,엘지생활건강메소드이니마우스핸드크림후레쉬커런트향,엘지생활건강,50ML
A10011,Training|Validation,생활용품,목욕용품,바디용품,엘지생활건강살구맛사지 비누,엘지생활건강,84G
65680,Training|Validation,생활용품,목욕용품,바디용품,엘지생활건강세이프프렌즈버블항균핸드웟리틀라이언파우더향,엘지생활건강,400ML
A10010,Training|Validation,생활용품,목욕용품,바디용품,엘지생활건강알뜨랑 오리지날 팜유 순비누분,엘지생활건강,140G
66197,Training|Validation,생활용품,목욕용품,바디용품,온더바디)부드러운올리브비누,온더바디,360G
20277,Training|Validation,생활용품,목욕용품,바디용품,고후레쉬리바이브바디워시,유니레버,200ML
45959,Training|Validation,생활용품,목욕용품,바디용품,유한양행)해피홈세이프365비누그린샤워향3개입,유한양행,255G
66178,Training|Validation,생활용품,목욕용품,바디용품,케이엠제약)뽀로로핸드워시퓨어플러스순수비누향,케이엠제약,300ML
66179,Training|Validation,생활용품,목욕용품,바디용품,케이엠제약)패티핸드워시퓨어플러스달콤복숭아향,케이엠제약,300ML
50221,Training|Validation,생활용품,목욕용품,바디용품,케이제이프린세스인어공주핸드워시,케이제이,80G
45244,Training|Validation,생활용품,목욕용품,바디용품,폴란드)허니비즈왁스핸드크림75ML,폴란드,75ML
90294,Training|Validation,생활용품,목욕용품,바디용품,해피바스 라벤더비누,해피바스,100G
25352,Training|Validation,생활용품,위생용품,방충제,아주컴배트좀벌레싹상큼한오렌지향,아주실업,12개입
25354,Training|Validation,생활용품,위생용품,방충제,아주컴배트좀벌레싹서랍장용은은한아로마향,아주실업,10개입
25353,Training|Validation,생활용품,위생용품,방충제,아주컴배트좀벌레싹옷장용산뜻한허브향,아주실업,3개입
55789,Training|Validation,생활용품,위생용품,방충제,유한양행)해피홈좀벌레아OUT아웃무향,유한양행,4개입
65399,Training|Validation,생활용품,위생용품,방충제,유한양행해피홈좀벌레아웃무향,유한양행,30EA
25024,Training|Validation,생활용품,위생용품,방충제,제로홈_서랍장방충제시트로넬라향_20입,제로홈,20개입
55774,Training|Validation,생활용품,위생용품,방충제,크린스타)제로퀵방충제라벤다옷장용5개입,크린스타,5개입
55773,Training|Validation,생활용품,위생용품,방충제,크린스타)제로퀵방충제시트로넬라서랍장용20개입,크린스타,20개입
55772,Training|Validation,생활용품,위생용품,방충제,크린스타)제로퀵방충제시트로넬라옷장용,크린스타,5개입
65868,Training|Validation,생활용품,위생용품,방충제,크린스타)제로퀵서랍장방충제라벤다서랍장용20개입,크린스타,20개입
55757,Training|Validation,생활용품,위생용품,방충제,크린하우스)크린하우스방충제0.2G20개입,크린하우스,20개입
55775,Training|Validation,생활용품,위생용품,방충제,크린하우스)크린하우스방충제1G*4개입,크린하우스,4개입
55414,Training|Validation,생활용품,위생용품,방충제,DBK킬파프좀벌레제로,한국DBK,13.98G
75113,Training|Validation,생활용품,위생용품,방향제,사과모양방향제80G,기타,80G
66411,Training|Validation,생활용품,위생용품,방향제,산도깨비자동분사기향라일락280ML,기타,280ML
66412,Training|Validation,생활용품,위생용품,방향제,산도깨비자동분사기향자스민280ML,기타,280ML
75112,Training|Validation,생활용품,위생용품,방향제,선인장모양석고방향제(레몬),기타,1개
75134,Training|Validation,생활용품,위생용품,방향제,청소기방향제10G*3,기타,3개입
66403,Training|Validation,생활용품,의류용품,방향제,아성디즈니프린세스섬유향수클린코튼향200ML,아성에이치엠,200ML
66404,Training|Validation,생활용품,의류용품,방향제,아성디즈니프린세스섬유향수피치크러쉬향200ML,아성에이치엠,200ML
75111,Training|Validation,생활용품,위생용품,방향제,아성에이치엠피석고걸이식방향제+오일10ML(체리),아성에이치엠,1개
15670,Training|Validation,생활용품,위생용품,방향제,애경 홈즈에어후레쉬젤로포트아로마라벤더 120G,애경,120G
55722,Training|Validation,생활용품,위생용품,방향제,애경홈즈후레쉬크리스탈워터방향소취그린애플향,애경,400ML
55720,Training|Validation,생활용품,위생용품,방향제,애경홈즈후레쉬크리스탈워터방향소취블랙체리향,애경,400ML
55721,Training|Validation,생활용품,위생용품,방향제,애경홈즈후레쉬크리스탈워터방향소취시트러스오렌지향,애경,400ML
55723,Training|Validation,생활용품,위생용품,방향제,애경홈즈후레쉬크리스탈워터방향소취아시안허브향,애경,400ML
55724,Training|Validation,생활용품,위생용품,방향제,애경홈즈후레쉬크리스탈워터방향소취프렌치부케향,애경,400ML
46094,Training|Validation,생활용품,위생용품,방향제,LG생활건강)아우라카카오피규어방향제어피치(윌유메리미향),엘지생활건강,4.5ML
15917,Training|Validation,생활용품,위생용품,방향제,엘지 아우라자동분사기리필용라벤더향280ML,엘지생활건강,280ML
15918,Training|Validation,생활용품,위생용품,방향제,엘지 아우라자동분사기리필용유칼립투스향280ML,엘지생활건강,280ML
15921,Training|Validation,생활용품,위생용품,방향제,엘지 아우라크리스탈겔방향제라벤더향130G,엘지생활건강,130G
15919,Training|Validation,생활용품,위생용품,방향제,엘지 아우라크리스탈겔방향제린넨향130G,엘지생활건강,130G
15920,Training|Validation,생활용품,위생용품,방향제,엘지 아우라크리스탈겔방향제믹스베리향130G,엘지생활건강,130G
15914,Training|Validation,생활용품,위생용품,방향제,엘지 아우리실내용빅에그라벤더향440ML,엘지생활건강,440ML
55993,Training|Validation,생활용품,위생용품,방향제,엘지생활건강)아우라카카오프렌즈실내부착형방향제(어피치)복숭아,엘지생활건강,4ML
65386,Training|Validation,생활용품,위생용품,방향제,엘지생활건강홈스타토일렛볼상큼한레몬향,엘지생활건강,2P
75093,Training|Validation,생활용품,주방용품,보온병,MS모던보온병,기타,300ML
75178,Training|Validation,생활용품,주방용품,보온병,MS원터치보온컵300ML,기타,1개
75098,Training|Validation,생활용품,주방용품,보온병,MS원터치비비드보온병(브론즈),기타,300ML
75092,Training|Validation,생활용품,주방용품,보온병,MS원터치비비드보온병(자주색),기타,300ML
75097,Training|Validation,생활용품,주방용품,보온병,MS원터치비비드보온병(핑크),기타,300ML
75096,Training|Validation,생활용품,주방용품,보온병,MS원터치비비드보온병(화이트),기타,300ML
75147,Training|Validation,생활용품,세탁용품,보풀제거기,보풀제거기A2,기타,1개
75155,Training|Validation,생활용품,세탁용품,보풀제거기,심플보풀제거기(블루),기타,1개
75146,Training|Validation,생활용품,세탁용품,보풀제거기,토끼모양보풀제거기,기타,1개
66400,Training|Validation,생활용품,사무용품,볼펜,희망노트사디즈니캐릭터마스코트볼펜(녹색)1개입,기타,1개입
66458,Training|Validation,생활용품,사무용품,볼펜,희망노트사)디즈니마스코트3색볼펜(닐로앤스티치)1개입,희망노트사,1개입
66454,Training|Validation,생활용품,사무용품,볼펜,희망노트사)디즈니마스코트3색볼펜(버즈)1개입,희망노트사,1개입
66455,Training|Validation,생활용품,사무용품,볼펜,희망노트사)디즈니마스코트3색볼펜(벨)1개입,희망노트사,1개입
66457,Training|Validation,생활용품,사무용품,볼펜,희망노트사)디즈니마스코트3색볼펜(스티치)1개입,희망노트사,1개입
66452,Training|Validation,생활용품,사무용품,볼펜,희망노트사)디즈니마스코트3색볼펜(올라프)1개입,희망노트사,1개입
66453,Training|Validation,생활용품,사무용품,볼펜,희망노트사)디즈니마스코트3색볼펜(우디)1개입,희망노트사,1개입
66456,Training|Validation,생활용품,사무용품,볼펜,희망노트사)디즈니마스코트3색볼펜(조이)1개입,희망노트사,1개입
15402,Training|Validation,생활용품,의약외품,살충제,에스씨존슨오프미스트액,에스씨존슨코리아,177ML
15859,Training|Validation,생활용품,의약외품,살충제,에스씨존슨코리아 오프에어로졸150ML,에스씨존슨코리아,150ML
35416,Training|Validation,생활용품,의약외품,살충제,유한양행)해피홈에어로솔수성복수아향,유한양행,500ML
45391,Training|Validation,생활용품,의약외품,살충제,유한양행)해피홈제로에어로솔,유한양행,332G
25364,Training|Validation,생활용품,의약외품,살충제,유한양행해피홈에어로졸무향,유한양행,550ML
25362,Training|Validation,생활용품,의약외품,살충제,유한양행해피홈제로에어로졸파워레몬향,유한양행,500ML
45392,Training|Validation,생활용품,의약외품,살충제,지에스켈)오프에어로졸디에틸톨루아미드,지에스켈,100G
15403,Training|Validation,생활용품,의약외품,살충제,지에스켐해피홈아웃도어에어로졸(디메틸톨루아미드),지에스켐,150ML
25355,Training|Validation,생활용품,의약외품,살충제,에프킬라매트,한국존슨,60매
55337,Training|Validation,생활용품,의약외품,살충제,에프킬라무향수성,한국존슨,500ML
55352,Training|Validation,생활용품,의약외품,살충제,에프킬라바퀴살충제울트라,한국존슨,500ML
66426,Training|Validation,생활용품,생리용품,생리대,뉴라이프타공보드에사용하는2칸꽂이대형1개,기타,1개
25889,Training|Validation,생활용품,생리용품,생리대,깨끗한나라 건강한순수한면울트라슬림뉴대형날개형14개입,깨끗한나라,14개입
25890,Training|Validation,생활용품,생리용품,생리대,깨끗한나라 건강한순수한면울트라슬림중형날개형16개입,깨끗한나라,16개입
15759,Training|Validation,생활용품,생리용품,생리대,깨끗한나라 순수한면입는오버나이트팬티형중대형 6개입,깨끗한나라,6개입
45776,Training|Validation,생활용품,생리용품,생리대,깨끗한나라)순수한면슈퍼롱오버나이트,깨끗한나라,14개입
35775,Training|Validation,생활용품,생리용품,생리대,깨끗한나라)순수한면울트라슈퍼가드뉴중형날개형,깨끗한나라,36개입
35888,Training|Validation,생활용품,생리용품,생리대,깨끗한나라)온리프라이스순면생리대대형,깨끗한나라,16개입
46086,Training|Validation,생활용품,생리용품,생리대,깨끗한나라)온리프라이스순면생리대오버나이트,깨끗한나라,12개입
75081,Training|Validation,생활용품,생리용품,생리대,깨끗한나라100%유기농순면커버대형,깨끗한나라,32개입
75082,Training|Validation,생활용품,생리용품,생리대,깨끗한나라100%유기농순면커버중형,깨끗한나라,36개입
75083,Training|Validation,생활용품,생리용품,생리대,깨끗한나라순수한면울트라슈퍼가드뉴대형날개형,깨끗한나라,32개입
75085,Training|Validation,생활용품,생리용품,생리대,깨끗한나라순수한면입는오버나이트특대형,깨끗한나라,6개입
75084,Training|Validation,생활용품,생리용품,생리대,깨끗한나라순수한면제로뉴슬림오버나이트날개형,깨끗한나라,12개입
25865,Training|Validation,생활용품,생리용품,생리대,내츄럴코리아 내츄럴코튼시그니처울트라슬림중형12개입,내츄럴코리아,12개입
65936,Training|Validation,생활용품,생리용품,생리대,두두월드)JAJU간편냉장고정리높은대형880ML*2P,두두월드,2P
65724,Training|Validation,생활용품,생리용품,생리대,라엘코리아라엘중형레귤러14개,라엘코리아,14개입
A30017,Training|Validation,생활용품,생리용품,생리대,쏘피바디피트순간흡수중형,바디피트,4EA
15750,Training|Validation,생활용품,생리용품,생리대,보람씨앤에이치 오드리선울트라슬림리중형 16개입,보람씨앤,16개입
15756,Training|Validation,생활용품,생리용품,생리대,보람씨앤에이치 템포내추럴순면패드대형 14개,보람씨앤,14개
25743,Training|Validation,생활용품,생리용품,생리대,보람씨앤에치 템포내추럴순한패드중형 16개입,보람씨앤,16개입
A30025,Training|Validation,생활용품,생리용품,생리대,(주)보람씨앤에치오드리선그린웨이리미티드오버나이트,보람씨앤에이치,6EA
A40023,Training|Validation,생활용품,생리용품,생리대,(주)보람씨앤에치오드리선울트라슬림리대형,보람씨앤에이치,14EA
35777,Training|Validation,생활용품,생리용품,생리대,보람씨앤에치)오드리선울트라슬림리오버나이트,보람씨앤에치,8개입
25481,Training|Validation,생활용품,생리용품,생리대,뷰코셋 바이오롱윙생리대 10개입,뷰코셋,10개입
75086,Training|Validation,생활용품,생리용품,생리대,소피쏘피한결대형에이,소피쏘피,32개입
75087,Training|Validation,생활용품,생리용품,생리대,소피쏘피한결중형에이,소피쏘피,36개입
46085,Training|Validation,생활용품,생리용품,생리대,수안산업)내츄럴코튼시그니처슬림대형,수안산업,14개입
25739,Training|Validation,생활용품,생리용품,생리대,쌍용씨앤비 소프트피노중형18개입,쌍용씨앤비,18개임
25741,Training|Validation,생활용품,생리용품,생리대,쌍용씨앤비 오닉피노대형 16개입,쌍용씨앤비,16개입
55912,Training|Validation,생활용품,생리용품,생리대,아이엠오)아임오뉴울트라슬림윙중형14개입,아이엠오,14개입
90257,Training|Validation,생활용품,생리용품,생리대,에스씨존슨밀폐용백냉동용중형,에스씨존슨코리아,13매
15751,Training|Validation,생활용품,생리용품,생리대,에스에스케이 소프트피노대형 16개입,에스에스케이,16개입
15758,Training|Validation,생활용품,생리용품,생리대,에스에스케이 소프트피노슈퍼롱오버나이트 8개입,에스에스케이,8개입
15753,Training|Validation,생활용품,생리용품,생리대,에스에스케이 오닉피노슈퍼롱오버나이트 8개입,에스에스케이,8개입
75017,Training|Validation,생활용품,생리용품,생리대,에스에스케이)라엘대형,에스에스케이,12개
55916,Training|Validation,생활용품,생리용품,생리대,에스에스케이)르프레시슈퍼롱오버나이트6개입,에스에스케이,6개입
55914,Training|Validation,생활용품,생리용품,생리대,에스에스케이)르프레시오버나이트날개8개입,에스에스케이,8개입
35776,Training|Validation,생활용품,생리용품,생리대,에스에스케이)오닉피노중형,에스에스케이,18개입
45932,Training|Validation,생활용품,생리용품,생리대,에스에스케이)잇츠미프리미엄대형,에스에스케이,10개입
45898,Training|Validation,생활용품,생리용품,생리대,에스에스케이)잇츠미프리미엄중형,에스에스케이,12개입
70200,Training|Validation,생활용품,생리용품,생리대,엘지유니참주식회사소피귀애랑 중형19+1개,엘지생활건강,20개
80174,Training|Validation,생활용품,생리용품,생리대,엘지유니참주식회사쏘나귀애랑 대형17+1개,엘지생활건강,1개
65926,Training|Validation,생활용품,생리용품,생리대,엠뷰글로벌)라본생리대대형,엠뷰글로벌,10개입
65927,Training|Validation,생활용품,생리용품,생리대,엠뷰글로벌)라본생리대중형,엠뷰글로벌,12개입
15767,Training|Validation,생활용품,생리용품,생리대,웰스론헬스케어 숲속이야기오버나이트 20개입,웰스론,20개입
15932,Training|Validation,생활용품,생리용품,생리대,웰크론헬스케어 그날엔순면중형오닉34개입,웰크론헬스케어,34개입
65995,Training|Validation,생활용품,생리용품,생리대,웰크론헬스케어)그날엔순면대형오닉32개입,웰크론헬스케어,32개입
15702,Training|Validation,생활용품,생리용품,생리대,유한킴벌리 좋은느낌 울트라슬림중형36개입,유한킴벌리,36개입
15764,Training|Validation,생활용품,생리용품,생리대,유한킴벌리 좋은느낌유기농순면커버울트라슬림날개형대형 32개입,유한킴벌리,32개입
15763,Training|Validation,생활용품,생리용품,생리대,유한킴벌리 좋은느낌유기농순면커버울트라슬림날개형중형 36개입,유한킴벌리,36개입
15766,Training|Validation,생활용품,생리용품,생리대,유한킴벌리 좋은느낌좋은순면42CM수퍼롱오버나이트날개형 20개입,유한킴벌리,20개입
15765,Training|Validation,생활용품,생리용품,생리대,유한킴벌리 좋은느낌좋은순면울트라슬림날개형대형 32개입,유한킴벌리,32개입
45910,Training|Validation,생활용품,생리용품,생리대,유한킴벌리)좋은느낌울트라슬림중형날개형원,유한킴벌리,18개입
55913,Training|Validation,생활용품,생리용품,생리대,유한킴벌리)좋은느낌유린넨울트라슬림중형날개형원14개입,유한킴벌리,14개입
55917,Training|Validation,생활용품,생리용품,생리대,유한킴벌리)좋은느낌유울트라슬림대형날개형원16개입,유한킴벌리,16개입
35668,Training|Validation,생활용품,생리용품,생리대,유한킴벌리)좋은느낌은순면울트라슬림대형날개형원,유한킴벌리,32개
45911,Training|Validation,생활용품,생리용품,생리대,유한킴벌리)좋은느낌좋은순면맥시슬림중형날개형원,유한킴벌리,14개입
35738,Training|Validation,생활용품,생리용품,생리대,유한킴벌리)좋은느낌좋은순면수퍼롱오버나이트날개형원,유한킴벌리,20개
55643,Training|Validation,생활용품,생리용품,생리대,유한킴벌리라네이처시그니처울트라슬림대형날개형,유한킴벌리,10개입
55642,Training|Validation,생활용품,생리용품,생리대,유한킴벌리라네이처시그니처울트라슬림중형날개형,유한킴벌리,12개입
A30013,Training|Validation,생활용품,생리용품,생리대,(주)이마트24유기농순면커버날개형중형,이마트24,5EA
15752,Training|Validation,생활용품,생리용품,생리대,제이투엘에프에이 본에스생리대대형울트라날개 14개입,제이투엘에프에이,14개입
25742,Training|Validation,생활용품,생리용품,생리대,제이투엘에프에이 본에스생리대소형울트라날개 18개입,제이투엘에프에이,18개입
15531,Training|Validation,생활용품,생리용품,생리대,제이투엘에프에이 본에스생리대중형울트라날개 20개입,제이투엘에프에이,20개입
25861,Training|Validation,생활용품,생리용품,생리대,제이투엘에프에이 오씨본울트라슬림생리대오버나이트10개입,제이투엘에프에이,10개입
55915,Training|Validation,생활용품,생리용품,생리대,제이투엘오에이치)오씨본울트라슬림생리대대형14개입,제이투엘오에이치,14개입
55911,Training|Validation,생활용품,생리용품,생리대,제이투엘오에이치)오씨본울트라슬림생리대중형4개입,제이투엘오에이치,4개입
15755,Training|Validation,생활용품,생리용품,생리대,중원주식회사 뉴시크릿데이오버나이트XL 10개,중원주식회사,10개
15754,Training|Validation,생활용품,생리용품,생리대,중원주식회사 시크릿데이울트라슬림코튼대형비L 14개,중원주식회사,14개
25744,Training|Validation,생활용품,생리용품,생리대,중원주식회사 시크릿데이울트라슬림코튼중형비M 16개입,중원주식회사,16개입
15760,Training|Validation,생활용품,생리용품,생리대,중원주식회사 시크릿데이하트오버나이트팬티대형 4개,중원주식회사,4개
75133,Training|Validation,생활용품,욕실용품,샤워기,비타민C샤워기필체리블라썸향,기타,70ML
75132,Training|Validation,생활용품,욕실용품,샤워기,비타민C샤워기필터은은한라벤더향,기타,70ML
66424,Training|Validation,생활용품,욕실용품,샤워기,톨스피아녹물차단샤워기필터무향1개입,기타,1개입
15993,Training|Validation,생활용품,목욕용품,샤워볼,릴팡 카카오프렌즈입체샤워볼어피치1개입,릴팡 카,1개입
65306,Training|Validation,생활용품,세탁용품,섬유유연제,메디앙스비앤비섬유유연제베르가못그레이프푸르츠,메디앙스,1.8L
65305,Training|Validation,생활용품,세탁용품,섬유유연제,메디앙스비앤비섬유유연제자스민로즈향,메디앙스,1.8L
35020,Training|Validation,생활용품,세탁용품,섬유유연제,.LG)AURA 섬유유연제(윌유메리미)1L,엘지생활건강,1L
15284,Training|Validation,생활용품,세탁용품,섬유유연제,엘지 베비언스 베이비섬유유연제2.2L,엘지생활건강,2.2L
15283,Training|Validation,생활용품,세탁용품,섬유유연제,유한킴벌리 더블하트유아용섬유유연제1.8L,유한킴벌리,1.8L
65303,Training|Validation,생활용품,세탁용품,섬유유연제,유한킴벌리더블하트유아용섬유유연제플로럴아로마,유한킴벌리,1.2L
A10013,Training|Validation,생활용품,세탁용품,섬유유연제,피죤)울터치중성세제,피죤,1.3L
25781,Training|Validation,생활용품,세탁용품,섬유유연제,피죤)피죤리치퍼퓸블루비앙카1L,피죤,1L
25782,Training|Validation,생활용품,세탁용품,섬유유연제,피죤)피죤리치퍼퓸핑크로즈1L,피죤,1L
15023,Training|Validation,생활용품,세탁용품,섬유유연제,피죤_리치퍼퓸건조기용피죤라피에스타_40매,피죤,40매
35022,Training|Validation,생활용품,세탁용품,섬유유연제,피죤_리치퍼퓸건조기용피죤미스틱레인_40매,피죤,40매
25356,Training|Validation,생활용품,세탁용품,섬유유연제,피죤리치퍼퓸에어시트플라워페스티벌,피죤,20장
15404,Training|Validation,생활용품,욕실용품,세정제,에스씨존슨스크럼빔버블프레시브러시교체용,에스씨존슨코리아,6G
15848,Training|Validation,생활용품,욕실용품,세정제,헨켈홈케어코리아 브레프파워액티브프로방스라벤더50G*2,헨켈코리아,100G
55360,Training|Validation,생활용품,주방용품,세제,메소드주방세제바질향리필,LG생활건강,1L
55345,Training|Validation,생활용품,주방용품,세제,메소드주방세제핑크그레이프후루트향,LG생활건강,532ML
55357,Training|Validation,생활용품,주방용품,세제,메소드주방세제핑크그레이프후루트향리필,LG생활건강,1L
15016,Training|Validation,생활용품,세탁용품,세제,초고농축 다우니 프리미엄퍼퓸 코튼퓨어러브 1L,기타,1L
50224,Training|Validation,생활용품,주방용품,세제,무궁화소키행주전용비누,무궁화,150G
55362,Training|Validation,생활용품,주방용품,세제,세이프주방세제바질향,세이프주,1L
55348,Training|Validation,생활용품,주방용품,세제,슈가버블식기세척기용액체세제,슈가버블,920ML
55927,Training|Validation,생활용품,주방용품,세제,신세계인터내셔날)자주주방세제490ML,신세계인터내셔날,490ML
55948,Training|Validation,생활용품,주방용품,세제,신세계인터내셔날)찌든때쓱싹만능세제_700G,신세계인터내셔날,700G
15015,Training|Validation,생활용품,주방용품,세제,애경 순샘베리리필 1.2L,애경,1.2L
65964,Training|Validation,생활용품,세탁용품,세제,양양산업)필루니크런더리소프트란제리솝프리미엄여성속옷전용세제150ML,양양산업,150ML
35019,Training|Validation,생활용품,주방용품,세제,LG)자연퐁크릴오일리필(애플향)1L,엘지생활건강,1L
45014,Training|Validation,생활용품,주방용품,세제,LG)퐁퐁친환경주방세제(코코넛)1.2L,엘지생활건강,1.2L
65400,Training|Validation,생활용품,욕실용품,세제,엘지생활건강홈스타맥스싱크대배수관클리너,엘지생활건강,680ML
35605,Training|Validation,생활용품,욕실용품,세제,유한양행 유한펑크린배수관막힘용해제 1.5L+200ML,유한양행,1.7L
65304,Training|Validation,생활용품,주방용품,세제,유한킴벌리더블하트유아용섬유세제,유한킴벌리,1.2L
55015,Training|Validation,생활용품,주방용품,세제,자연퐁솔잎리필 1.2KG,자연퐁,1.2KG
55347,Training|Validation,생활용품,주방용품,세제,자연퐁식기세척기전용액체세제,자연퐁,920ML
55342,Training|Validation,생활용품,주방용품,세제,자연퐁크릴오일주방세제레몬향,자연퐁,750ML
55343,Training|Validation,생활용품,주방용품,세제,자연퐁크릴오일주방세제애플향,자연퐁,750ML
55354,Training|Validation,생활용품,주방용품,세제,프릴시크릿오브베이킹소다주방세제그린허브향,프릴,750ML
45013,Training|Validation,생활용품,세탁용품,세제,P G)다우니엑스퍼트실내건조1L,한국피앤지판매유한회사,1L
66387,Training|Validation,생활용품,위생용품,소독제,라이온코리아아이깨끗해상큼한레몬향100G,라이온코리아,100G
65210,Training|Validation,생활용품,위생용품,소독제,에이드코리아컴퍼니포멀비데일리손소독스프레이(에탄올),에이드코리아,50ML
66402,Training|Validation,생활용품,위생용품,소독제,엘시시)손소독청결제달콤한바나나향60ML,엘시시,60ML
55645,Training|Validation,생활용품,위생용품,소독제,엘시시랩신브이3새니타이저겔(에탄올),엘시시,60ML
15237,Training|Validation,생활용품,위생용품,소독제,유한양행해피홈세이프삼육오순손소독제겔(에탄올),유한양행,500ML
75164,Training|Validation,생활용품,욕실용품,수납,실리콘칫솔걸이(토끼),기타,1개
16015,Training|Validation,생활용품,욕실용품,수납,롯데쇼핑 룸바이홈블랙미니칫솔걸이1개입,룸바이홈,1개입
46098,Training|Validation,생활용품,욕실용품,수납,릴팡)릴팡카카오프렌즈라이언칫솔홀더컵걸이,릴팡,1개입
56011,Training|Validation,생활용품,욕실용품,수납,릴팡)릴팡카카오프렌즈어피치칫솔홀더컵걸이,릴팡,1개
35913,Training|Validation,생활용품,욕실용품,수납,아이조움)스누피흡착칫솔홀더(스누피),아이조움,1개입
55992,Training|Validation,생활용품,욕실용품,수납,아이조움)스누피흡착칫솔홀더(찰리브라운)대머리,아이조움,1개입
25733,Training|Validation,생활용품,사무용품,수납용품,굿센스 흡착멀티홀더(대야걸이) 1개입,굿센스,1개입
75116,Training|Validation,생활용품,사무용품,수납용품,모노톤메모홀더(400매),기타,1개
55266,Training|Validation,생활용품,사무용품,수납용품,플렉사두유우유홀더,기타,2개입
15994,Training|Validation,생활용품,욕실용품,수납용품,유유 펭수양치컵피규어홀더세트1개입,유유네이처,1개입
55989,Training|Validation,생활용품,주방용품,수세미,성보크리미)세이브수세미4입,성보크리미,4입
15472,Training|Validation,생활용품,주방용품,수세미,쓰리엠 원데이수세미플러스 10매,쓰리엠,10매
16024,Training|Validation,생활용품,주방용품,수세미,롯데쇼핑 온리프라이스다목적수세미4입,온리프라이스,4입
25955,Training|Validation,생활용품,주방용품,수세미,롯데쇼핑 온리프라이스삼중양면수세미6입,온리프라이스,6입
25754,Training|Validation,생활용품,주방용품,수세미,한울앤시마 원데이수세미 15매,한울앤시마,15매
75187,Training|Validation,생활용품,주방용품,식기류,PET머핀컵소12P,기타,1개
65998,Training|Validation,생활용품,주방용품,식기류,가루소분저장용기_소1.1KG,기타,1개입
75160,Training|Validation,생활용품,주방용품,식기류,간편하게열리는직사각용기80ML,기타,4개입
75141,Training|Validation,생활용품,주방용품,식기류,다회용소주컵60ML,기타,15개
75186,Training|Validation,생활용품,주방용품,식기류,베이킹컵150P(중형),기타,1개
75185,Training|Validation,생활용품,주방용품,식기류,베이킹컵200P(소형),기타,1개
75180,Training|Validation,생활용품,주방용품,식기류,일본제전자렌지OK보존용기S280ML,기타,4개입
75174,Training|Validation,생활용품,주방용품,식기류,전자렌지용보관용기650ML(노랑),기타,2개입
75173,Training|Validation,생활용품,주방용품,식기류,전자렌지용보관용기650ML(주황),기타,2개입
75179,Training|Validation,생활용품,주방용품,식기류,전자렌지용식품저장용기180ML,기타,4개
75171,Training|Validation,생활용품,주방용품,식기류,토끼밥주걱,기타,1개
75184,Training|Validation,생활용품,주방용품,식기류,투믹스다용도용기115ML+250ML,기타,2P
66459,Training|Validation,생활용품,주방용품,식기류,나인웨어)스텐딩주걱(스마일)1개입,나인웨어,1개입
66390,Training|Validation,생활용품,주방용품,식기류,대일코리아심플밀폐용기(회색)3개입200ML,대일코리아,200ML
66399,Training|Validation,생활용품,주방용품,식기류,대일코리아심플밀폐용기3P(베이지)200ML,대일코리아,200ML
66415,Training|Validation,생활용품,주방용품,식기류,대일코리아심플밀폐용기3P(흰색)200ML,대일코리아,200ML
66398,Training|Validation,생활용품,주방용품,식기류,대일코리아심플밀폐용기4P80ML,대일코리아,80ML
75106,Training|Validation,생활용품,주방용품,식기류,동양케미원형밀폐용기,동양케미컬,740ML
75104,Training|Validation,생활용품,주방용품,식기류,동양케미컬정사각밀폐용기,동양케미컬,650ML
75105,Training|Validation,생활용품,주방용품,식기류,동양케미컬정사각밀폐용기,동양케미컬,1.41L
45908,Training|Validation,생활용품,주방용품,식기류,락앤락)자주쓰는비스프리밀폐용기,락앤락,800ML
66286,Training|Validation,생활용품,주방용품,식기류,락앤락투명하고정리가쉬운밀폐용기정사각600ML,락앤락,600ML
66285,Training|Validation,생활용품,주방용품,식기류,락앤락투명하고정리가쉬운밀폐용기직사각1.5L,락앤락,1.5L
66288,Training|Validation,생활용품,주방용품,식기류,락앤락투명하고정리가쉬운밀폐용기직사각260ML,락앤락,260ML
66287,Training|Validation,생활용품,주방용품,식기류,락앤락투명하고정리가쉬운밀폐용기직사각450ML,락앤락,450ML
65937,Training|Validation,생활용품,주방용품,식기류,신세계인터내셔날)JAJU가루소분저장용기_대2.2KG,신세계인터내셔날,1개
55865,Training|Validation,생활용품,주방용품,식기류,신세계인터내셔날)JAJU매일쓰는간편용기350ML*4P,신세계인터내셔날,4P
55864,Training|Validation,생활용품,주방용품,식기류,신세계인터내셔날)JAJU자주쓰는비스프리밀폐용기180ML*2P,신세계인터내셔날,2P
55947,Training|Validation,생활용품,주방용품,식기류,신세계인터내셔날)JAJU자주쓰는비스프리밀폐용기2P_520ML,신세계인터내셔날,2P
45907,Training|Validation,생활용품,주방용품,식기류,신세계인터내셔날)매일쓰는간편용기,신세계인터내셔날,540ML
65945,Training|Validation,생활용품,주방용품,식기류,씨밀렉스코리아)JAJU간편냉장냉동용기3P_520ML,씨밀렉스코리아,3P
65946,Training|Validation,생활용품,주방용품,식기류,씨밀렉스코리아)JAJU간편냉장냉동용기3P_780ML,씨밀렉스코리아,3P
55946,Training|Validation,생활용품,주방용품,식기류,씨밀렉스코리아)JAJU간편냉장냉동용기4P_275ML,씨밀렉스코리아,4개입
66445,Training|Validation,생활용품,주방용품,식기류,아성물컵160ML,아성에이치엠,160ML
66438,Training|Validation,생활용품,주방용품,식기류,아성에이치엠피2중스탠머그컵450ML,아성에이치엠,450ML
66462,Training|Validation,생활용품,주방용품,식기류,우일프리텍)스텐딩주걱(주걱무늬)1개입,우일프리텍,1개입
55231,Training|Validation,생활용품,주방용품,식기류,위니치사이언스안심이유식용기,위니치,3개입
75107,Training|Validation,생활용품,주방용품,식기류,이지앤김보관용기,이지엔,1000ML
66290,Training|Validation,생활용품,주방용품,식기류,한국피엔티 탁밀폐용기직1.0L*3,한국피앤티,3L
66289,Training|Validation,생활용품,주방용품,식기류,한국피엔티 탁밀폐용기직270ML*3,한국피앤티,810ML
35918,Training|Validation,생활용품,공구/전기,실리콘,플러스라인)홈핸드실리콘백색,플러스라인,100G
45267,Training|Validation,생활용품,유아용품,실리콘젖꼭지,산아기업)베이비사이언스실리콘젖꼭지2개입3~6개월,산아기업,2개입
45268,Training|Validation,생활용품,유아용품,실리콘젖꼭지,산아기업)베이비사이언스실리콘젖꼭지2개입6~12개월,산아기업,2개입
25736,Training|Validation,생활용품,주방용품,얼음틀,대일코리아 실리콘미니얼음틀2PSET,대일코리아,2P
A30016,Training|Validation,생활용품,양말,여성양말,(주)이에이치상사여성스니커즈양말,이에이치상사,1EA
66021,Training|Validation,생활용품,위생용품,여성청결제,그레이스인터내셔날)휴대용물티슈타입여성청결제(헹굴필요없음),그레이스인터내셔날,16매
66465,Training|Validation,생활용품,주방용품,오일브러쉬,이네스트실리콘오일브러쉬1개입(갈색),기타,1개입
66484,Training|Validation,생활용품,주방용품,오일브러쉬,이네스트실리콘오일브러쉬1개입(흰색),기타,1개입
70284,Training|Validation,생활용품,위생용품,일회용마스크,K일회용필터마스크대형50매입,기타,50매입
45230,Training|Validation,생활용품,위생용품,일회용마스크,중국)마스크연한파랑50PACK,기타,50PACK
45229,Training|Validation,생활용품,위생용품,일회용마스크,중국)마스크진한파랑50PACK,기타,50PACK
45231,Training|Validation,생활용품,위생용품,일회용마스크,중국)일본마스크50PACK,기타,50PACK
15172,Training|Validation,생활용품,위생용품,일회용마스크,라피네)마스크 (DISPOSABLE) 50개,라피네,50개
15173,Training|Validation,생활용품,위생용품,일회용마스크,라피네)마스크 (SANITARY검정)50매,라피네,50매
15174,Training|Validation,생활용품,위생용품,일회용마스크,라피네)마스크 (SANITARY흰색)50매,라피네,50매
45177,Training|Validation,생활용품,위생용품,일회용마스크,라피네)위생마스크S 50PCS,라피네,50PCS
45179,Training|Validation,생활용품,위생용품,일회용마스크,라피네)일회용마스크(마스비클린마스크)50PCS,라피네,50PCS
45176,Training|Validation,생활용품,위생용품,일회용마스크,라피네)핑크 위생훼이스마스크50PCS,라피네,50PCS
45178,Training|Validation,생활용품,위생용품,일회용마스크,라피네)화이트위생훼이크마스크50PCS,라피네,50PCS
25678,Training|Validation,생활용품,위생용품,일회용마스크,오리오 프로그숨쉬기편안한일회용건강마스크성인용블랙 30매,오리온,30매
36043,Training|Validation,생활용품,위생용품,일회용마스크,청청인터내셔날)데일리일회용마스크소형50EA,청청인터내셔날,50매입
10288,Training|Validation,생활용품,위생용품,장갑,대진친환경위생장갑50매(24CM*28CM),기타,50매
90195,Training|Validation,생활용품,위생용품,장갑,청정크린장갑,기타,40매
65635,Training|Validation,생활용품,위생용품,장갑,홈에디션명진청소용장갑M,기타,1쌍
45453,Training|Validation,생활용품,위생용품,장갑,마미손)마미손고무장갑L대,마미손,3켤레
65462,Training|Validation,생활용품,위생용품,장갑,온리프라이스위생장갑27CM,온리프라이스,100매
35370,Training|Validation,생활용품,위생용품,장갑,주원쉐프위생장갑(실속형),주원,100매
70190,Training|Validation,생활용품,위생용품,장갑,크린랩손목이 긴 크린장갑,크린랩,1개
30184,Training|Validation,생활용품,위생용품,장갑,크린랲크린장갑 100매입,크린랩,100매
40206,Training|Validation,생활용품,위생용품,장갑,크린랲크린장갑 50매,크린랩,50매
55427,Training|Validation,생활용품,위생용품,장갑,3M스카치브라이트황토숯고무장갑대형,한국쓰리엠,대형3입
55430,Training|Validation,생활용품,위생용품,장갑,3M스카치브라이트황토숯고무장갑소형,한국쓰리엠,소형3입
55431,Training|Validation,생활용품,위생용품,장갑,3M스카치브라이트황토숯고무장갑중형,한국쓰리엠,중형3입
15304,Training|Validation,생활용품,사무용품,접착제,문방 조은풀 초강력액체풀50ML,기타,50ML
15302,Training|Validation,생활용품,사무용품,접착제,아모스 딱풀15G(단품),아모스,15G
15300,Training|Validation,생활용품,사무용품,접착제,아모스 딱풀35G(단품),아모스,35G
15305,Training|Validation,생활용품,사무용품,접착제,아모스 만능목공풀프리미엄36G,아모스,36G
45276,Training|Validation,생활용품,사무용품,접착제,아모스)딱풀초강력8G,아모스,8G
15303,Training|Validation,생활용품,사무용품,접착제,오공본드 원더풀 빠른건조타입50G,오공,50G
55250,Training|Validation,생활용품,사무용품,접착제,종이나라만능본드,종이나라,150G
75177,Training|Validation,생활용품,일회용품,종이컵,미피종이컵노랑,기타,1개
75190,Training|Validation,생활용품,일회용품,종이컵,미피종이컵줄무늬,기타,1개
66416,Training|Validation,생활용품,일회용품,종이컵,타이저우)디즈니프린세스종이컵10개입,타이저우,10개입
20271,Training|Validation,생활용품,주방용품,지퍼백/비닐백,지퍼락이지오픈탭미니35매,기타,35매
70244,Training|Validation,생활용품,주방용품,지퍼백/비닐백,대진씨앤씨친환경위생백소형,대진씨앤씨,150매
66292,Training|Validation,생활용품,주방용품,지퍼백/비닐백,레딕스글로비즈 뿌리또스탠딩지퍼백18*20*10매,레딕스글로비즈,10매
66291,Training|Validation,생활용품,주방용품,지퍼백/비닐백,레딕스글로비즈 뿌리또스탠딩지퍼백22*23*10매,레딕스글로비즈,10매
66163,Training|Validation,생활용품,주방용품,지퍼백/비닐백,마더케이)마더케이에코아기지퍼백라지27*24/15개입,마더케이,15개입
35917,Training|Validation,생활용품,주방용품,지퍼백/비닐백,삼성케미칼)마더케이에코아기지퍼백미니,삼성케미칼,15매입
90255,Training|Validation,생활용품,주방용품,지퍼백/비닐백,스펀지밥향균멀티지퍼백,스펀지밥,20매
65465,Training|Validation,생활용품,주방용품,지퍼백/비닐백,온리프라이스위생백대형30CM*45CM,온리프라이스,200매
65463,Training|Validation,생활용품,주방용품,지퍼백/비닐백,온리프라이스위생백소형17CM*25CM,온리프라이스,200매
65464,Training|Validation,생활용품,주방용품,지퍼백/비닐백,온리프라이스지퍼백대형25cm,온리프라이스,30매
65466,Training|Validation,생활용품,주방용품,지퍼백/비닐백,온리프라이스지퍼백중20CM,온리프라이스,30매
60231,Training|Validation,생활용품,주방용품,지퍼백/비닐백,웅진산업스폰지밥향균멀티지퍼팩S,웅진식품,10매
A10002,Training|Validation,생활용품,주방용품,지퍼백/비닐백,이마트쉽게잠기는지퍼백,이마트,15매
15773,Training|Validation,생활용품,주방용품,지퍼백/비닐백,주원 쉐프위생백대형알뜰형25*30 20매,주원,20매
15772,Training|Validation,생활용품,주방용품,지퍼백/비닐백,주원 쉐프위생백대형알뜰형30*45 100매,주원,100매
15775,Training|Validation,생활용품,주방용품,지퍼백/비닐백,주원 쉐프위생백소형알뜰형17*25 100매,주원,100매
15776,Training|Validation,생활용품,주방용품,지퍼백/비닐백,주원 쉐프위생백소형알뜰형18*20 20매,주원,20매
15774,Training|Validation,생활용품,주방용품,지퍼백/비닐백,주원 쉐프위생백특대형알뜰형30*35 20매,주원,20매
35371,Training|Validation,생활용품,주방용품,지퍼백/비닐백,주원쉐프위생백중형(알뜰형),주원,100매
55386,Training|Validation,생활용품,주방용품,지퍼백/비닐백,주원쉐프지퍼백,주원,20매
30196,Training|Validation,생활용품,주방용품,지퍼백/비닐백,크린랩)크린지퍼백 30cm X 35cm,크린랩,15매
66295,Training|Validation,생활용품,주방용품,지퍼백/비닐백,크린랲생활지퍼백(대)27*24*10매,크린랩,10매
66293,Training|Validation,생활용품,주방용품,지퍼백/비닐백,크린랲생활지퍼백(소)23*10*10매,크린랩,10매
66294,Training|Validation,생활용품,주방용품,지퍼백/비닐백,크린랲생활지퍼백(중)23*16*10매,크린랩,10매
66297,Training|Validation,생활용품,주방용품,지퍼백/비닐백,크린랲크린지퍼백슬라이딩21*19*15매,크린랩,15매
66296,Training|Validation,생활용품,주방용품,지퍼백/비닐백,크린랲크린지퍼백이중지퍼백18*20*20매,크린랩,20매
15440,Training|Validation,생활용품,주방용품,지퍼백/비닐백,크린손 온리프라이스 위생백 중형 200매,크린손,200매
55426,Training|Validation,생활용품,주방용품,지퍼백/비닐백,3M후레쉬지퍼팩25CM*30CM,한국쓰리엠,20매
25304,Training|Validation,생활용품,주방용품,지퍼백/비닐백,홈플러스시그니쳐 이중지퍼백 18CM*20CM 20매,홈플러스,20매
55955,Training|Validation,생활용품,사무용품,충전용케이블,글로벌치어코리아)라이트닝8핀패브릭USB케이블,글로벌치어코리아,1개입
66420,Training|Validation,생활용품,사무용품,충전용케이블,팀넷코리아미키마우스5핀고속충전케이블1개입,기타,1개입
45463,Training|Validation,생활용품,사무용품,충전용케이블,영서디아이)충전케이블(3in1),영서디아이,1개입
A10006,Training|Validation,생활용품,사무용품,충전용케이블,해브잇올모블 프리미엄 케이블 애플8핀,해브잇올,1.2M
A10008,Training|Validation,생활용품,사무용품,충전용케이블,해브잇올모블 프리미엄 케이블3IN 멀티케이블,해브잇올,1.2M
A10007,Training|Validation,생활용품,사무용품,충전용케이블,해브잇올모블 프리미엄 케이블C타입,해브잇올,1.2M
55290,Training|Validation,생활용품,주방용품,커피여과지,그린에이드무표백커피여과지,그린에이드,100개입
35987,Training|Validation,생활용품,주방용품,커피여과지,롯데푸드)칸타타무표백커피여과지,롯데푸드,40매입
15790,Training|Validation,생활용품,주방용품,커피여과지,제이텍프라자 밀리타오리지날커피여과지1*2 80매,제이텍프라자,80매
15791,Training|Validation,생활용품,주방용품,커피여과지,제이텍프라자 밀리타오리지날커피여과지1*4 80매,제이텍프라자,80매
55769,Training|Validation,생활용품,주방용품,커피여과지,제이텍프라자)밀리타오리지날커피여과지,제이텍프라자,40매입
15794,Training|Validation,생활용품,주방용품,커피여과지,코노스 무표백커피여과지 100매입,코노스유한책임회사,100매입
55785,Training|Validation,생활용품,주방용품,커피여과지,코노스유한책임회사)원두커피여과지,코노스유한책임회사,100매
35983,Training|Validation,생활용품,주방용품,커피여과지,한국맥널티)맥널티고급커피필터,한국맥널티,100매입
35984,Training|Validation,생활용품,주방용품,커피여과지,한국맥널티)맥널티핸드드립커피필터,한국맥널티,30매입
66414,Training|Validation,생활용품,욕실용품,컵,아성토이스토리쌓는PP컵2개입,아성에이치엠,2개입
65307,Training|Validation,생활용품,욕실용품,컵,엘지생활건강페리오키즈양치컵2단계,엘지생활건강,2개입
15995,Training|Validation,생활용품,욕실용품,컵,유유 펭수치카치카한번에양치컵320ML,유유네이처,320ML
66482,Training|Validation,생활용품,위생용품,탈취제,비엘코리아배수구탈취제레몬라임330ML,기타,330ML
75136,Training|Validation,생활용품,위생용품,탈취제,쓰레기통냄새탈취제라벤더향,기타,1개
75137,Training|Validation,생활용품,위생용품,탈취제,쓰레기통냄새탈취제레몬향,기타,1개
66408,Training|Validation,생활용품,위생용품,탈취제,해피룸해피탈취분사기향딸기향180G,기타,180G
66407,Training|Validation,생활용품,위생용품,탈취제,해피룸해피탈취분사기향라벤더향180G,기타,180G
66409,Training|Validation,생활용품,위생용품,탈취제,해피룸해피탈취분사기향레몬향180G,기타,180G
66406,Training|Validation,생활용품,위생용품,탈취제,해피룸해피탈취분사기향로맨틱가든180G,기타,180G
66410,Training|Validation,생활용품,위생용품,탈취제,해피룸해피탈취분사기향헤이즐넛향180G,기타,180G
90251,Training|Validation,생활용품,위생용품,탈취제,불스원차량용실내탈취제싱그러운숲속향,불스원차,250ML
35529,Training|Validation,생활용품,위생용품,탈취제,LG생활건강)샤프란케어네이처섬유탈취제(그린허브향),엘지생활건강,300ML
35530,Training|Validation,생활용품,위생용품,탈취제,LG생활건강)샤프란케어네이처섬유탈취제(스파클링오렌지향),엘지생활건강,300ML
45487,Training|Validation,생활용품,위생용품,탈취제,LG생활건강)아우라섬유탈취제스모키머스크,엘지생활건강,400ML
A20016,Training|Validation,생활용품,위생용품,탈취제,LG생활건강)아우라섬유탈취제윌유메리미,엘지생활건강,400ML
45488,Training|Validation,생활용품,위생용품,탈취제,LG생활건강)아우라섬유탈취제홀리데이판타지,엘지생활건강,400ML
25439,Training|Validation,생활용품,위생용품,탈취제,엘지 샤프란케어싱그러운향 500ML,엘지생활건강,500ML
15916,Training|Validation,생활용품,위생용품,탈취제,엘지 아우라미향탈취라벤더향400ML,엘지생활건강,400ML
15915,Training|Validation,생활용품,위생용품,탈취제,엘지 아우라미향탈취코튼향400ML,엘지생활건강,400ML
15913,Training|Validation,생활용품,위생용품,탈취제,엘지 아우라실내용빅에그피치향440ML,엘지생활건강,440ML
55381,Training|Validation,생활용품,위생용품,탈취제,엘지생활건강샤프란꽃담초허브부케가르니,엘지생활건강,1.6L
55380,Training|Validation,생활용품,위생용품,탈취제,엘지생활건강샤프란로맨틱코튼,엘지생활건강,2.1L
55638,Training|Validation,생활용품,위생용품,탈취제,엘지생활건강샤프란케어스타일러섬유탈취제상쾌한향,엘지생활건강,500ML
25359,Training|Validation,생활용품,위생용품,탈취제,엘지샤프란아로마시트핑크센세이션,엘지생활건강,50매
25360,Training|Validation,생활용품,위생용품,탈취제,엘지샤프란아우라드라이,엘지생활건강,40매
A40019,Training|Validation,생활용품,위생용품,탈취제,유한회사페브리즈데오드란트파워쿨아쿠아향보충용,유한회사,320ML
A30027,Training|Validation,생활용품,위생용품,탈취제,"유한회사페브리즈에어,봄의소생",유한회사,275g
A40020,Training|Validation,생활용품,위생용품,탈취제,유한회사페브리즈허브향보충용,유한회사,320ML
15025,Training|Validation,생활용품,위생용품,탈취제,제로홈 옷장방충제라벤다향 5입,제로홈,5입
20280,Training|Validation,생활용품,위생용품,탈취제,지엘제약신발탈취제베이비파우더향,지엘제약,100ML
66036,Training|Validation,생활용품,위생용품,탈취제,트랜드아이)페브클린섬유탈취제49상큼달콤한,트랜드아이,500ML
55013,Training|Validation,생활용품,위생용품,탈취제,페브리즈 에어 맑은 하늘 바람 (275ML),페브리즈,275ML
15019,Training|Validation,생활용품,위생용품,탈취제,페브리즈 에어 바닐라 라벤더 (275ML),페브리즈,275ML
A10017,Training|Validation,생활용품,위생용품,탈취제,페브리즈)페브리즈섬유탈취제다우니에이프릴향,페브리즈,370ML
55021,Training|Validation,생활용품,위생용품,탈취제,페브리즈다우니에이프릴향리필_320ML,페브리즈,320ML
55650,Training|Validation,생활용품,위생용품,탈취제,페브리즈비치형화장실용은은한라벤더향,페브리즈,6ML
85004,Training|Validation,생활용품,위생용품,탈취제,페브리즈에어바닐라라벤더의포근함(캔),페브리즈,275G
85001,Training|Validation,생활용품,위생용품,탈취제,페브리즈에어바람속의꽃향기(캔),페브리즈,275G
15021,Training|Validation,생활용품,위생용품,탈취제,페브리즈에어화장실용 산뜻한정원향 _275G,페브리즈,275G
25026,Training|Validation,생활용품,위생용품,탈취제,페브리즈은은한향용기_370ML,페브리즈,370ML
35025,Training|Validation,생활용품,위생용품,탈취제,페브리즈허브향용기_370ML,페브리즈,77G
45020,Training|Validation,생활용품,위생용품,탈취제,페브리즈허브향용기_370ML,페브리즈,370ml
25780,Training|Validation,생활용품,위생용품,탈취제,피엔지 페브리즈맨데오드란트파워상쾌한허브향370ML,피엔지,370ML
25779,Training|Validation,생활용품,위생용품,탈취제,피엔지 페브리즈맨데오드란트파워쿨아쿠아향370ML,피엔지,370ML
A40037,Training|Validation,생활용품,위생용품,탈취제,(주)한국미라클사코코브라운베이킹소다탈취체크림파우더향,한국미라클,550ML
A20037,Training|Validation,생활용품,위생용품,탈취제,(주)한국미라클피플사코코브라운베이킹소다탈취제네츄럴라벤더향,한국미라클,550ML
75028,Training|Validation,생활용품,위생용품,탈취제,"한국피앤지)페브리즈에어,맑은하늘바람",한국피앤지,275G
15081,Training|Validation,생활용품,위생용품,탈취제,한국피엔지 페브리즈 비치형 화장실용 상큼한레몬향 6ML,한국피앤지,6ML
15855,Training|Validation,생활용품,위생용품,탈취제,한국피엔지 페브리즈맨시원한멘솔향370ML,한국피앤지,370ML
55014,Training|Validation,생활용품,위생용품,탈취제,P G)페브리즈다우니향370ML,한국피앤지판매유한회사,370ML
45024,Training|Validation,생활용품,위생용품,탈취제,P G_New페브리즈상쾌한향용기_370ML,한국피앤지판매유한회사,370ML
45520,Training|Validation,생활용품,위생용품,티슈,GS리테일)유어스미니포켓티슈10매입,GS리테일,6개입
25929,Training|Validation,생활용품,위생용품,티슈,이벤트코리아 데일리케어물티슈100매캡형,기타,100매
25758,Training|Validation,생활용품,위생용품,티슈,깨끗한나라 99.9%깨끗한나라클린손소독티슈캡형 60매,깨끗한나라,60매
15523,Training|Validation,생활용품,위생용품,티슈,깨끗한나라 라인프렌즈물티슈 20매,깨끗한나라,20매
15525,Training|Validation,생활용품,위생용품,티슈,깨끗한나라 여행용티슈 주황 50매,깨끗한나라,50매
15524,Training|Validation,생활용품,위생용품,티슈,깨끗한나라 여행용티슈 핑크 50매,깨끗한나라,50매
45654,Training|Validation,생활용품,위생용품,티슈,깨끗한나라)깨끗한나라라인프렌즈물티슈58G,깨끗한나라,20매
65714,Training|Validation,생활용품,위생용품,티슈,깨끗한나라)깨끗한나라물티슈(페퍼민트향)100매3개입,깨끗한나라,100매*3
65710,Training|Validation,생활용품,위생용품,티슈,깨끗한나라)깨끗한나라물티슈(페퍼민트향)30매3개입,깨끗한나라,30매*3
45088,Training|Validation,생활용품,위생용품,티슈,깨끗한나라)깨끗한나라물티슈99G,깨끗한나라,99G
66255,Training|Validation,생활용품,위생용품,티슈,깨끗한나라)깨끗한나라미니티슈병아리파란색,깨끗한나라,230매
66257,Training|Validation,생활용품,위생용품,티슈,깨끗한나라)깨끗한나라미니티슈브라운노란색,깨끗한나라,230매
66256,Training|Validation,생활용품,위생용품,티슈,깨끗한나라)깨끗한나라미니티슈토끼분홍색,깨끗한나라,230매
35277,Training|Validation,생활용품,위생용품,티슈,깨끗한나라)깨끗한나라여행용티슈70매,깨끗한나라,70매
65716,Training|Validation,생활용품,위생용품,티슈,깨끗한나라)깨끗한나라클린손소독티슈(에탄올)캡형60매,깨끗한나라,400G
66359,Training|Validation,생활용품,위생용품,티슈,깨끗한나라물티슈캡형100매,깨끗한나라,100매
66356,Training|Validation,생활용품,위생용품,티슈,대한피엔에이치)유어스미니포켓티슈(주황)10매,대한피엔에이치,10매
66355,Training|Validation,생활용품,위생용품,티슈,대한피엔에이치)유어스미니포켓티슈(하양)10매,대한피엔에이치,10매
25751,Training|Validation,생활용품,위생용품,티슈,제이트로닉스 매일사용하는깨끗한물티슈 150매입,매일유업,150매입
35885,Training|Validation,생활용품,위생용품,티슈,제이트로닉스)새싹이물티슈100매(분홍),매일유업,213G
35887,Training|Validation,생활용품,위생용품,티슈,제이트로닉스)새싹이물티슈100매(초록),매일유업,213G
35886,Training|Validation,생활용품,위생용품,티슈,제이트로닉스)새싹이물티슈100매(파랑),매일유업,213G
55379,Training|Validation,생활용품,위생용품,티슈,제이트로닉스홈플러스시그니처손소독티슈,매일유업,50매
25756,Training|Validation,생활용품,위생용품,티슈,메디앙스 닥터아토손소독티슈에탄올 20매,메디앙스,20매
25755,Training|Validation,생활용품,위생용품,티슈,메디앙스 닥터아토콧물전용티슈 20매,메디앙스,20매
55429,Training|Validation,생활용품,위생용품,티슈,메디앙스닥터아토손&입전용티슈,메디앙스,20매입*3개
66280,Training|Validation,생활용품,위생용품,티슈,미래생활)온리프라이스천연펄프미용티슈보라색,미래생활,180매
66279,Training|Validation,생활용품,위생용품,티슈,미래생활)온리프라이스천연펄프미용티슈주황색,미래생활,180매
66281,Training|Validation,생활용품,위생용품,티슈,미래생활)온리프라이스천연펄프미용티슈핑크색,미래생활,180매
45518,Training|Validation,생활용품,위생용품,티슈,빈다코리아)템포(손수건행키티슈),빈다코리,10매
55646,Training|Validation,생활용품,위생용품,티슈,샤이릴라미니물티슈(분홍색)고릴라,샤이릴라,20매
55641,Training|Validation,생활용품,위생용품,티슈,샤이릴라미니물티슈(파란색)고양이,샤이릴라,20매
55689,Training|Validation,생활용품,위생용품,티슈,샤이릴라미니물티슈콘치즈(노란색에 바나나많음)20매,샤이릴라,62G
25765,Training|Validation,생활용품,위생용품,티슈,샤인 깔끔슈퍼크리너 60매입,샤인 깔,60매입
25012,Training|Validation,생활용품,위생용품,티슈,스카트 주방식탁전용물티슈 40매,스카트,40매
66437,Training|Validation,생활용품,위생용품,티슈,쌍용씨앤비코디퓨어워터물티슈72매,쌍용씨앤비,72매
25883,Training|Validation,생활용품,위생용품,티슈,씨제이올리브영 몽블리손소독티슈30매,씨제이올리브영,30매
20254,Training|Validation,생활용품,위생용품,티슈,애경 랩신 V3 손소독티슈 60매,애경,60매
35175,Training|Validation,생활용품,위생용품,티슈,애경)랩신브이쓰리손소독티슈에탄올10매,애경,10매
66209,Training|Validation,생활용품,위생용품,티슈,엔프라니)네추어비알로에퓨리파잉오일클렌징티슈60매,엔프라니,250g
35670,Training|Validation,생활용품,위생용품,티슈,LG생활건강)에스이엠티살균세정티슈플로럴향,엘지생활건강,50매
25753,Training|Validation,생활용품,위생용품,티슈,엘지 에스이엠티살균세정티슈레몬향 50매,엘지생활건강,50매
15864,Training|Validation,생활용품,위생용품,티슈,엘지 에스이엠티살균세정티슈오렌지향50매,엘지생활건강,50매
25752,Training|Validation,생활용품,위생용품,티슈,엘지 에스이엠티살균세정티슈플로럴향 50매,엘지생활건강,50매
55693,Training|Validation,생활용품,위생용품,티슈,엘지생활건강에스이엠티살균세정티슈레몬향,엘지생활건강,50매
55692,Training|Validation,생활용품,위생용품,티슈,엘지생활건강에스이엠티살균세정티슈오렌지향,엘지생활건강,50매
35927,Training|Validation,생활용품,위생용품,티슈,오티케이씨앤티)보솜이아기물티슈카모마일프리미엄,오티케이씨앤티,338G
45682,Training|Validation,생활용품,위생용품,티슈,오티케이씨앤티)오곡물티슈,오티케이씨앤티,226G
66211,Training|Validation,생활용품,위생용품,티슈,우일씨앤텍)온리프라이스물티슈120매,우일씨앤텍,212G
55491,Training|Validation,생활용품,위생용품,티슈,우일씨엔텍크리넥스콧물전용물티슈,우일씨앤텍,20매
25761,Training|Validation,생활용품,위생용품,티슈,유한킴벌리 크리넥스마이비데 40매,유한킴벌리,40매
26066,Training|Validation,생활용품,위생용품,티슈,유한킴벌리 크리넥스미니티슈230매(라이언),유한킴벌리,230매
26067,Training|Validation,생활용품,위생용품,티슈,유한킴벌리 크리넥스미니티슈230매(무지),유한킴벌리,230매
26068,Training|Validation,생활용품,위생용품,티슈,유한킴벌리 크리넥스미니티슈230매(어피치),유한킴벌리,230매
25926,Training|Validation,생활용품,위생용품,티슈,유한킴벌리 크리넥스코편한티슈60매,유한킴벌리,60매
15973,Training|Validation,생활용품,위생용품,티슈,유한킴벌리 하기스수딩케어아기물티슈캡72매,유한킴벌리,72매
56041,Training|Validation,생활용품,위생용품,티슈,유한킴벌리)그린핑거손소독물티슈99.9%살균소독,유한킴벌리,20매
35926,Training|Validation,생활용품,위생용품,티슈,유한킴벌리)그린핑거알로에베라물티슈,유한킴벌리,209G
35891,Training|Validation,생활용품,위생용품,티슈,유한킴벌리)스카트잘닦이는물티슈,유한킴벌리,70매입
65709,Training|Validation,생활용품,위생용품,티슈,유한킴벌리)크리넥스안심물티슈(벤잘코늄염화물)3개입,유한킴벌리,20매*3
46089,Training|Validation,생활용품,위생용품,티슈,유한킴벌리)하기스수딩케어플러스물티슈,유한킴벌리,395G
55619,Training|Validation,생활용품,위생용품,티슈,유한킴벌리여행용티슈(3개입),유한킴벌리,70매*3
55622,Training|Validation,생활용품,위생용품,티슈,유한킴벌리여행용티슈(노란색),유한킴벌리,70매
55621,Training|Validation,생활용품,위생용품,티슈,유한킴벌리여행용티슈(분홍색),유한킴벌리,70매
55620,Training|Validation,생활용품,위생용품,티슈,유한킴벌리여행용티슈(하늘색),유한킴벌리,70매
55614,Training|Validation,생활용품,위생용품,티슈,유한킴벌리크리넥스안심물티슈(벤잘코늄염화물),유한킴벌리,60매
A30008,Training|Validation,생활용품,위생용품,티슈,(주)이마트24민생맑은물티슈,이마트24,100매
A30007,Training|Validation,생활용품,위생용품,티슈,(주)이마트24민생한아름물티슈,이마트24,200매
25759,Training|Validation,생활용품,위생용품,티슈,일동엘앤비 데일리케어프리미엄베이비물티슈 80매,일동엘앤비,80매
45906,Training|Validation,생활용품,위생용품,티슈,자우버)올리브영케어플러스렌즈클리닝티슈,자우버,100매입
25764,Training|Validation,생활용품,위생용품,티슈,장원 물걸레청소포 30매입,장원,30매입
25763,Training|Validation,생활용품,위생용품,티슈,장원 실속형물걸레청소포중형30*20 30매입,장원,30매입
A30022,Training|Validation,생활용품,위생용품,티슈,(주)제이트로닉스시그니처베이비물티슈,제이트로닉스,70매
46140,Training|Validation,생활용품,위생용품,티슈,롯데쇼핑)초이스엘미니티슈(거북이),초이스엘,250매
46139,Training|Validation,생활용품,위생용품,티슈,롯데쇼핑)초이스엘미니티슈(나뭇가지새),초이스엘,250매
46141,Training|Validation,생활용품,위생용품,티슈,롯데쇼핑)초이스엘미니티슈(날고있는새),초이스엘,250매
25750,Training|Validation,생활용품,위생용품,티슈,태광유통 기쁜소식아기물티슈 100매,태광푸드,100매
66283,Training|Validation,생활용품,위생용품,티슈,피앤케이)초이스엘미니티슈고래,피앤케이,250매
66282,Training|Validation,생활용품,위생용품,티슈,피앤케이)초이스엘미니티슈곰,피앤케이,250매
26045,Training|Validation,생활용품,위생용품,티슈,피앤케이)초이스엘미니티슈다람쥐,피앤케이,250매
66254,Training|Validation,생활용품,위생용품,티슈,피앤케이)초이스엘휴대용티슈70매*3개입,피앤케이,210매
55615,Training|Validation,생활용품,위생용품,티슈,피앤케이샤이릴라여행용티슈(3개입),피앤케이,70매*3
55617,Training|Validation,생활용품,위생용품,티슈,피앤케이샤이릴라여행용티슈(민트색),피앤케이,70매
55618,Training|Validation,생활용품,위생용품,티슈,피앤케이샤이릴라여행용티슈(분홍색),피앤케이,70매
55616,Training|Validation,생활용품,위생용품,티슈,피앤케이샤이릴라여행용티슈(초록색),피앤케이,70매
66419,Training|Validation,생활용품,위생용품,티슈,필레코리아베이킹소다손걸레청소물티슈100매,필레코리아,100매
25762,Training|Validation,생활용품,위생용품,티슈,한울허브팜 기름때세정티슈35매,한울허브팜,35매
25760,Training|Validation,생활용품,위생용품,티슈,한울허브팜 샤이릴라물티슈 80매,한울허브팜,80매
A10020,Training|Validation,생활용품,위생용품,티슈,홈플러스)시그니처물티슈,홈플러스,100매
25307,Training|Validation,생활용품,위생용품,티슈,홈플러스시그니쳐 손소독티슈10매,홈플러스,10매
15259,Training|Validation,생활용품,의약외품,파스,썬이온 아요이패치 100메입,썬이온,100매입
25719,Training|Validation,생활용품,생리용품,팬티라이너,깨끗한나라 순수한면제로팬티라이너슈퍼롱 70개입,깨끗한나라,70개입
15931,Training|Validation,생활용품,생리용품,팬티라이너,깨끗한나라 순수한면팬티라이너뉴슈퍼롱70개입,깨끗한나라,70개입
45912,Training|Validation,생활용품,생리용품,팬티라이너,내츄럴코리아)내츄럴코튼시그니처롱팬티라이너,내츄럴코리아,26개입
25863,Training|Validation,생활용품,생리용품,팬티라이너,라엘코리아 라엘일반팬티라이너20개,라엘코리아,20개
15757,Training|Validation,생활용품,생리용품,팬티라이너,보람씨앤에이치 템포내추럴순면라이너롱 40개,보람씨앤,40개
15929,Training|Validation,생활용품,생리용품,팬티라이너,소피쏘피귀애랑팬티라이너롱114개입,소피쏘피,114개입
75089,Training|Validation,생활용품,생리용품,팬티라이너,소피쏘피귀애랑팬티라이너일반38P*3,소피쏘피,114개입
66299,Training|Validation,생활용품,생리용품,팬티라이너,스테들러코리아 트리플러스파인라이너0.3MM12개입,스테들러,12개입
25740,Training|Validation,생활용품,생리용품,팬티라이너,쌍용씨앤비 소프트피노팬티라이너롱 44개입,쌍용씨앤비,44개입
66019,Training|Validation,생활용품,생리용품,팬티라이너,에스에스케이)잇츠미프리미엄팬티라이너20개,에스에스케이,20개입
15761,Training|Validation,생활용품,생리용품,팬티라이너,엘지 쏘피바디피트천연코튼팬티라이너일반 84개입,엘지생활건강,84개입
15762,Training|Validation,생활용품,생리용품,팬티라이너,엘지 쏘피한결팬티라이너일반 72개입,엘지생활건강,72개입
55918,Training|Validation,생활용품,생리용품,팬티라이너,웰크론헬스케어)그날엔순면팬티라이너롱20개입,웰크론헬스케어,20개입
55919,Training|Validation,생활용품,생리용품,팬티라이너,웰크론헬스케어)그날엔순면팬티라이너일반20개입,웰크론헬스케어,20개입
15748,Training|Validation,생활용품,생리용품,팬티라이너,유한킴벌리 좋은느낌 유기농순면커버라이너수퍼롱 28개입,유한킴벌리,28개입
25859,Training|Validation,생활용품,생리용품,팬티라이너,유한킴벌리 좋은느낌유데일리라이너롱36개입,유한킴벌리,36개입
15749,Training|Validation,생활용품,생리용품,팬티라이너,유한킴벌리 화이트에코프레시팬티라이너수퍼롱 30개입,유한킴벌리,30개입
46093,Training|Validation,생활용품,생리용품,팬티라이너,유한킴벌리)디펜드스타일라이너여성무향롱,유한킴벌리,28개입
46092,Training|Validation,생활용품,생리용품,팬티라이너,유한킴벌리)디펜드스타일라이너여성숲속향롱,유한킴벌리,40개입
55768,Training|Validation,생활용품,생리용품,팬티라이너,제이케이인스퍼레이션)오드리선코튼코어팬티라이너,제이케이인스퍼레이션,26개입
25860,Training|Validation,생활용품,생리용품,팬티라이너,제이투엘에프에이 제이본팬티라이너롱28개입,제이투엘에프에이,28개입
25862,Training|Validation,생활용품,생리용품,팬티라이너,제이투엘에프에이 제이본팬티라이너일반34개입,제이투엘에프에이,34개입
25745,Training|Validation,생활용품,생리용품,팬티라이너,중원주식회사 시크릿데이코튼팬티라이너롱에이XS 20개입,중원주식회사,20개입
66020,Training|Validation,생활용품,생리용품,팬티라이너,코스메디칼솔루션리서치)콜만팬티라이너(폴디드)24매,코스메디칼솔루션리서치,24매
25864,Training|Validation,생활용품,생리용품,팬티라이너,태봉 르프레시롱팬티라이너20개,태봉,20개
25866,Training|Validation,생활용품,생리용품,팬티라이너,태봉 원데이원팩팬티라이너롱20개입,태봉,20개입
35889,Training|Validation,생활용품,생리용품,팬티라이너,태봉)온리프라이스순면팬티라이너롱,태봉,32개입
35890,Training|Validation,생활용품,생리용품,팬티라이너,태봉)온리프라이스순면팬티라이너일반,태봉,36개입
15977,Training|Validation,생활용품,공구/전기,페인트,노루페인트 벽면용실란트회색300ML,노루페인트,300ML
15975,Training|Validation,생활용품,공구/전기,페인트,노루페인트 욕실용실란트투명300ML,노루페인트,300ML
15976,Training|Validation,생활용품,공구/전기,페인트,노루페인트 창호용실란트백색300ML,노루페인트,300ML
15985,Training|Validation,생활용품,공구/전기,페인트,노루페인트 팬톤다즐링블루0.1L,노루페인트,0.1L
15990,Training|Validation,생활용품,공구/전기,페인트,노루페인트 팬톤라임에이드0.1L,노루페인트,0.1L
15992,Training|Validation,생활용품,공구/전기,페인트,노루페인트 팬톤레디언트오키드0.1L,노루페인트,0.1L
15986,Training|Validation,생활용품,공구/전기,페인트,노루페인트 팬톤세라믹0.1L,노루페인트,0.1L
15991,Training|Validation,생활용품,공구/전기,페인트,노루페인트 팬톤에보니0.1L,노루페인트,0.1L
15989,Training|Validation,생활용품,공구/전기,페인트,노루페인트 팬톤코코아브라운0.1L,노루페인트,0.1L
15984,Training|Validation,생활용품,공구/전기,페인트,노루페인트 팬톤토마토퓨레0.1L,노루페인트,0.1L
15987,Training|Validation,생활용품,공구/전기,페인트,노루페인트 팬톤하와이안오션0.1L,노루페인트,0.1L
15988,Training|Validation,생활용품,공구/전기,페인트,노루페인트 팬톤핫핑크0.1L,노루페인트,0.1L
66222,Training|Validation,생활용품,공구/전기,페인트,노루페인트)니스우레탄바니쉬,노루페인트,0.9L
46052,Training|Validation,생활용품,공구/전기,페인트,노루페인트)프리미엄페인트(에보니),노루페인트,300ML
56007,Training|Validation,생활용품,공구/전기,페인트,노루페인트)프리미엄페인트(인스파이어드바이바이팬톤)팬톤바닐라0.1,노루페인트,100ML
25310,Training|Validation,생활용품,캔들,향초,SPAAS필라캔들 애플시나몬210G,SPAAS,210G
25309,Training|Validation,생활용품,캔들,향초,SPAAS필라캔들 페어리워터릴리210G,SPAAS,210G
45325,Training|Validation,생활용품,캔들,향초,홈플러스)SPAAS필라캔들매그놀리아블로썸,홈플러스,540G
45304,Training|Validation,생활용품,캔들,향초,홈플러스)SPAAS필라캔들매그놀리아블로썸210G,홈플러스,210G
45323,Training|Validation,생활용품,캔들,향초,홈플러스)SPAAS필라캔들애플시나몬,홈플러스,540G
45305,Training|Validation,생활용품,캔들,향초,홈플러스)SPAAS필라캔들코튼블로썸210G,홈플러스,210G
45326,Training|Validation,생활용품,캔들,향초,홈플러스)SPAAS필라캔들페어리워터릴리,홈플러스,540G
45324,Training|Validation,생활용품,캔들,향초,홈플러스)SPAAS필라캔들화이트케잌바닐라,홈플러스,210G
25271,Training|Validation,생활용품,목욕용품,헤어용품,그린에이드 펌프용기80ML,그린에이드,80ML
15537,Training|Validation,생활용품,목욕용품,헤어용품,LF펌프용기 2P 리틀라이언,아이콘스,2P
15564,Training|Validation,생활용품,목욕용품,헤어용품,아이피에스 LF펌프용기2P 리틀어피치,아이피에스,2P
65020,Training|Validation,생활용품,목욕용품,헤어용품,애경울샴푸오리지날리필1.3L,애경,1.3L
15777,Training|Validation,생활용품,주방용품,호일/랩,경기산업 종이로만든호일25*20 1개입,경기산업,1개입
15778,Training|Validation,생활용품,주방용품,호일/랩,경기산업 종이로만든호일30*10 1개입,경기산업,1개입
65876,Training|Validation,생활용품,주방용품,호일/랩,삼아삭스호일)기름종이25CM*10M,삼아삭스호일,1개입
60170,Training|Validation,생활용품,주방용품,호일/랩,신광은박)신광쿠킹호일250MM×30HO,신광은박,30HO
65467,Training|Validation,생활용품,주방용품,호일/랩,온리프라이스종이호일,온리프라이스,30CM*23M
50143,Training|Validation,생활용품,주방용품,호일/랩,크린랩)크린종이호일 25cm X 20cm,크린랩,1개
40210,Training|Validation,생활용품,주방용품,호일/랩,크린랩)크린종이호일 30cm X 20M,크린랩,1개
40196,Training|Validation,생활용품,주방용품,호일/랩,크린랩쿠킹호일 10m 250mm,크린랩,1개
30183,Training|Validation,생활용품,주방용품,호일/랩,크린랩쿠킹호일 250mm,크린랩,1개
50159,Training|Validation,생활용품,주방용품,호일/랩,크린랩쿠킹호일 250mm,크린랩,1개
40204,Training|Validation,생활용품,주방용품,호일/랩,크린랩쿠킹호일 30m 300mm,크린랩,1개
15780,Training|Validation,생활용품,주방용품,호일/랩,테이팩스 유니랩20*50 1개입,테이팩스,1개입
15779,Training|Validation,생활용품,주방용품,호일/랩,테이팩스 유니랩25*20 1개입,테이팩스,1개입
65182,Training|Validation,생활용품,위생용품,화장솜,그린비)덜순한화장솜(500mmX600mm)200PCS,그린비,200PCS
25240,Training|Validation,생활용품,위생용품,화장솜,중국)이지앤소프트부직포화장솜150P,기타,150P
35649,Training|Validation,생활용품,위생용품,화장솜,신세대)데일리뷰티툴즈마일드100%코튼화장솜,랄라블라,80매
50218,Training|Validation,생활용품,위생용품,화장솜,신세대실키화장솜40개입,랄라블라,40개
15170,Training|Validation,생활용품,위생용품,화장솜,유니참프로틱트)사양 시루콧토 우루우루40매,유니참프로틱트,40매
70197,Training|Validation,소스,분말조미료,가공조미료,CJ)다시다쇠고기12T96G,CJ제일제당,96G
90194,Training|Validation,소스,분말조미료,가공조미료,CJ다시다쇠고기100G,CJ제일제당,100G
65350,Training|Validation,소스,분말조미료,가공조미료,이금기치킨파우더,기타,273G
55227,Training|Validation,소스,분말조미료,가공조미료,나팔꽃F&B김수미의국물의정석국물떡볶이분말,나팔꽃F&B,240G
55228,Training|Validation,소스,분말조미료,가공조미료,나팔꽃F&B김수미의국물의정석닭볶음탕분말,나팔꽃F&B,210G
55229,Training|Validation,소스,분말조미료,가공조미료,나팔꽃F&B김수미의국물의정석된장찌개분말,나팔꽃F&B,210G
55230,Training|Validation,소스,분말조미료,가공조미료,나팔꽃F&B김수미의국물의정석소불고기분말,나팔꽃F&B,180G
90203,Training|Validation,소스,분말조미료,가공조미료,대상감칠맛미원100G,대상,100G
70193,Training|Validation,소스,분말조미료,가공조미료,대상감칠맛미원250G,대상,250G
10211,Training|Validation,소스,분말조미료,가공조미료,대상감칠맛미원500G,대상,500G
56044,Training|Validation,소스,분말조미료,가공조미료,씨제이제일제당)다시다요리의신시원국물5T,씨제이제일제당,50G
65836,Training|Validation,소스,분말조미료,가공조미료,이마트)계피가루,이마트,46G
65831,Training|Validation,소스,분말조미료,가공조미료,이마트)마늘가루,이마트,68G
65829,Training|Validation,소스,분말조미료,가공조미료,이마트)양파가루,이마트,70G
35351,Training|Validation,소스,치즈,가루치즈,옥산리얼그레이티드파마산치즈,옥산인터내셔널,227G
46005,Training|Validation,소스,치즈,가루치즈,옥산인터내셔널)리얼그레이티드파마산치즈,옥산인터내셔널,85G
15111,Training|Validation,소스,장류,간장,기꼬만 사시미 생간장소스 200ML,기타,200ML
15316,Training|Validation,소스,장류,간장,기꼬만 혼쯔유 500ML,기타,500ML
45069,Training|Validation,소스,장류,간장,농심)혼다시120G,농심,120G
80211,Training|Validation,소스,장류,간장,대상 청정원양조간장깔끔한맛,대상,840ML
45295,Training|Validation,소스,장류,간장,대상)염도낮춘발효다시마간장840ML,대상,840ML
65376,Training|Validation,소스,장류,간장,대상청정원햇살담은맛간장조림볶음용,대상,840ML
65359,Training|Validation,소스,장류,간장,매크로통상농축쯔유,매크로통,500ML
25323,Training|Validation,소스,장류,간장,삼화 진간장 900ML,삼화 진,900ML
30148,Training|Validation,소스,장류,간장,샘표)국간장500ML,샘표,500ML
25104,Training|Validation,소스,장류,간장,샘표 계란이 맛있어지는 간장 200ML,샘표식품,200ML
45101,Training|Validation,소스,장류,간장,샘표 만두가맛있어지는간장소스 200ML,샘표식품,200ML
80209,Training|Validation,소스,장류,간장,샘표 새미네부엌국간장,샘표식품,450ML
30147,Training|Validation,소스,장류,간장,샘표)양조간장501_500ML,샘표식품,500ML
60153,Training|Validation,소스,장류,간장,샘표)양조간장501_930ML,샘표식품,930ML
90159,Training|Validation,소스,장류,간장,샘표국간장930ML,샘표식품,930ML
55316,Training|Validation,소스,장류,간장,샘표맛간장국찌개용,샘표식품,930ML
65377,Training|Validation,소스,장류,간장,샘표맛간장조림볶음용,샘표식품,930ML
65380,Training|Validation,소스,장류,간장,샘표새미네부엌국간장,샘표식품,830ML
65381,Training|Validation,소스,장류,간장,샘표새미네부엌진간장,샘표식품,830ML
55319,Training|Validation,소스,장류,간장,샘표양조간장701,샘표식품,500ML
70169,Training|Validation,소스,장류,간장,샘표진간장S930ML,샘표식품,930ML
30169,Training|Validation,소스,장류,간장,샘표진간장금F3 500ML,샘표식품,500ML
30176,Training|Validation,소스,장류,간장,샘표진간장금F3 930ML,샘표식품,930ML
55108,Training|Validation,소스,장류,간장,샘표회간장,샘표식품,200ML
45294,Training|Validation,소스,장류,간장,샘표식품주식회사)조선간장국무침500ML,샘표식품주식회사,500ML
66183,Training|Validation,소스,장류,간장,아이배냇)순간장소스국물용,아이배냇,190ML
35085,Training|Validation,소스,장류,간장,주비푸드)생와사비간장170G,주비푸드,170G
45303,Training|Validation,소스,장류,간장,진미식품)간장이필요없는조림장만능조림장290G,진미식품,290G
90248,Training|Validation,소스,장류,간장,청정원 햇살담은 진간장 골드,청정원,500ML
55307,Training|Validation,소스,장류,간장,청정원햇살담은국간장깔끔하고담백한국물맛,청정원,840ML
55304,Training|Validation,소스,장류,간장,청정원햇살담은두번달여더진한진간장양조100%,청정원,840ML
65344,Training|Validation,소스,장류,간장,청정원햇살담은청간장국찌개용,청정원,390ML
55309,Training|Validation,소스,장류,간장,청정원햇살담은한식국간장깊고구수한국물맛,청정원,840ML
25077,Training|Validation,소스,장류,간장,테라오카 계란에 뿌리는 간장소스 150ML,테라오카,150ML
60248,Training|Validation,소스,장류,간장,하인즈 우스타소스 355ML,하인즈,355ML
55059,Training|Validation,소스,장류,간장,홈플러스검정볶음깨200G,홈플러스,200G
55072,Training|Validation,소스,장류,간장,홈플러스볶음깨200G,홈플러스,200G
50127,Training|Validation,소스,설탕류,갈색설탕,CJ갈색설탕1KG,CJ제일제당,1KG
50172,Training|Validation,소스,설탕류,갈색설탕,백설)흑설탕1kg,백설,1kg
35725,Training|Validation,소스,설탕류,갈색설탕,삼양사)브라운자일로스설탕,삼양사,500G
70268,Training|Validation,소스,설탕류,갈색설탕,설탕대신마스코바도 480G,설탕대신,480G
35730,Training|Validation,소스,설탕류,갈색설탕,썬앤지)라이트머스코바도비정제사탕수수당,썬앤지,800G
25737,Training|Validation,소스,설탕류,갈색설탕,이마트 피코크 자일로슈가브라운 1KG,이마트,1KG
90265,Training|Validation,소스,장류,겨자/고추냉이,대상 청정원연겨자 95G,대상,95G
40166,Training|Validation,소스,장류,겨자/고추냉이,솔표와사비200G,솔표와사,200G
15063,Training|Validation,소스,장류,겨자/고추냉이,에스비 생와사비 43G,에스비푸드,43G
65475,Training|Validation,소스,장류,겨자/고추냉이,오뚜기연겨자(튜브),오뚜기,100G
70150,Training|Validation,소스,장류,겨자/고추냉이,오뚜기연겨자튜브35G,오뚜기,35G
60149,Training|Validation,소스,장류,겨자/고추냉이,오뚜기연와사비35G,오뚜기,35G
60250,Training|Validation,소스,장류,겨자/고추냉이,움트리 강와사비 43G,움트리,43G
55469,Training|Validation,소스,장류,겨자/고추냉이,움트리생와사비,움트리,120G
55535,Training|Validation,소스,장류,겨자/고추냉이,움트리육류N생와사비랑,움트리,120G
80231,Training|Validation,소스,장류,겨자/고추냉이,진미 와사비소스 300G,진미식품,300G
10291,Training|Validation,소스,장류,겨자/고추냉이,상품명홈플러스시그니처 강겨자 43G,홈플러스,43G
60259,Training|Validation,소스,소스류,고기양념장,CJ 백설뚝배기불고기양념 150G,CJ제일제당,150G
20283,Training|Validation,소스,소스류,고기양념장,백쿡 백종원소불고기양념소스 160G,백쿡,160G
25218,Training|Validation,소스,소스류,고기양념장,샘표)춘천닭갈비양념180G,샘표,180G
60258,Training|Validation,소스,소스류,고기양념장,샘표 남대문갈치조림양념 200G,샘표식품,200G
30233,Training|Validation,소스,소스류,고기양념장,백설 고추장삼겹살구이양념,씨제이제일제당,295G
40256,Training|Validation,소스,소스류,고기양념장,백설 생선조림양념,씨제이제일제당,285G
30142,Training|Validation,소스,소스류,고기양념장,백설돼지불고기양념290G,씨제이제일제당,290G
20173,Training|Validation,소스,소스류,고기양념장,백설돼지불고기양념500G,씨제이제일제당,500G
10193,Training|Validation,소스,소스류,고기양념장,백설소갈비양념290G,씨제이제일제당,290G
20174,Training|Validation,소스,소스류,고기양념장,백설소갈비양념500G,씨제이제일제당,500G
10192,Training|Validation,소스,소스류,고기양념장,백설소불고기양념290G,씨제이제일제당,290G
90152,Training|Validation,소스,소스류,고기양념장,백설소불고기양념500G,씨제이제일제당,500G
40282,Training|Validation,소스,소스류,고기양념장,씨제이 다담안동찜닭양념 220G,씨제이제일제당,220G
25997,Training|Validation,소스,소스류,고기양념장,롯데쇼핑 요리하다갈비찜양념145G,요리하다,145G
15960,Training|Validation,소스,소스류,고기양념장,롯데쇼핑 요리하다불고기양념145G,요리하다,145G
15962,Training|Validation,소스,소스류,고기양념장,롯데쇼핑 요리하다오징어볶음양념140G,요리하다,140G
15961,Training|Validation,소스,소스류,고기양념장,롯데쇼핑 요리하다제육볶음양념145G,요리하다,145G
25406,Training|Validation,소스,소스류,고기양념장,청정원 돼지갈비양념 2개입 1KG,청정원,1KG
45447,Training|Validation,소스,소스류,고기양념장,청정원)소갈비양념,청정원,500G*2(번들)
35408,Training|Validation,소스,소스류,고기양념장,청정원)소불고기양념,청정원,500G*2(번들)
25214,Training|Validation,소스,소스류,고기양념장,청정원)연탄불고기양념140G,청정원,140G
35352,Training|Validation,소스,소스류,고기양념장,청정원닭볶음탕양념,청정원,270G
20172,Training|Validation,소스,소스류,고기양념장,청정원돼지갈비양념장500G,청정원,500G
35089,Training|Validation,소스,장류,고추장,대상)쇠고기볶음고추장60G,대상,60G
35090,Training|Validation,소스,장류,고추장,대상)직화맛쇠고기볶음고추장60G,대상,60G
60163,Training|Validation,소스,장류,고추장,오뚜기초고추장500g,대상,500G
30228,Training|Validation,소스,장류,고추장,백쿡 백종원만능볶음고추장,백쿡,150G
55303,Training|Validation,소스,장류,고추장,순창초고추장라임을넣어더욱상큼하게!,순창초고,1KG
60272,Training|Validation,소스,장류,고추장,해찬들 새콤달콤 초고추장,씨제이제일제당,1050G
45097,Training|Validation,소스,장류,고추장,해찬들 우리쌀로만든 태양초골드고추장 60G,씨제이제일제당,60G
60134,Training|Validation,소스,장류,고추장,해찬들새콤달콤초고추장170G,씨제이제일제당,170G
10206,Training|Validation,소스,장류,고추장,해찬들새콤달콤초고추장300G,씨제이제일제당,300G
70177,Training|Validation,소스,장류,고추장,해찬들새콤달콤초고추장500G,씨제이제일제당,500G
55077,Training|Validation,소스,장류,고추장,해찬들쇠고기볶음고추장120G,씨제이제일제당,120G
90160,Training|Validation,소스,장류,고추장,해찬들태양초고추장500G,씨제이제일제당,500g
50154,Training|Validation,소스,장류,고추장,해찬들태양초골드고추장1KG,씨제이제일제당,1KG
10181,Training|Validation,소스,장류,고추장,해찬들태양초골드고추장200G,씨제이제일제당,200G
20188,Training|Validation,소스,장류,고추장,오뚜기)초고추장300G,오뚜기,300G
25415,Training|Validation,소스,장류,고추장,움트리 쇠고기볶음고추장 450G,움트리,450G
80210,Training|Validation,소스,장류,고추장,움트리 와사비초고추장,움트리,500G
35407,Training|Validation,소스,장류,고추장,움트리)맛으로소문난양념초고추장,움트리,1KG
25098,Training|Validation,소스,장류,고추장,진미 명품 태양초고추장 500G,진미식품,500G
45096,Training|Validation,소스,장류,고추장,진미 태양초고추장 500G,진미식품,500G
65375,Training|Validation,소스,장류,고추장,진미식품진미명품대양초고추장,진미식품,500G
40312,Training|Validation,소스,장류,고추장,청정원순창초고추장300G,청정원,300G
45087,Training|Validation,소스,장류,고추장,홈플러스)국산돼지볶음고추장120G,홈플러스,120G
45074,Training|Validation,소스,장류,고추장,홈플러스)태양초고추장500G,홈플러스,500G
15112,Training|Validation,소스,장류,고추장,홈플러스시그니처 우리쌀로만든 태양초고추장 200G,홈플러스,200G
50175,Training|Validation,소스,가공분말류,곡물가루,도담예본)날콩가루400g,도담예본,400G
25094,Training|Validation,소스,가공분말류,곡물가루,전원식품 국산고구마전분맛 350G,전원식품,350G
40214,Training|Validation,소스,가공분말류,곡물가루,초야식품)도담예본고구마가루400G,초야식품,400G
80171,Training|Validation,소스,가공분말류,곡물가루,초야식품)도담예본복합찹쌀가루300G,초야식품,300G
20225,Training|Validation,소스,가공분말류,곡물가루,초야식품복합감자가루500G,초야식품,500G
65382,Training|Validation,소스,차류,과실차,복음자리히비스커스&유자,복음자리,450G
55317,Training|Validation,소스,차류,과실차,자임에프앤비리억착즙석류엑기스,자임에프앤비,380G
55465,Training|Validation,소스,절임/잼,과일잼,다온웰푸드다나딸기잼,다온웰푸드,340G
10272,Training|Validation,소스,절임/잼,과일잼,대상 청정원후레쉬마요네즈,대상,300G
65656,Training|Validation,소스,절임/잼,과일잼,대상에프앤비복음자리바로짜먹는딸기잼,대상,100G
65658,Training|Validation,소스,절임/잼,과일잼,대상에프앤비복음자리바로짜먹는블루베리잼,대상,100G
65655,Training|Validation,소스,절임/잼,과일잼,대상에프앤비복음자리바로짜먹는사과버터잼,대상,100G
65679,Training|Validation,소스,절임/잼,과일잼,복음자리짜먹는무농약딸기로만든잼,복음자리,200G
65677,Training|Validation,소스,절임/잼,과일잼,푸드웰언제어디서나짜먹는딸기잼,푸드웰,260G
65676,Training|Validation,소스,절임/잼,과일잼,푸드웰언제어디서나짜먹는포도잼,푸드웰,260G
15726,Training|Validation,소스,소스류,국물용소스,CJ 다담 마파두부양념 150G,CJ제일제당,150G
15873,Training|Validation,소스,소스류,국물용소스,CJ 다담강된장찌개양념130G,CJ제일제당,130G
15874,Training|Validation,소스,소스류,국물용소스,CJ 다담고깃집된장찌개양념130G,CJ제일제당,130G
10263,Training|Validation,소스,소스류,국물용소스,CJ 다담매운낙지볶음양념,CJ제일제당,130G
15116,Training|Validation,소스,소스류,국물용소스,신영 계피가루 40G,기타,40G
25219,Training|Validation,소스,소스류,국물용소스,일본)가츠오맛샤브샤브용육수100ML,기타,100ML
40283,Training|Validation,소스,소스류,국물용소스,대상 청정원 요리한수 된장찌개양념150g,대상,150g
50243,Training|Validation,소스,소스류,국물용소스,대상 청정원 요리한수 부대찌개양념150g,대상,150g
45073,Training|Validation,소스,소스류,국물용소스,대상)조개멸치된장찌개양념450G,대상,450G
65673,Training|Validation,소스,소스류,국물용소스,동원홈푸드피코크된장찌개양념,동원홈푸드,140G
90281,Training|Validation,소스,소스류,국물용소스,보쌈수육참쉬운비법육수 150G,보쌈수육,150G
65295,Training|Validation,소스,소스류,국물용소스,사조해표맛집구수한쇠고기우렁된장찌개양념,사조,120G
30257,Training|Validation,소스,소스류,국물용소스,샘표 강된장찌개양념 130G,샘표식품,130G
20287,Training|Validation,소스,소스류,국물용소스,샘표 국시장국가쓰오국물 350ML,샘표식품,350ML
30256,Training|Validation,소스,소스류,국물용소스,샘표 매운탕찌개양념 140G,샘표식품,140G
50242,Training|Validation,소스,소스류,국물용소스,샘표 순두부찌개양념 130G,샘표식품,130G
25081,Training|Validation,소스,소스류,국물용소스,샘표 요리에센스 연두 순 275ML,샘표식품,275ML
15073,Training|Validation,소스,소스류,국물용소스,샘표 요리에센스 연두 청양초 275ML,샘표식품,275ML
10304,Training|Validation,소스,소스류,국물용소스,샘표 청국장찌개양념 200G,샘표식품,200G
55446,Training|Validation,소스,소스류,국물용소스,샘표국시장국가쓰오국물2개입,샘표식품,350ML*2
55071,Training|Validation,소스,소스류,국물용소스,샘표요리에센스연두275ML,샘표식품,275ML
65066,Training|Validation,소스,소스류,국물용소스,샘표요리에센스연두275ML,샘표식품,275ML
25405,Training|Validation,소스,소스류,국물용소스,서강유업 삼천포아침멸치육수 1000ML,서강유업,1000ML
80237,Training|Validation,소스,소스류,국물용소스,씨제이 다담갈치조림양념 150G,씨제이제일제당,150g
65065,Training|Validation,소스,소스류,국물용소스,해찬들그대로바지락꽃게된장찌개450G,씨제이제일제당,450G
55320,Training|Validation,소스,소스류,국물용소스,오뚜기메밀소바장국4배농축,오뚜기,360ML
25457,Training|Validation,소스,소스류,국물용소스,롯데쇼핑 요리하다 베트남식쌀국수소스 160G,요리하다,160G
15959,Training|Validation,소스,소스류,국물용소스,롯데쇼핑 요리하다순두부찌개양념130G,요리하다,130G
15875,Training|Validation,소스,소스류,국물용소스,청정원 고메레시피가리비강된장양념140G,청정원,140G
15821,Training|Validation,소스,소스류,국물용소스,청정원 고메레시피짬뽕순두부찌개양념 140G,청정원,140G
15395,Training|Validation,소스,소스류,국물용소스,청정원PHO베트남쌀국수소스,청정원,370G
55075,Training|Validation,소스,소스류,국물용소스,청정원순창진한쇠고기육수고깃집된장찌개양념,청정원,450G
55302,Training|Validation,소스,소스류,국물용소스,청정원햇살담은맛간장국찌개용,청정원,840ML
80238,Training|Validation,소스,소스류,국물용소스,풀무원 찬마루 국산콩청국장찌개양념 130G,풀무원,130G
15290,Training|Validation,소스,소스류,국물용소스,해표 김치명인유정임의깍두기양념300G,해표,300G
55199,Training|Validation,소스,장류,기타장류,이금기중화해선장,기타,130G
15314,Training|Validation,소스,장류,기타장류,오뚜기 가쓰오부시장국360ML,오뚜기,360ML
30159,Training|Validation,소스,장류,기타장류,오뚜기짜장깊고풍부한맛100G,오뚜기,100G
90267,Training|Validation,소스,장류,기타장류,진미 불맛춘장 300G,진미식품,300G
60247,Training|Validation,소스,장류,기타장류,진미 춘장 300G,진미식품,300G
90163,Training|Validation,소스,가공분말류,기타제빵재료,인스턴트분말이스트8G,기타,8G
65110,Training|Validation,소스,가공분말류,기타제빵재료,브레드가든베이킹파우더,브레드가,155G
50230,Training|Validation,소스,분말조미료,기타향신료,대상 청정원맛선생국내산생강 13G,대상,13G
35086,Training|Validation,소스,분말조미료,기타향신료,본네이처)강황분55G,본네이처,55G
15696,Training|Validation,소스,분말조미료,기타향신료,브레드가든 착한젤라틴가루 85G,브레드가,85G
15115,Training|Validation,소스,분말조미료,기타향신료,신영 오레가노 럽드 12G,신영,12G
15121,Training|Validation,소스,분말조미료,기타향신료,신영 큐민씨드 40G,신영,40G
65837,Training|Validation,소스,분말조미료,기타향신료,이마트)로즈마리,이마트,30G
65833,Training|Validation,소스,분말조미료,기타향신료,이마트)바질,이마트,16G
65840,Training|Validation,소스,분말조미료,기타향신료,이마트)오레가노,이마트,60G
65841,Training|Validation,소스,분말조미료,기타향신료,이마트)쿠민,이마트,53G
65835,Training|Validation,소스,분말조미료,기타향신료,이마트)크러쉬드레드페퍼,이마트,38G
65832,Training|Validation,소스,분말조미료,기타향신료,이마트)타임,이마트,26G
65834,Training|Validation,소스,분말조미료,기타향신료,이마트)페퍼론치노홀,이마트,20G
65842,Training|Validation,소스,분말조미료,기타향신료,이마트)펜넬,이마트,42G
65830,Training|Validation,소스,분말조미료,기타향신료,이마트)피클링스파이스,이마트,47G
35087,Training|Validation,소스,분말조미료,기타향신료,지이디통상)카르멘시타코리안더씨드26G,지이디통상,26G
25110,Training|Validation,소스,분말조미료,기타향신료,카르멘시타 미트용시즈닝 75G,카르멘시타,75G
25111,Training|Validation,소스,분말조미료,기타향신료,카르멘시타 통흑후추 47G,카르멘시타,47G
65825,Training|Validation,소스,분말조미료,기타향신료,코만푸드)바질(ISFIBASIL),코만푸드,18G
25113,Training|Validation,소스,분말조미료,기타향신료,한빛향료 민트향HF-17465 30G,한빛,30G
26017,Training|Validation,소스,분말조미료,기타향신료,한생 페페로치노홀100G,한생,100G
65091,Training|Validation,소스,분말조미료,기타향신료,훼밀리인터내셔날에스비어솔티드칠리페퍼15G,훼밀리인터내셔날,15G
20298,Training|Validation,소스,분말조미료,깨,오뚜기 옛날볶음참깨 100G,오뚜기,100G
10191,Training|Validation,소스,분말조미료,깨,오뚜기볶음참깨100G,오뚜기,100G
66069,Training|Validation,소스,분말조미료,깨,청화농산)요리하다깨소금180G,청화농산,180G
30268,Training|Validation,소스,분말조미료,깨,simplus 굵은소금 1KG,홈플러스,1KG
20218,Training|Validation,소스,가공분말류,도넛가루/핫케이크가루,오뚜기핫케이크가루500G,오뚜기,500G
45079,Training|Validation,소스,장류,된장,CJ제일제당)명품집된장450G,CJ제일제당,450G
A30044,Training|Validation,소스,장류,된장,순창장류주식회사아이배냇순창한식된장,기타,150g
15118,Training|Validation,소스,장류,된장,신영 산초분말 37G,기타,37G
25068,Training|Validation,소스,장류,된장,샘표 백일된장 900G,샘표식품,900G
25069,Training|Validation,소스,장류,된장,샘표 토장,샘표식품,900G
65067,Training|Validation,소스,장류,된장,순창재래식생된장1KG,순창재래,1KG
30155,Training|Validation,소스,장류,된장,해찬들재래식된장1KG,씨제이제일제당,1KG
50131,Training|Validation,소스,장류,된장,해찬들재래식된장500G,씨제이제일제당,500G
15391,Training|Validation,소스,장류,된장,은화식품아와세미소,은화식품,1KG
35064,Training|Validation,소스,장류,된장,청정원)제주보리&다시마된장900G,청정원,900G
55076,Training|Validation,소스,장류,된장,청정원순창진한재래식된장900G,청정원,900G
50232,Training|Validation,소스,소스류,마요네즈,대상 청정원맛소금 95G,대상,95G
55454,Training|Validation,소스,소스류,마요네즈,매크로통상큐피마요네즈,매크로통,500G
90274,Training|Validation,소스,소스류,마요네즈,오뚜기 논콜마요네즈 500G,오뚜기,500G
70269,Training|Validation,소스,소스류,마요네즈,오뚜기 와사비마요네즈 310G,오뚜기,310G
10294,Training|Validation,소스,소스류,마요네즈,오뚜기 칼로리를줄인마요네스 315G,오뚜기,315G
50245,Training|Validation,소스,소스류,마요네즈,오뚜기 칼로리를줄인마요네스 525G,오뚜기,525G
40285,Training|Validation,소스,소스류,마요네즈,오뚜기 후레시마요네스 300G,오뚜기,300G
35920,Training|Validation,소스,소스류,마요네즈,오뚜기)고소한골드마요네스,오뚜기,50G
15389,Training|Validation,소스,소스류,마요네즈,오뚜기고소한골드마요네즈,오뚜기,800G
55385,Training|Validation,소스,소스류,마요네즈,오뚜기고소한골드마요네즈,오뚜기,1KG
20149,Training|Validation,소스,소스류,마요네즈,오뚜기골드마요네즈300G,오뚜기,300G
20150,Training|Validation,소스,소스류,마요네즈,오뚜기골드마요네즈500G,오뚜기,500G
65474,Training|Validation,소스,소스류,마요네즈,오뚜기마른안주에찍어먹는마요네스(번들),오뚜기,620G
66381,Training|Validation,소스,소스류,마요네즈,오뚜기마른안주에찍어먹는마요네스310G,오뚜기,310G
15390,Training|Validation,소스,소스류,마요네즈,오뚜기마른안주에찍어먹는마요네즈,오뚜기,310G
15317,Training|Validation,소스,소스류,마요네즈,청정원 스위트콘마요소스300G,청정원,300G
45289,Training|Validation,소스,소스류,마요네즈,청정원)프레시마요네즈500G,청정원,500G
15388,Training|Validation,소스,소스류,마요네즈,청정원고소한마요네즈,청정원,800G
45476,Training|Validation,소스,소스류,마요네즈,태경식품)명란마요소스,태경식품,200G
90249,Training|Validation,소스,소스류,마요네즈,하인즈 굿 마요네즈,하인즈,295ML
10296,Training|Validation,소스,액상조미료,맛술,CJ 백설맛술로즈마리 500ML,CJ제일제당,500ML
90273,Training|Validation,소스,액상조미료,맛술,CJ 백설맛술로즈마리 800ML,CJ제일제당,800ML
30265,Training|Validation,소스,액상조미료,맛술,CJ 백설맛술생강 500ML,CJ제일제당,500ML
60246,Training|Validation,소스,액상조미료,맛술,대상 청정원맛술 830ML(생강매실),대상,830ML
80229,Training|Validation,소스,액상조미료,맛술,대상 청정원생강매실맛술 410ML,대상,410ML
66165,Training|Validation,소스,액상조미료,맛술,천연식품)요리하다미감,천연식품,900ML
55310,Training|Validation,소스,액상조미료,맛술,청정원월계수잎맛술은은한월계수잎향으로잡내는잡고,청정원,830ML
30205,Training|Validation,소스,설탕류,물엿/시럽,CJ 프락토올리고당,CJ제일제당,700g
55058,Training|Validation,소스,설탕류,물엿/시럽,CJ요리올리고당700G,CJ제일제당,700G
55313,Training|Validation,소스,설탕류,물엿/시럽,요리가달콤하게살아나는요리당,기타,1.2KG
55314,Training|Validation,소스,설탕류,물엿/시럽,전통조청의깊고진한맛쌀엿,기타,1.2KG
70232,Training|Validation,소스,설탕류,물엿/시럽,대상 청정원요리하는올리고당,대상,1.2KG
90250,Training|Validation,소스,설탕류,물엿/시럽,대상 청정원요리하는올리고당,대상,700G
20268,Training|Validation,소스,설탕류,물엿/시럽,대상 청정원우리아이케찹,대상,410G
15628,Training|Validation,소스,설탕류,물엿/시럽,델리즈 유기농아가베시럽 250G,델리즈,250G
35074,Training|Validation,소스,설탕류,물엿/시럽,미성패밀리)허쉬더블초코선데시럽425G,미성패밀리,425G
35415,Training|Validation,소스,설탕류,물엿/시럽,미성패밀리)허쉬시럽,미성패밀리,680G
66164,Training|Validation,소스,설탕류,물엿/시럽,삼양사)온리프라이스식이섬유35%함유올리고당,삼양사,900G
35430,Training|Validation,소스,설탕류,물엿/시럽,삼양사)트루스위트올리고당40,삼양사,2.4KG
40259,Training|Validation,소스,설탕류,물엿/시럽,삼양사 큐원 식이섬유풍부 요리올리고당(트루스위트30),삼양식품,1.2KG
35686,Training|Validation,소스,설탕류,물엿/시럽,시아스)아가베시럽,시아스,330G
45103,Training|Validation,소스,설탕류,물엿/시럽,백설 리얼배도라지청310ML,씨제이제일제당,310ML
35400,Training|Validation,소스,설탕류,물엿/시럽,에스비푸드)봉황표물엿,에스비푸드,1.2KG
35977,Training|Validation,소스,설탕류,물엿/시럽,영수식품)초이스엘요리올리고당,영수식품,900G
35105,Training|Validation,소스,설탕류,물엿/시럽,예광인터내셔널)유기농아가베시럽프리미엄330G,예광인터내셔널,330G
45102,Training|Validation,소스,설탕류,물엿/시럽,오뚜기 달콤한케이크시럽 220G,오뚜기,220G
25322,Training|Validation,소스,설탕류,물엿/시럽,오뚜기 매실청 660G,오뚜기,660G
90179,Training|Validation,소스,설탕류,물엿/시럽,오뚜기)옛날쌀엿조청700G,오뚜기,700G
10207,Training|Validation,소스,설탕류,물엿/시럽,오뚜기)올리고당700G,오뚜기,700G
90169,Training|Validation,소스,설탕류,물엿/시럽,오뚜기옛날물엿700g,오뚜기,700G
80155,Training|Validation,소스,설탕류,물엿/시럽,오뚜기옛날쌀엿1.2KG,오뚜기,1.2KG
65093,Training|Validation,소스,소스류,물엿/시럽,오이코스인터내셔날로띠카페40G,오이코스인터네셔날,40G
25935,Training|Validation,소스,설탕류,물엿/시럽,롯데쇼핑 초이스엘쌀엿한스푼900G,초이스엘,900G
15942,Training|Validation,소스,설탕류,물엿/시럽,롯데쇼핑 초이스엘현미식초800ML,초이스엘,800ML
15075,Training|Validation,소스,설탕류,물엿/시럽,큐원 트루스위트 알룰로스 1/10칼로리 700G,큐원,700G
15079,Training|Validation,소스,설탕류,물엿/시럽,큐원 트루스위트 알룰로스 올리고당 1/2칼로리 700G,큐원,700G
45076,Training|Validation,소스,설탕류,물엿/시럽,홈플러스)올리고당1.2KG,홈플러스,1.2KG
35072,Training|Validation,소스,설탕류,물엿/시럽,홈플러스)요리당1.2KG,홈플러스,1.2KG
45104,Training|Validation,소스,설탕류,물엿/시럽,홈플러스시그니처 요리에윤기를살리는 물엿1.2KG,홈플러스,1.2KG
15080,Training|Validation,소스,설탕류,물엿/시럽,홈플러스시그니처 조청쌀엿 1.2KG,홈플러스,1.2KG
65824,Training|Validation,소스,설탕류,물엿/시럽,훼미리인터내셔날)리고초코시럽,훼미리인터내셔날,567G
30198,Training|Validation,소스,가공분만류,밀가루,곰표)튀김가루1KG,대한제분,1KG
70195,Training|Validation,소스,가공분말류,부침가루,백설부침가루1KG,씨제이제일제당,1Kg
60184,Training|Validation,소스,가공분말류,부침가루,오뚜기부침가루1KG,오뚜기,1KG
10231,Training|Validation,소스,가공분말류,부침가루,오뚜기부침가루500G,오뚜기,500G
70199,Training|Validation,소스,가공분말류,빵가루,오뚜기빵가루500G,오뚜기,500G
10232,Training|Validation,소스,가공분말류,빵믹스,오뚜기도나스믹스500G,오뚜기,500G
35084,Training|Validation,소스,소스류,상온드레싱,CJ제일제당)마카다미아&캐슈넛드레싱105G,CJ제일제당,105G
90278,Training|Validation,소스,소스류,상온드레싱,유자오렌지드레싱 230G,기타,230G
80230,Training|Validation,소스,소스류,상온드레싱,대상 청정원1000아일랜드드레싱 310G,대상,310G
10262,Training|Validation,소스,소스류,상온드레싱,대상 청정원멸치액젓,대상,250G
70263,Training|Validation,소스,소스류,상온드레싱,대상 청정원코울슬로드레싱 315G,대상,315G
60254,Training|Validation,소스,소스류,상온드레싱,대상 청정원프렌치발사믹드레싱 325G,대상,325G
40258,Training|Validation,소스,소스류,상온드레싱,대상 청정원허니머스타드소스,대상,320G
40286,Training|Validation,소스,소스류,상온드레싱,디벨리 프렌치드레싱 230ML,디벨리,230ML
60256,Training|Validation,소스,소스류,상온드레싱,디벨리 홈플러스요거트드레싱 230ML,디벨리,230ML
40281,Training|Validation,소스,소스류,상온드레싱,디벨리디종 허니머스타드 290G,디벨리,290G
15330,Training|Validation,소스,소스류,상온드레싱,디종 홀그레인 머스타드 250ML,디종,250ML
55374,Training|Validation,소스,소스류,상온드레싱,매크로통상토스티토스크리미스피나치딥,매크로통,425.5G
55203,Training|Validation,소스,소스류,상온드레싱,모란봉코리아샤브샤브참깨소스,모란봉코,225G
55204,Training|Validation,소스,소스류,상온드레싱,모란봉코리아샤브샤브폰즈소스,모란봉코,225G
55328,Training|Validation,소스,소스류,상온드레싱,미성패밀리참소스,미성패밀리,300G
45297,Training|Validation,소스,소스류,상온드레싱,샘표)폰타나발사믹드레싱270G,샘표,270G
30261,Training|Validation,소스,소스류,상온드레싱,샘표 폰타나그릭요거트드레싱 270G,샘표식품,270G
30262,Training|Validation,소스,소스류,상온드레싱,샘표 폰타나오리엔탈드레싱 270G,샘표식품,270G
70261,Training|Validation,소스,소스류,상온드레싱,샘표 폰타나이탈리안드레싱 270G,샘표식품,270G
45301,Training|Validation,소스,소스류,상온드레싱,샘표식품)폰타나발사믹글레이즈250ML,샘표식품,250ML
35425,Training|Validation,소스,소스류,상온드레싱,시아스)오리엔탈드레싱,시아스,990G
15292,Training|Validation,소스,소스류,상온드레싱,신화펍빌리지 리코스나쵸치즈소스100G,신화팝빌리지,100G
30258,Training|Validation,소스,소스류,상온드레싱,씨제이 마카다미아캐슈넛드레싱 230G,씨제이제일제당,230G
40279,Training|Validation,소스,소스류,상온드레싱,씨제이 발사믹드레싱 250G,씨제이제일제당,250G
50231,Training|Validation,소스,소스류,상온드레싱,씨제이 오리엔탈드레싱 105G,씨제이제일제당,105G
40288,Training|Validation,소스,소스류,상온드레싱,씨제이 오이피클머스타드소스 245G,씨제이제일제당,245G
30253,Training|Validation,소스,소스류,상온드레싱,씨제이 유자샐러드소스 115G,씨제이제일제당,115G
40276,Training|Validation,소스,소스류,상온드레싱,씨제이 참깨드레싱 105G,씨제이제일제당,105G
70254,Training|Validation,소스,소스류,상온드레싱,씨제이 키위샐러드소스 115G,씨제이제일제당,115G
70255,Training|Validation,소스,소스류,상온드레싱,씨제이 파인애플샐러드소스 115G,씨제이제일제당,115G
35356,Training|Validation,소스,소스류,상온드레싱,예스통상마이어올드스타일홀그레인머스타드,예스통산,200G
80232,Training|Validation,소스,소스류,상온드레싱,오뚜기 1000아일랜드드레싱 500G,오뚜기,500G
40255,Training|Validation,소스,소스류,상온드레싱,오뚜기 야채스프레드딥소스,오뚜기,245G
30264,Training|Validation,소스,소스류,상온드레싱,오뚜기 코을슬로드레싱 255G,오뚜기,255G
70260,Training|Validation,소스,소스류,상온드레싱,오뚜기 홀그레인머스타드소스 280G,오뚜기,280G
20291,Training|Validation,소스,소스류,상온드레싱,오뚜기 홀스래디쉬 250G,오뚜기,250G
45288,Training|Validation,소스,소스류,상온드레싱,오뚜기)코울슬로드레싱255G,오뚜기,255G
55326,Training|Validation,소스,소스류,상온드레싱,오뚜기참깨드레싱,오뚜기,245G
55329,Training|Validation,소스,소스류,상온드레싱,오뚜기허니머스타드,오뚜기,535G
60164,Training|Validation,소스,소스류,상온드레싱,오뚜기허니머스타드265G,오뚜기,265g
55459,Training|Validation,소스,소스류,상온드레싱,제일훼미리홀스래디쉬소스,제일훼밀리,255G
45291,Training|Validation,소스,소스류,상온드레싱,지이디통상)데니그리스발사믹글레이즈250ML,지이디통상,250ML
60249,Training|Validation,소스,소스류,상온드레싱,청정원오리엔탈드레싱,청정원,325G
65340,Training|Validation,소스,소스류,상온드레싱,청정원타르타르소스,청정원,300G
65339,Training|Validation,소스,소스류,상온드레싱,청정원홀그레인머스타드소스,청정원,320G
35409,Training|Validation,소스,소스류,상온드레싱,크래프트하인즈코리아)하인즈허니머스타드,크래프트하인즈코리아,425G
35624,Training|Validation,소스,소스류,상온드레싱,트릿지)후무스앤타히니,트릿지,200G
80224,Training|Validation,소스,소스류,상온드레싱,풀무원 레몬갈릭샐러드소스 110G,풀무원,110G
60251,Training|Validation,소스,소스류,상온드레싱,풀무원 미니참깨흑임자드레싱 105G,풀무원,105G
30252,Training|Validation,소스,소스류,상온드레싱,풀무원 발사믹올리브유드레싱 110G,풀무원,110G
80226,Training|Validation,소스,소스류,상온드레싱,풀무원 발사믹올리브유드레싱 235G,풀무원,235G
10301,Training|Validation,소스,소스류,상온드레싱,풀무원 사과요거트드레싱 235G,풀무원,235G
40274,Training|Validation,소스,소스류,상온드레싱,풀무원 아몬드호두드레싱 110G,풀무원,110G
10303,Training|Validation,소스,소스류,상온드레싱,풀무원 저지방골드파인애플드레싱 235G,풀무원,235G
40278,Training|Validation,소스,소스류,상온드레싱,풀무원 저지방키위드레싱 235G,풀무원,235G
80225,Training|Validation,소스,소스류,상온드레싱,풀무원 클래식시저드레싱 220G,풀무원,220G
80197,Training|Validation,소스,소스류,상온드레싱,풀무원 허니머스타드드레싱,풀무원,110G
10287,Training|Validation,소스,소스류,상온드레싱,풀무원키위저지방드레싱,풀무원,115G
30234,Training|Validation,소스,소스류,상온드레싱,하인즈 옐로우머스타드,하인즈,396G
65345,Training|Validation,소스,소스류,상온드레싱,하인즈스위트렐리쉬,하인즈,769ML
35355,Training|Validation,소스,소스류,상온드레싱,홈플러스디종머스타드,홈플러스,270G
10290,Training|Validation,소스,소스류,상온드레싱,홈플러스시그니처 렌치시저드레싱 100g,홈플러스,100g
50234,Training|Validation,소스,소스류,상온드레싱,홈플러스시그니처 발사믹드레싱 110G,홈플러스,110G
40275,Training|Validation,소스,소스류,상온드레싱,홈플러스시그니처 사우전아일랜드드레싱 105G,홈플러스,105G
10289,Training|Validation,소스,소스류,상온드레싱,홈플러스시그니처 오리엔탈드레싱 115G,홈플러스,115G
20295,Training|Validation,소스,소스류,상온드레싱,홈플러스시그니처 참깨드레싱 110G,홈플러스,110g
20296,Training|Validation,소스,소스류,상온드레싱,홈플러스시그니처 파채소스 100g,홈플러스,100g
20297,Training|Validation,소스,소스류,상온드레싱,홈플러스시그니처 흑임자드레싱 100g,홈플러스,100g
15232,Training|Validation,소스,소스류,상온드레싱,홈플러스포도씨유,홈플러스,200ML
65279,Training|Validation,소스,소스류,상온드레싱,홈플러스해바라기씨유,홈플러스,1L
55080,Training|Validation,소스,소스류,상온드레싱,홈플러스홀스레디쉬드레싱100G,홈플러스,100G
65657,Training|Validation,소스,절임/잼,스프레드,대상에프앤비복음자리바로발라먹는고구마버터,대상,100G
65659,Training|Validation,소스,절임/잼,스프레드,대상에프앤비복음자리바로발라먹는마늘버터스프레드,대상,100G
25410,Training|Validation,소스,절임/잼,스프레드,리고 땅콩버터 462G,리고 땅,462G
20269,Training|Validation,소스,액상조미료,식초,대상 청정원고소한마요네즈,대상,500G
30239,Training|Validation,소스,액상조미료,식초,대상 청정원사과식초,대상,900ML
60214,Training|Validation,소스,액상조미료,식초,대상 청정원사과식초,대상,500ML
55737,Training|Validation,소스,액상조미료,식초,백설)100%과일과물만담은자연담은발효사과식초,백설,500ML
25318,Training|Validation,소스,액상조미료,식초,샘표 백년동안 현미발효 흑초 900ML,샘표식품,900ML
25316,Training|Validation,소스,액상조미료,식초,백설 건강발효 현미식초 800ML,씨제이제일제당,800ML
55311,Training|Validation,소스,액상조미료,식초,백설건강발효사과식초,씨제이제일제당,800ML
55312,Training|Validation,소스,액상조미료,식초,백설자연담은발효레몬식초,씨제이제일제당,800ML
90170,Training|Validation,소스,액상조미료,식초,2배현미식초900ML,오뚜기,900ML
40212,Training|Validation,소스,액상조미료,식초,오뚜기2배사과식초500ML,오뚜기,500ML
30178,Training|Validation,소스,액상조미료,식초,오뚜기2배사과식초900ML,오뚜기,900ML
80166,Training|Validation,소스,액상조미료,식초,오뚜기2배양조식초500ML,오뚜기,500ML
10208,Training|Validation,소스,액상조미료,식초,오뚜기2배양조식초900ML,오뚜기,900ML
60179,Training|Validation,소스,액상조미료,식초,오뚜기2배현미식초500ML,오뚜기,500ML
10205,Training|Validation,소스,액상조미료,식초,오뚜기3배사과식초500ml,오뚜기,500ml
10229,Training|Validation,소스,액상조미료,식초,오뚜기사과식초500ML,오뚜기,500ML
90180,Training|Validation,소스,액상조미료,식초,오뚜기사과식초900ML,오뚜기,900ML
70170,Training|Validation,소스,액상조미료,식초,오뚜기양조식초500ML,오뚜기,500ML
30177,Training|Validation,소스,액상조미료,식초,오뚜기양조식초900ML,오뚜기,900ML
70191,Training|Validation,소스,액상조미료,식초,오뚜기현미식초500ML,오뚜기,500ML
20221,Training|Validation,소스,액상조미료,식초,오뚜기현미식초900ML,오뚜기,900ML
66158,Training|Validation,소스,액상조미료,식초,천연식품)온리프라이스사과식초,천연식품,1.8L
66159,Training|Validation,소스,액상조미료,식초,천연식품)온리프라이스양조식초,천연식품,1.8L
25315,Training|Validation,소스,액상조미료,식초,청정원 정통사과식초 800ML,청정원,800ML
55315,Training|Validation,소스,액상조미료,식초,청정원100%국내산자연숙성발효정통현미식초,청정원,800ML
55322,Training|Validation,소스,액상조미료,식초,폰타나모데나발사믹식초,폰타나,250ML
15072,Training|Validation,소스,장류,쌈장,해찬들 8가지 국산 양념쌈장 500G,씨제이제일제당,500G
45095,Training|Validation,소스,장류,쌈장,해찬들 고기전용쌈장 200G,씨제이제일제당,200G
10179,Training|Validation,소스,장류,쌈장,해찬들고기전용쌈장450G,씨제이제일제당,450G
10198,Training|Validation,소스,장류,쌈장,해찬들사계절쌈장170G,씨제이제일제당,170G
50130,Training|Validation,소스,장류,쌈장,해찬들사계절쌈장500G,씨제이제일제당,500G
35063,Training|Validation,소스,장류,쌈장,청정원)청정원순창막장450G,청정원,450G
55109,Training|Validation,소스,장류,쌈장,해표쌈장,해표,300G
35067,Training|Validation,소스,장류,쌈장,홈플러스)생마늘듬뿍쌈장170G,홈플러스,170G
35066,Training|Validation,소스,장류,쌈장,홈플러스)생마늘듬뿍쌈장500G,홈플러스,500G
16033,Training|Validation,소스,소금류,암염,롯데쇼핑 요리하다히말라야핑크솔트110G,요리하다,110G
25962,Training|Validation,소스,소금류,암염,롯데쇼핑 요리하다히말라야핑크솔트고운소금250G,요리하다,250G
65473,Training|Validation,소스,소금류,암염,펄세스히말라야핑크솔트(파우치300G그라인더110G),펠세스,410G
45072,Training|Validation,소스,소스류,앙념소스,동원홈푸드)키요순한리조또소스토마토소고기180G,동원홈푸드,180G
36012,Training|Validation,소스,소스류,앙념소스,롯데쇼핑)온리프라이스대두유식용유,온리프라이스,1.5L
55305,Training|Validation,소스,액상조미료,액상조미료,오뚜기미향,오뚜기,900ML
25320,Training|Validation,소스,액상조미료,액젓,CJ 하선정 멸치액젓 1KG,CJ제일제당,1KG
25319,Training|Validation,소스,액상조미료,액젓,CJ 하선정 서해안까나리액젓 1KG,CJ제일제당,1KG
20137,Training|Validation,소스,액상조미료,액젓,CJ하선정까나리액젓,CJ하선정,333ML
55301,Training|Validation,소스,액상조미료,액젓,CJ하선정덧장명품액젓남해안멸치(푸름),CJ하선정,833ML
20136,Training|Validation,소스,액상조미료,액젓,CJ하선정멸치액젖,CJ하선정,333ML
35426,Training|Validation,소스,액상조미료,액젓,미성패밀리)피쉬액젓,미성패밀리,700ML
35358,Training|Validation,소스,액상조미료,액젓,사조참치액,사조,900ML
25321,Training|Validation,소스,액상조미료,액젓,청정원 서해안 까나리액젓 골드 1KG,청정원,1KG
55306,Training|Validation,소스,액상조미료,액젓,청정원제주모슬포멸치국내산천일염액젓제주명품,청정원,750G
70264,Training|Validation,소스,소스류,양념소스,CJ 백설남해바다굴소스 500G,CJ제일제당,500G
55325,Training|Validation,소스,소스류,양념소스,DEVELEY핫도그소스(파란색),DEVELEY,250ML
15333,Training|Validation,소스,소스류,양념소스,더본 백종원의 만능양념장소스370G,기타,370G
15315,Training|Validation,소스,소스류,양념소스,몬 스위트칠리소스435ML,기타,435ML
15468,Training|Validation,소스,소스류,양념소스,일본 불독 돈까스소스 300ML,기타,300ML
10308,Training|Validation,소스,소스류,양념소스,타이헤리티지 코코넛크림 400ML,기타,400ML
15318,Training|Validation,소스,소스류,양념소스,토니 로마스 오리지널 비비큐용 소스 510G,기타,510G
15319,Training|Validation,소스,소스류,양념소스,토니 로마스 캐롤라이나 허니 비비큐용 소스567G,기타,567G
65353,Training|Validation,소스,소스류,양념소스,프리토스할라피뇨체다치즈딥소스,기타,255.1G
30260,Training|Validation,소스,소스류,양념소스,대상 청정원갈릭치즈마요소스 300G,대상,300G
40280,Training|Validation,소스,소스류,양념소스,대상 청정원굴소스 260G,대상,260G
10270,Training|Validation,소스,소스류,양념소스,대상 청정원돼지갈비양념,대상,280G
70257,Training|Validation,소스,소스류,양념소스,대상 청정원매콤한해물굴소스 250G,대상,250G
10271,Training|Validation,소스,소스류,양념소스,대상 청정원소갈비양념,대상,280G
20267,Training|Validation,소스,소스류,양념소스,대상 청정원소불고기양념,대상,500G
40254,Training|Validation,소스,소스류,양념소스,대상 청정원오리엔탈스테이크소스,대상,250G
70258,Training|Validation,소스,소스류,양념소스,대상 청정원오리엔탈스테이크소스 250G,대상,250G
90269,Training|Validation,소스,소스류,양념소스,대상 청정원월남쌈소스 240G,대상,240G
80228,Training|Validation,소스,소스류,양념소스,대상 청정원피넛월남쌈소스 240G,대상,240G
80207,Training|Validation,소스,소스류,양념소스,대상 청정원홀스래디쉬스테이크소스,대상,205G
30259,Training|Validation,소스,소스류,양념소스,대상 청정원홀스래디쉬스테이크소스 205G,대상,205G
55813,Training|Validation,소스,소스류,양념소스,대상)청정원고메레시피마파두부양념,대상,140G
60245,Training|Validation,소스,소스류,양념소스,델리타이 스프링롤소스 330G,델리타이,330G
20290,Training|Validation,소스,소스류,양념소스,디벨리 프렌치프라이소스 250ML,디벨리,250ML
65266,Training|Validation,소스,소스류,양념소스,도리토스나쵸치즈맛,롯데제과,45G
50236,Training|Validation,소스,소스류,양념소스,리얼타이 스위트칠리소스 180ML,리얼타이,180ML
20293,Training|Validation,소스,소스류,양념소스,리얼타이 피쉬소스 200ML,리얼타이,200ML
40287,Training|Validation,소스,소스류,양념소스,리얼타이피넛월남쌈소스 185ML,리얼타이,185ML
65355,Training|Validation,소스,소스류,양념소스,매크로통상토스티소스미디움살사소스,매크로통,439.4G
90268,Training|Validation,소스,소스류,양념소스,미성스리라차칠리소스 180ML,미성패밀리,180ML
25311,Training|Validation,소스,소스류,양념소스,미성패밀리 월남쌈용소스200ML,미성패밀리,200ML
35059,Training|Validation,소스,소스류,양념소스,베베쿡 백짜장 소스 200G,베베쿡,200G
35056,Training|Validation,소스,소스류,양념소스,베베쿡 처음먹는 짜장소스 200G,베베쿡,200G
10190,Training|Validation,소스,소스류,양념소스,삼양)불닭마요250G,삼양,250G
20186,Training|Validation,소스,소스류,양념소스,삼양)불닭소스200G,삼양,200G
20187,Training|Validation,소스,소스류,양념소스,삼양)핵불닭소스200G,삼양,200G
10189,Training|Validation,소스,소스류,양념소스,삼양)까르보불닭소스200G,삼양식품,200G
65472,Training|Validation,소스,소스류,양념소스,삼양화끈한매운맛불닭소스(번들),삼양식품,200G*2
25213,Training|Validation,소스,소스류,양념소스,샘표)매콤달콤학교앞떡볶이양념125G,샘표,125G
25217,Training|Validation,소스,소스류,양념소스,샘표)매콤칼칼신당동국물떡볶이양념180G,샘표,180G
25216,Training|Validation,소스,소스류,양념소스,샘표)무교동오징어낙지볶음양념130G,샘표,130G
25212,Training|Validation,소스,소스류,양념소스,샘표)발라먹고찍어먹는떡꼬치양념105G,샘표,105G
35350,Training|Validation,소스,소스류,양념소스,TASIA발리나시고랭소스,샘표식품,350G
35354,Training|Validation,소스,소스류,양념소스,TASI하노이쌀국수소스,샘표식품,350G
45100,Training|Validation,소스,소스류,양념소스,샘표 동치미국물로시원한비빔장 360G,샘표식품,360G
90279,Training|Validation,소스,소스류,양념소스,샘표 송추계곡닭볶음탕양념 180G,샘표식품,180G
60243,Training|Validation,소스,소스류,양념소스,샘표 폰타나데미글라스커틀렛소스 280G,샘표식품,280G
65298,Training|Validation,소스,소스류,양념소스,샘표크레이지핫매운떡볶이양념,샘표식품,110G
A30041,Training|Validation,소스,소스류,양념소스,(주)송림푸드 처음먹는카레소스,송림푸드,200g
35280,Training|Validation,소스,소스류,양념소스,송림푸드)강된장비빔소스120G,송림푸드,120G
35281,Training|Validation,소스,소스류,양념소스,송림푸드)참치김치덮밥소스120G,송림푸드,120G
65343,Training|Validation,소스,소스류,양념소스,스리라차핫칠리시즈닝,스리라차,481G
65351,Training|Validation,소스,소스류,양념소스,스위트스페이스페이스천키살사미디움소스,스위트스,453G
45460,Training|Validation,소스,소스류,양념소스,시아스)갈릭디핑소스,시아스,920G
15822,Training|Validation,소스,소스류,양념소스,신세계 올반찜닭양념 180G,신세계,180G
25804,Training|Validation,소스,소스류,양념소스,신화팝빌리지 리코스나쵸치즈소스100G*2,신화팝빌리지,200G
45448,Training|Validation,소스,소스류,양념소스,신화팝빌리지)나쵸치즈소스,신화팝빌리지,400G*4(번들)
65361,Training|Validation,소스,소스류,양념소스,백설꿀과생강으로전문점구이맛을그대로데리야끼소스,씨제이제일제당,325G
20190,Training|Validation,소스,소스류,양념소스,백설돼지갈비양념290G,씨제이제일제당,290G
70267,Training|Validation,소스,소스류,양념소스,씨제이 다담매콤두부조림양념 140G,씨제이제일제당,140g
70266,Training|Validation,소스,소스류,양념소스,씨제이 다담매콤떡볶이양념 140G,씨제이제일제당,140G
50235,Training|Validation,소스,소스류,양념소스,씨제이 사과스위트칠리소스 270G,씨제이제일제당,270G
55647,Training|Validation,소스,소스류,양념소스,씨제이다담우렁강된장비빔양념,씨제이제일제당,140G
65383,Training|Validation,소스,소스류,양념소스,씨제이제일제당백설고기맛의황금비율닭볶음탕양념,씨제이제일제당,290G
20289,Training|Validation,소스,소스류,양념소스,TOM 아얌핫칠리소스 275ML,아얌,275ML
15070,Training|Validation,소스,소스류,양념소스,아이배냇 꼬마 세계덮밥소스 규동 100G,아이배냇,100G
26021,Training|Validation,소스,소스류,양념소스,아이배냇 순간장소스비빔용190ML,아이배냇,190ML
65265,Training|Validation,소스,소스류,양념소스,아이배냇요술만능소스,아이배냇,235G
35623,Training|Validation,소스,소스류,양념소스,아하)펜나쵸치즈소스(번들),아하,284G
65362,Training|Validation,소스,소스류,양념소스,에스피씨에이원스테이크소스,에스피씨,283G
65828,Training|Validation,소스,소스류,양념소스,영남코프레이션)트러플소스,영남코프레이션,90G
90276,Training|Validation,소스,소스류,양념소스,오뚜기 겨자냉채소스 250G,오뚜기,250G
10297,Training|Validation,소스,소스류,양념소스,오뚜기 경양식돈까스 455G,오뚜기,455G
30254,Training|Validation,소스,소스류,양념소스,오뚜기 라조장산초 200G,오뚜기,200G
80235,Training|Validation,소스,소스류,양념소스,오뚜기 라조장양파 200G,오뚜기,200G
40289,Training|Validation,소스,소스류,양념소스,오뚜기 멸치국수장국 360ML,오뚜기,360ML
20292,Training|Validation,소스,소스류,양념소스,오뚜기 바베큐소스 280G,오뚜기,280G
90242,Training|Validation,소스,소스류,양념소스,오뚜기 비빔장,오뚜기,300G
80227,Training|Validation,소스,소스류,양념소스,오뚜기 삼겹살양파절임소스 275G,오뚜기,275G
70259,Training|Validation,소스,소스류,양념소스,오뚜기 삼겹살제주식멜젓소스 270G,오뚜기,270G
70235,Training|Validation,소스,소스류,양념소스,오뚜기 이금기중화마파소스,오뚜기,226G
10302,Training|Validation,소스,소스류,양념소스,오뚜기 이금기팬더굴소스 255G,오뚜기,255G
20288,Training|Validation,소스,소스류,양념소스,오뚜기 참깨돈까스소스 470G,오뚜기,470G
90264,Training|Validation,소스,소스류,양념소스,오뚜기 타타르소스 245G,오뚜기,245G
60252,Training|Validation,소스,소스류,양념소스,오뚜기 피자소스 175G,오뚜기,175G
70234,Training|Validation,소스,소스류,양념소스,오뚜기 햄스프레드,오뚜기,245G
45454,Training|Validation,소스,소스류,양념소스,오뚜기)3분렌틸콩짜장,오뚜기,200G
40188,Training|Validation,소스,소스류,양념소스,오뚜기)돈까스소스290G,오뚜기,290G
40186,Training|Validation,소스,소스류,양념소스,오뚜기)돈까스소스470G(일반),오뚜기,470G
40184,Training|Validation,소스,소스류,양념소스,오뚜기)이금기팬더굴소스510G,오뚜기,510G
65368,Training|Validation,소스,소스류,양념소스,오뚜기가정에서즐기는프리미엄데리야끼소스,오뚜기,280G
65342,Training|Validation,소스,소스류,양념소스,오뚜기가정에서즐기는프리미엄스위트칠리소스,오뚜기,280G
65341,Training|Validation,소스,소스류,양념소스,오뚜기갈릭아이올리소스,오뚜기,240G
35348,Training|Validation,소스,소스류,양념소스,오뚜기스테이크소스,오뚜기,470G
15957,Training|Validation,소스,소스류,양념소스,롯데쇼핑 온리프라이스끝까지짜먹는스위트칠리소스350G,온리프라이스,350G
25923,Training|Validation,소스,소스류,양념소스,롯데쇼핑온리프라이스쇠고기볶음장60G*3개입,온리프라이스,180G
25458,Training|Validation,소스,소스류,양념소스,롯데쇼핑 요리하다 태국식팟타이소스 160G,요리하다,160G
15956,Training|Validation,소스,소스류,양념소스,롯데쇼핑 요리하다나쵸살사소스330G,요리하다,330G
15958,Training|Validation,소스,소스류,양념소스,롯데쇼핑 요리하다짜장떡볶이소스150G,요리하다,150G
35413,Training|Validation,소스,소스류,양념소스,우리식품)참소스,우리식품,800G
90270,Training|Validation,소스,소스류,양념소스,원티드매운살사소스260G,원티드,250ML
30255,Training|Validation,소스,소스류,양념소스,원티드매운치즈소스250G,원티드,250G
15074,Training|Validation,소스,소스류,양념소스,유동 골뱅이 무침양념 320G,유성물산교역,320G
15728,Training|Validation,소스,소스류,양념소스,이마트 피코크 낙지볶음양념 140G,이마트,140G
66143,Training|Validation,소스,소스류,양념소스,젠푸드)요리하다백년짜장소스,젠푸드,280G
80203,Training|Validation,소스,소스류,양념소스,진미 소스 고기용(오리지널),진미식품,300G
65365,Training|Validation,소스,소스류,양념소스,진미식품THE맛있게진미소스오리지널,진미식품,300G
25906,Training|Validation,소스,소스류,양념소스,진성에프엠 치즈마살라소스120G,진성에프엠,120G
35539,Training|Validation,소스,소스류,양념소스,천하코퍼레이션)델리타이스위트칠리소스,천하코퍼레이션,350G
65283,Training|Validation,소스,소스류,양념소스,천하코퍼레이션델리타이굴소스,천하코퍼레이션,360G
55536,Training|Validation,소스,소스류,양념소스,천하코퍼레이션델리타이스위트칠리소스,천하코퍼레이션,350G
25075,Training|Validation,소스,소스류,양념소스,청정원 순창 만능 비빔장 비빔국수 300G,청정원,300G
25215,Training|Validation,소스,소스류,양념소스,청정원)새콤간장무침소스120G,청정원,120G
35349,Training|Validation,소스,소스류,양념소스,청정원정통팟타이소스,청정원,380G
65364,Training|Validation,소스,소스류,양념소스,청정원코코넛&옐로우커리게살뿌팟퐁커리,청정원,360G
55323,Training|Validation,소스,소스류,양념소스,청정원클래식돈카츠소스정통우스타소스와파인애플,청정원,400G
65347,Training|Validation,소스,소스류,양념소스,청정원클래식스테이크소스정통데미그라스소스와레드와인,청정원,250G
65363,Training|Validation,소스,소스류,양념소스,청정원타이핫칠리,청정원,235G
65367,Training|Validation,소스,소스류,양념소스,"청정원토마토&버터,생크림치킨마크니커리",청정원,360G
65346,Training|Validation,소스,소스류,양념소스,코만푸드몬스위트칠리소스,코만푸드,295ML
55324,Training|Validation,소스,소스류,양념소스,코만푸드월남쌈소스,코만푸드,295ML
50238,Training|Validation,소스,소스류,양념소스,퀴네 갈릭소스 250ML,퀴네,250ML
25973,Training|Validation,소스,소스류,양념소스,티디에프코리아 모니니플라시코엑스트라버진올리브오일200ML,티디에프코리아,200ML
15066,Training|Validation,소스,소스류,양념소스,팔도 만능비빔장 특제소스 400G,팔도,400G
45099,Training|Validation,소스,소스류,양념소스,팔도 비빔장 시그니처380G,팔도,380G
25922,Training|Validation,소스,소스류,양념소스,팔도만능비빔장40G*10개입,팔도,400G
70236,Training|Validation,소스,소스류,양념소스,폰타나 비비큐치킨 립소스,폰타나,285G
60257,Training|Validation,소스,소스류,양념소스,폰타나 비비큐치킨 립소스 285g,폰타나,285g
30236,Training|Validation,소스,소스류,양념소스,폰타나 프렌치스테이크소스,폰타나,265G
40290,Training|Validation,소스,소스류,양념소스,폰타나 프렌치스테이크소스 265g,폰타나,265g
65360,Training|Validation,소스,소스류,양념소스,폰타나크리미페퍼소스&딥소스,폰타나,255G
80239,Training|Validation,소스,소스류,양념소스,풀무원 큰건더기강된장덮밥소스 170g,풀무원,170g
45989,Training|Validation,소스,소스류,양념소스,하우스식품)바몬드카레순한맛,하우스식품,230G
45988,Training|Validation,소스,소스류,양념소스,하우스식품)바몬드카레약간매운맛,하우스식품,230G
90280,Training|Validation,소스,소스류,양념소스,하이몬칠리샤브수끼소스 300ML,하이몬,300ML
20294,Training|Validation,소스,소스류,양념소스,하이몬피넛월남쌈소스 230G,하이몬,230G
70286,Training|Validation,소스,소스류,양념소스,하인즈 스위트칠리소스,하인즈,310G
30263,Training|Validation,소스,소스류,양념소스,하인즈 핫도그랠리쉬 375ML,하인즈,375ML
60222,Training|Validation,소스,소스류,양념소스,해표 카놀라유,해표,500ML
60221,Training|Validation,소스,소스류,양념소스,해표 해바라기유,해표,900ML
90275,Training|Validation,소스,소스류,양념소스,홈플러스 스위트앤사우어소스 250ML,홈플러스,250ML
35088,Training|Validation,소스,소스류,양념소스,홈플러스)파채용소스100G,홈플러스,100G
65294,Training|Validation,소스,소스류,양념소스,홈플러스라구짜장덮밥소스,홈플러스,180G
90271,Training|Validation,소스,소스류,양념소스,홈플러스바베큐소스 250ML,홈플러스,250ML
50215,Training|Validation,소스,소스류,양념소스,홈플러스시그니처 검정볶음깨,홈플러스,200G
65296,Training|Validation,소스,소스류,양념소스,홈플러스양송이하이라이스덮밥소스,홈플러스,100G
65297,Training|Validation,소스,소스류,양념소스,홈플러스오징어덮밥소스,홈플러스,120G
55288,Training|Validation,소스,소스류,양념소스,홈플러스유니짜장덮밥소스,홈플러스,100G
45987,Training|Validation,소스,소스류,양념소스,훼밀리인터내셔날)골든카레매운맛,훼밀리인터내셔날,220G
45990,Training|Validation,소스,소스류,양념소스,훼밀리인터내셔날)골든카레중간매운맛,훼밀리인터내셔날,220G
45451,Training|Validation,소스,소스류,양념소스,훼밀리인터내셔날)에스비토로케로하야시,훼밀리인터내셔날,160G
30170,Training|Validation,소스,식용유,옥수수기름,오뚜기)옥수수유900ML,오뚜기,900ML
55389,Training|Validation,소스,액상조미료,음용식초,샘표백년동안흑초블랙베리블루베리,샘표식품,900ML
65822,Training|Validation,소스,액상조미료,음용식초,신세계인터내셔날)새콤달콤파인애플자연발효식초,신세계인터내셔날,200ML
65823,Training|Validation,소스,액상조미료,음용식초,신세계인터내셔날)싱그러운베리베리자연발효식초,신세계인터내셔날,200ML
A30021,Training|Validation,소스,주방세제,일반주방세제,(주)애경산업순샘히말라야핑크솔트,애경산업,500ML
25100,Training|Validation,소스,분말조미료,자연조미료,인그린 다시마분말 250G,인그린,250G
25101,Training|Validation,소스,분말조미료,자연조미료,전원식품 국산들깨가루 300G,전원식품,300G
25099,Training|Validation,소스,분말조미료,자연조미료,진미 매운 고춧가루130G,진미식품,130G
15289,Training|Validation,소스,분말조미료,자연조미료,해표 김치명인유정임의배추겉절이양념300G,해표,300G
80240,Training|Validation,소스,분말조미료,자연조미료,해표 리얼큐브다진마늘 23G,해표,23G
40284,Training|Validation,소스,분말조미료,자연조미료,해표 리얼큐브다진생강 23G,해표,23G
10276,Training|Validation,소스,소금류,정제염,대상 청정원올리고당,대상,700G
60180,Training|Validation,소스,소금류,정제염,해표꽃소금1KG,사조해표수도권영업부,1KG
50171,Training|Validation,소스,소금류,정제염,해표꽃소금500G,사조해표수도권영업부,500G
10243,Training|Validation,소스,소금류,정제염,청정원 1/2나트륨 솔트,청정원,220g
90202,Training|Validation,소스,소금류,정제염,청정원미원맛소금500G,청정원,500G
35684,Training|Validation,소스,소금류,제재염,농심)몰튼솔트,농심,737G
20214,Training|Validation,소스,식용유,참기름/들기름,CJ밥이랑가쓰오김자반18G,CJ제일제당,18g
35253,Training|Validation,소스,식용유,참기름/들기름,CJ제일제당)진한참기름500ML,CJ제일제당,500ML
35252,Training|Validation,소스,식용유,참기름/들기름,CJ제일제당)참기름고소함가득430ML,CJ제일제당,430ML
20134,Training|Validation,소스,식용유,참기름/들기름,해표고소한참기름320ML,사조해표수도권영업부,320ML
10269,Training|Validation,소스,식용유,참기름/들기름,샘표 토장찌개양념 450G,샘표식품,450G
55321,Training|Validation,소스,식용유,참기름/들기름,백설진한참기름,씨제이제일제당,160ML
20124,Training|Validation,소스,식용유,참기름/들기름,오뚜기)고소한참기름,오뚜기,55ML
20132,Training|Validation,소스,식용유,참기름/들기름,오뚜기)고소한참기름,오뚜기,80ML
20130,Training|Validation,소스,식용유,참기름/들기름,오뚜기)옛날참기름,오뚜기,80ML
20135,Training|Validation,소스,식용유,참기름/들기름,오뚜기)향긋한들기름,오뚜기,160ML
20133,Training|Validation,소스,식용유,참기름/들기름,오뚜기고소한참기름160ML,오뚜기,160ML
66157,Training|Validation,소스,식용유,참기름/들기름,참고을)온리프라이스참기름,참고을,450ML
20143,Training|Validation,소스,식용유,참기름/들기름,해표)고소한참기름500ML,해표,500ML
55988,Training|Validation,소스,소금류,천일염,가원)요리하다고운천일염,가원,90G
45981,Training|Validation,소스,소금류,천일염,가원)요리하다고운함초소금,가원,90G
55987,Training|Validation,소스,소금류,천일염,가원)초이스엘구운천일염허브맛솔트,가원,55G
35457,Training|Validation,소스,소금류,천일염,개암죽염식품)소금대신죽염,개암죽염식품,150G
70222,Training|Validation,소스,소금류,천일염,대상 청정원신안섬보배100%천일염가는소금,대상,190G
90235,Training|Validation,소스,소금류,천일염,대상 허브맛쏠트순한맛,대상,52G
70223,Training|Validation,소스,소금류,천일염,백설오천년의신비명품구운소금,씨제이제일제당,180G
55473,Training|Validation,소스,소금류,천일염,백설허브맛솔트마늘맛,씨제이제일제당,50G
55471,Training|Validation,소스,소금류,천일염,백설허브맛솔트매콤한맛,씨제이제일제당,50G
55472,Training|Validation,소스,소금류,천일염,백설허브맛솔트순한맛,씨제이제일제당,50G
35729,Training|Validation,소스,소금류,천일염,씨제이)오천년의신비명품꽃소금,씨제이제일제당,400G
35731,Training|Validation,소스,소금류,천일염,씨제이)오천년의신비천일염,씨제이제일제당,250G
25994,Training|Validation,소스,소금류,천일염,롯데쇼핑 요리하다토판천일염200G,요리하다,200G
25995,Training|Validation,소스,소금류,천일염,롯데쇼핑 요리하다함초소금200G,요리하다,200G
20238,Training|Validation,소스,소금류,천일염,청정원 천일염 가는소금,청정원,280g
65471,Training|Validation,소스,소금류,천일염,청정원신안섬보배천일염구운소금(번들),청정원,200G*3
35765,Training|Validation,소스,소금류,천일염,태평소금)3년묵은명품천일염,태평소금,500G
35728,Training|Validation,소스,소금류,천일염,태평소금)명품토판염,태평소금,200G
35630,Training|Validation,소스,소금류,천일염,태평소금)섬들채대나무구운죽염,태평소금,300G
66077,Training|Validation,소스,소금류,천일염,태평소금)초이스엘CHOICEL후추소금100G,태평소금,100G
56005,Training|Validation,소스,소금류,천일염,태평소금)초이스엘구운소금,태평소금,200G
55256,Training|Validation,소스,소스류,케첩,아이배넷요술케찹,아이배냇,235G
70186,Training|Validation,소스,소스류,케첩,식)오뚜기케찹1KG,오뚜기,1KG
90272,Training|Validation,소스,소스류,케첩,오뚜기 칼로리를줄인케찹 280G,오뚜기,280G
20286,Training|Validation,소스,소스류,케첩,오뚜기 할라피뇨케찹 280G,오뚜기,280G
20157,Training|Validation,소스,소스류,케첩,오뚜기)토마토케찹800G,오뚜기,800G
20146,Training|Validation,소스,소스류,케첩,오뚜기델리케찹300G,오뚜기,300G
20147,Training|Validation,소스,소스류,케첩,오뚜기델리케찹500G,오뚜기,500G
70239,Training|Validation,소스,소스류,케첩,진한하인즈토마토케찹,하인즈,570G
90247,Training|Validation,소스,소스류,케첩,하인즈 할라페뇨케찹,하인즈,397G
20131,Training|Validation,소스,식용유,콩기름,오뚜기)옛날고추맛기름,오뚜기,80ML
70178,Training|Validation,소스,식용유,콩기름,오뚜기콩기름900ML,오뚜기,900ML
70237,Training|Validation,소스,식용유,콩기름,해표 식용유,해표,250ML
80173,Training|Validation,소스,가공분말류,튀김가루,백설튀김가루1KG,씨제이제일제당,1Kg
80169,Training|Validation,소스,가공분말류,튀김가루,오뚜기튀김가루1KG,오뚜기,1KG
20217,Training|Validation,소스,가공분말류,튀김가루,오뚜기튀김가루500G,오뚜기,500G
26001,Training|Validation,소스,소스류,파스타소스,CJ백설 로제파스타소스180G,CJ제일제당,180G
26003,Training|Validation,소스,소스류,파스타소스,CJ백설 치즈크림파스타소스140G,CJ제일제당,140G
26002,Training|Validation,소스,소스류,파스타소스,CJ백설 토마토파스타소스180G,CJ제일제당,180G
15471,Training|Validation,소스,소스류,파스타소스,바쏘 해바라기오일 2L,기타,2L
15467,Training|Validation,소스,소스류,파스타소스,프레고 이탈리안소스프레쉬머시룸양송이버섯 680G,기타,680G
80234,Training|Validation,소스,소스류,파스타소스,대상 베이컨 생크림까르보나라파스타소스350G,대상,350G
10273,Training|Validation,소스,소스류,파스타소스,대상 청정원매운갈비화끈한맛,대상,500G
70262,Training|Validation,소스,소스류,파스타소스,대상 청정원머쉬룸투움바파스타소스 350G,대상,350G
10293,Training|Validation,소스,소스류,파스타소스,대상 청정원명란크림파스타소스 350G,대상,350G
80233,Training|Validation,소스,소스류,파스타소스,대상 청정원알리오올리오파스타소스 360G,대상,360G
90277,Training|Validation,소스,소스류,파스타소스,대상 청정원알프레도크림치즈파스타소스 350G,대상,350G
55967,Training|Validation,소스,소스류,파스타소스,대상)청정원까르보나라파스타소스베이컨&생크림,대상,150G
55966,Training|Validation,소스,소스류,파스타소스,대상)청정원알프레도파스타소스생크림&치즈,대상,150G
35357,Training|Validation,소스,소스류,파스타소스,마성레고스페스토바질,마성레고,190G
25195,Training|Validation,소스,소스류,파스타소스,매일유업)크림파스타소스435G,매일유업,435G
35919,Training|Validation,소스,소스류,파스타소스,매크로통상)폰티바질페스토소스,매크로통상,135G
15328,Training|Validation,소스,소스류,파스타소스,레고스 까르보나라 파스타 소스 490G,미성패밀리,490G
15332,Training|Validation,소스,소스류,파스타소스,레고스 페스토 선드라이드토마토 190G,미성패밀리,190G
45381,Training|Validation,소스,소스류,파스타소스,백설)아라비아따토마토파스타소스,백설,455G
45380,Training|Validation,소스,소스류,파스타소스,백설)치즈크림파스타소스,백설,350G
66076,Training|Validation,소스,소스류,파스타소스,샘표)폰타나아브루초피칸테알리오올리오430G,샘표,430G
65358,Training|Validation,소스,소스류,파스타소스,백설갈릭크림파스타소스,씨제이제일제당,350G
55371,Training|Validation,소스,소스류,파스타소스,백설로제스파게티소스,씨제이제일제당,610G
35353,Training|Validation,소스,소스류,파스타소스,백설로제파스타소스,씨제이제일제당,455G
55370,Training|Validation,소스,소스류,파스타소스,백설아라비아따토마토스파게티소스,씨제이제일제당,610G
55365,Training|Validation,소스,소스류,파스타소스,백설토마토스파게티소스,씨제이제일제당,610G
55372,Training|Validation,소스,소스류,파스타소스,백설토마토파스타소스,씨제이제일제당,455G
35870,Training|Validation,소스,소스류,파스타소스,씨제이)갈릭크림파스타소스,씨제이제일제당,140G
15331,Training|Validation,소스,소스류,파스타소스,영남코프레이션 바질페스토 190G,영남코프레이션,190G
35414,Training|Validation,소스,소스류,파스타소스,영인코퍼레이션)토마토퓨레,영인코퍼레이션,680G
30266,Training|Validation,소스,소스류,파스타소스,오뚜기 스파게티소스로제 685G,오뚜기,685G
50247,Training|Validation,소스,소스류,파스타소스,오뚜기 스파게티소스마늘양파 685G,오뚜기,685G
60244,Training|Validation,소스,소스류,파스타소스,오뚜기 스파게티소스미트 685G,오뚜기,685G
80236,Training|Validation,소스,소스류,파스타소스,오뚜기 스파게티소스토마토 685G,오뚜기,685G
50246,Training|Validation,소스,소스류,파스타소스,오뚜기 프레스코스파게티소스트러플 크림 360G,오뚜기,360G
66191,Training|Validation,소스,소스류,파스타소스,오뚜기)라구볼로네제파스타소스,오뚜기,450G
45378,Training|Validation,소스,소스류,파스타소스,오뚜기)로제스파게티소스,오뚜기,685G
55463,Training|Validation,소스,소스류,파스타소스,오뚜기프레스코까르보나라스파게티소스,오뚜기,360G
15393,Training|Validation,소스,소스류,파스타소스,오뚜기프레스코마늘&양파스파게티소스,오뚜기,685G
55368,Training|Validation,소스,소스류,파스타소스,오뚜기프레스코미트스파게티소스,오뚜기,685G
55367,Training|Validation,소스,소스류,파스타소스,오뚜기프레스코토마토소스,오뚜기,685G
25998,Training|Validation,소스,소스류,파스타소스,롯데쇼핑 요리하다매콤까르보나라파스타소스150G,요리하다,150G
35456,Training|Validation,소스,소스류,파스타소스,원일식품)안동식찜닭양념,원일식품,210G
35869,Training|Validation,소스,소스류,파스타소스,원일식품)요리하다크로제파스타소스,원일식품,170G
56048,Training|Validation,소스,소스류,파스타소스,원일식품)요리하다토마토파스타소스,원일식품,170G
15396,Training|Validation,소스,소스류,파스타소스,진성폰타나나폴리뽀모도로토마토파스타소스,진성,430G
15397,Training|Validation,소스,소스류,파스타소스,진성폰타나밀라노크림치즈로체파스타소스,진성,430G
45930,Training|Validation,소스,소스류,파스타소스,진성에프엠)로제소스,진성에프엠,140G
66075,Training|Validation,소스,소스류,파스타소스,진성에프엠)폰타나베네치아페페론치노&갈릭봉골레430G,진성에프엠,430G
35959,Training|Validation,소스,소스류,파스타소스,진성에프엠)폰타나볼로냐베이컨볼로네제,진성에프엠,430G
35960,Training|Validation,소스,소스류,파스타소스,진성에프엠)폰타나시칠리아페페론치노아라비아따,진성에프엠,430G
15335,Training|Validation,소스,소스류,파스타소스,청정원 구운마늘과양파토마토 스파게티소스 600G,청정원,600G
25999,Training|Validation,소스,소스류,파스타소스,청정원 알리오올리오파스타소스갈릭&페페로치노100G,청정원,100G
26000,Training|Validation,소스,소스류,파스타소스,청정원 토마토스파게티소스구운마늘과양파170G,청정원,170G
45377,Training|Validation,소스,소스류,파스타소스,청정원)토마토맛생크림,청정원,600G
45382,Training|Validation,소스,소스류,파스타소스,청정원)포모도로파스타소스,청정원,370G
55369,Training|Validation,소스,소스류,파스타소스,청정원알프레도파스타소스,청정원,350G
10274,Training|Validation,소스,소스류,파스타소스,청정원진한토마토케찹,청정원,500G
55366,Training|Validation,소스,소스류,파스타소스,청정원토마토와레드페퍼아라비아따,청정원,600G
46047,Training|Validation,소스,소스류,파스타소스,크래프트하인즈코리아)구운토마토와마늘파스타소스,크래프트하인즈코리아,680G
35254,Training|Validation,소스,소스류,파스타소스,크래프트하인즈코리아)하인즈클래시코토마토바질파스타소스680G,크래프트하인즈코리아,680G
15329,Training|Validation,소스,소스류,파스타소스,폰타나 카르니아베이컨앤머쉬룸크림 430G,폰타나,430G
45383,Training|Validation,소스,소스류,파스타소스,폰타나)볼로냐베이컨볼로네제,폰타나,430G
45386,Training|Validation,소스,소스류,파스타소스,폰타나)시칠리아페페론치노아라비아따,폰타나,430G
45385,Training|Validation,소스,소스류,파스타소스,폰타나)시칠리아피칸테크림,폰타나,450G
45384,Training|Validation,소스,소스류,파스타소스,폰타나)제노바치즈&크림바질페스토,폰타나,430G
10292,Training|Validation,소스,소스류,파스타소스,하인즈 베이크드빈스토마토소스 415G,하인즈,415G
55373,Training|Validation,소스,소스류,파스타소스,하인즈클래식코구운토맡와마늘파스타소스,하인즈,680G
40309,Training|Validation,소스,소스류,파스타소스,헌트토마토소스 425G,헌트,425G
15323,Training|Validation,소스,소스류,파스타소스,홈플러스시그니처 까르보나라스타일파스타소스 400G,홈플러스,400G
15322,Training|Validation,소스,소스류,파스타소스,홈플러스시그니처 아라비아타파스타소스 400G,홈플러스,400G
15324,Training|Validation,소스,소스류,파스타소스,홈플러스시그니처 토마토위드갈릭앤양파파스타소스 400G,홈플러스,400G
15321,Training|Validation,소스,소스류,파스타소스,홈플러스시그니처 토마트위드리코타치즈파스타소스 400G,홈플러스,400G
15325,Training|Validation,소스,소스류,파스타소스,효성 알프레도 로스티드갈릭소스 410G,효성,410G
15327,Training|Validation,소스,소스류,파스타소스,효성 알프레도 오리지날 소스 410G,효성,410G
15326,Training|Validation,소스,소스류,파스타소스,효성 컬리아트 카르보나라소스 410G,효성,410G
35382,Training|Validation,소스,소스류,파스타소스,효성)마카로니치즈파스타8소스,효성,80G
25969,Training|Validation,소스,소스류,파스타소스,효성인터내셔날 시리오토마토퓨레350G,효성인터내셔날,350G
25089,Training|Validation,소스,소스류,파스타소스,후디스 키요 순한리조또소스 크림새우버섯180G,후디스,180G
65905,Training|Validation,소스,설탕류,하얀설탕,대한제당)피코크자일로슈가화이트,대한제당,1KG
65908,Training|Validation,소스,설탕류,하얀설탕,삼양사)트루스위트몸에흡스룰줄여주는자일로스설탕,삼양사,500G
70256,Training|Validation,소스,식용유,향미유,대상_청정원_파마늘기름_120G,대상,120G
15320,Training|Validation,소스,차류,허브/꽃차,꽃샘 피어나자스민레몬350G,꽃샘식품,350G
25065,Training|Validation,소스,소금류,호수염,아이배냇 유산군 순소금 130G,아이배냇,130G
70238,Training|Validation,소스,분말조미료,후추,대상 요리통후추 그라인더,대상,35G
45957,Training|Validation,소스,분말조미료,후추,롯데)초이스순도100%순후추,롯데제과,100G
15120,Training|Validation,소스,분말조미료,후추,신영 케이엔페퍼분말 55G,신영,55G
15119,Training|Validation,소스,분말조미료,후추,신영 피클링스파이스 45G,신영,45G
30222,Training|Validation,소스,분말조미료,후추,오뚜기 굵은순후추,오뚜기,45G
30231,Training|Validation,소스,분말조미료,후추,오뚜기 순후추,오뚜기,45G
20185,Training|Validation,소스,분말조미료,후추,오뚜기)순후추45G,오뚜기,45G
10197,Training|Validation,소스,분말조미료,후추,오뚜기순후추100G,오뚜기,100G
60148,Training|Validation,소스,분말조미료,후추,오뚜기순후추20G,오뚜기,20G
10196,Training|Validation,소스,분말조미료,후추,오뚜기순후추50G,오뚜기,50G
25970,Training|Validation,소스,분말조미료,후추,롯데쇼핑 요리하다직접갈아사용하는통백후추60G,요리하다,60G
25971,Training|Validation,소스,분말조미료,후추,롯데쇼핑 요리하다직접갈아사용하는통흑후추50G,요리하다,50G
25972,Training|Validation,소스,분말조미료,후추,롯데쇼핑 요리하다핑크솔트흑후추95G,요리하다,95G
65838,Training|Validation,소스,분말조미료,후추,이마트)백후추파우더,이마트,60G
65839,Training|Validation,소스,분말조미료,후추,이마트)흑후추파우더,이마트,18G
15110,Training|Validation,소스,분말조미료,후추,전원식품 고구마전분맛 350G,전원식품,350G
35975,Training|Validation,소스,분말조미료,후추,제이푸드)백후추파우더,제이푸드,60G
46035,Training|Validation,소스,분말조미료,후추,제이푸드)요리하다통흑후추,제이푸드,60G
15113,Training|Validation,소스,분말조미료,후추,카르멘시타 로즈마리 25G,카르멘시타,25G
15114,Training|Validation,소스,분말조미료,후추,카르멘시타 커민 42G,카르멘시타,42G
55068,Training|Validation,소스,분말조미료,후추,홈플러스1등급순후추100G,홈플러스,100G
55327,Training|Validation,소스,분말조미료,후추,홈플러스NUTAKOSRL초코스프레드(누텔라아님),홈플러스,400G
25238,Training|Validation,유제품,우유,가공우유,남양)아이꼬야아기랑쌀이랑1.080ML,남양유업,1.080ML
25239,Training|Validation,유제품,우유,가공우유,남양)아이꼬야아기랑쌀이랑180ML,남양유업,180ML
55057,Training|Validation,유제품,우유,가공우유,남양아이꼬야한뼘더큰아기랑콩이랑1단계120ML,남양유업,120ML
55181,Training|Validation,유제품,우유,가공우유,남양우유GT찐~하고달달한딸기,남양유업,180ML
55193,Training|Validation,유제품,우유,가공우유,남양우유GT찐~하고달달한초코,남양유업,180ML
20061,Training|Validation,유제품,우유,가공우유,남양초코에몽250ML,남양유업,250ML
20243,Training|Validation,유제품,우유,가공우유,덴마크민트라떼,동원F&B,310ML
20248,Training|Validation,유제품,우유,가공우유,덴마크바나나우유,동원F&B,300ML
66101,Training|Validation,유제품,우유,가공우유,동원F&B)뉴트리플랜펫밀크반려묘전용우유,동원F&B,50ML
80195,Training|Validation,유제품,우유,가공우유,동원페퍼민트밀크티,동원F&B,300ML
10248,Training|Validation,유제품,우유,가공우유,소와나무덴마크초코초코우유,동원에프앤비,300ML
10247,Training|Validation,유제품,우유,가공우유,소와나무덴마크커피커피,동원에프앤비,300ML
90224,Training|Validation,유제품,우유,가공우유,롯데가나초콜릿밀크,롯데칠성음료,190ML
90039,Training|Validation,유제품,우유,가공우유,가나초콜릿밀크300ML,롯데푸드,300ML
90036,Training|Validation,유제품,우유,가공우유,매일)커피속에모카치노300ML,매일유업,300ML
55188,Training|Validation,유제품,우유,가공우유,매일소화가잘되는우유바나나,매일유업,190ML
30211,Training|Validation,유제품,우유,가공우유,매일아몬드브리즈뉴트리플러스프로틴,매일유업,190ML
70210,Training|Validation,유제품,우유,가공우유,매일아몬드브리즈언스위트,매일유업,190ML
80187,Training|Validation,유제품,우유,가공우유,매일우유속에딸기과즙,매일유업,300ML
45270,Training|Validation,유제품,우유,가공우유,매일유업)유기농바나나우유125ML,매일유업,125ML
45269,Training|Validation,유제품,우유,가공우유,매일유업)유기농코코아우유125ML,매일유업,125ML
80185,Training|Validation,유제품,우유,가공우유,매일허쉬초콜릿드링크쿠키앤크림,매일유업,235ML
70220,Training|Validation,유제품,우유,가공우유,빙그레아카페라잇츠라떼리치연유,빙그레,136G
50193,Training|Validation,유제품,우유,가공우유,빙그레애플시나몬맛우유,빙그레,240ML
35216,Training|Validation,유제품,우유,가공우유,상하목장)유기농딸기우유125ML,상하목장,125ML
80205,Training|Validation,유제품,우유,가공우유,서울 스페셜티까페라떼다크,서울 스,250G
55225,Training|Validation,유제품,우유,가공우유,서울에프앤비메로나보틀,서울에프앤비,230ML
55195,Training|Validation,유제품,우유,가공우유,서울에프앤비뽀로로가좋아하는딸기우유,서울에프앤비,140ML
65198,Training|Validation,유제품,우유,가공우유,서울에프앤비커피빈카페라떼,서울에프앤비,250ML
15196,Training|Validation,유제품,우유,가공우유,서울에프앤비푸르밀바나나우유,서울에프앤비,730ML
15194,Training|Validation,유제품,우유,가공우유,서울에프앤비푸르밀생초콜릿우유,서울에프앤비,730ML
35214,Training|Validation,유제품,우유,가공우유,서울에프엔비)뽀로로가좋아하는바나나우유140ML,서울에프엔비,140ML
35075,Training|Validation,유제품,우유,가공우유,서울우유)서울연유500G,서울우유,500G
10252,Training|Validation,유제품,우유,가공우유,서울우유귀리우유,서울우유,190ML
50187,Training|Validation,유제품,우유,가공우유,서울우유딸기,서울우유,300ML
55180,Training|Validation,유제품,우유,가공우유,서울우유딸기,서울우유,200ML
80184,Training|Validation,유제품,우유,가공우유,서울우유딸기,서울우유,235ML
70214,Training|Validation,유제품,우유,가공우유,서울우유바나나,서울우유,300ML
40234,Training|Validation,유제품,우유,가공우유,서울우유살롱밀크티,서울우유,300ML
65125,Training|Validation,유제품,우유,가공우유,서울우유아침에주스포도,서울우유,210ML
50190,Training|Validation,유제품,우유,가공우유,서울우유초콜릿,서울우유,200ML
80188,Training|Validation,유제품,우유,가공우유,서울우유초콜릿,서울우유,300ML
50191,Training|Validation,유제품,우유,가공우유,서울우유커피,서울우유,200ML
80189,Training|Validation,유제품,우유,가공우유,서울우유커피,서울우유,300ML
20249,Training|Validation,유제품,우유,가공우유,서울우유흑임자우유,서울우유,190ML
50192,Training|Validation,유제품,우유,가공우유,소와나무덴마크딸기딸기우유,소와나무,300ML
90226,Training|Validation,유제품,우유,가공우유,소와나무덴마크민트쵸코우유,소와나무,310ML
80206,Training|Validation,유제품,우유,가공우유,연세 달고나커피우유,연세유업,500ML
60228,Training|Validation,유제품,우유,가공우유,연세 마카다미아초코우유,연세유업,500ML
66093,Training|Validation,유제품,우유,가공우유,푸드마스터그룹)닥터할리펫밀크캣고양이전용전연령200ML,푸드마스터그룹,200ML
90221,Training|Validation,유제품,우유,가공우유,롯데파스퇴르우유바나나,푸르밀,190ML
90038,Training|Validation,유제품,우유,가공우유,푸르밀)바나나킥우유225ML,푸르밀,225ML
90225,Training|Validation,유제품,우유,가공우유,푸르밀가나초코우유,푸르밀,300ML
40061,Training|Validation,유제품,우유,가공우유,푸르밀검은콩우유300ml,푸르밀,300ML
15219,Training|Validation,유제품,우유,가공우유,푸르밀미숫가루우유,푸르밀,750ML
25156,Training|Validation,유제품,버터,가염버터,매일 루어팍가염버터250G,매일유업,250G
65121,Training|Validation,유제품,버터,가염버터,매일유업상하목장슬로우버터가염,매일유업,200G
25157,Training|Validation,유제품,치즈,까망베르치즈,매일 카스텔로까망베르125G,매일유업,125G
35117,Training|Validation,유제품,치즈,까망베르치즈,매일유업)까망베르자연치즈100G,매일유업,100G
10246,Training|Validation,유제품,요구르트,떠먹는 요구르트,토핑오트&애플시나몬,기타,125G
45123,Training|Validation,유제품,요구르트,떠먹는 요구르트,남양)퍼먹는불가리스든든한끼호두&아몬드150G,남양유업,150G
15139,Training|Validation,유제품,요구르트,떠먹는 요구르트,남양유업 떠먹는 불가리스 생크림 요거트 85G,남양유업,85G
35181,Training|Validation,유제품,요구르트,떠먹는 요구르트,남양유업)든든한끼바나나&곤약150G,남양유업,150G
35200,Training|Validation,유제품,요구르트,떠먹는 요구르트,남양유업)불가리스100%무첨가프리미엄플레인435G,남양유업,435G
35201,Training|Validation,유제품,요구르트,떠먹는 요구르트,남양유업)불가리스당무첨가리얼플레인435G,남양유업,435G
35185,Training|Validation,유제품,요구르트,떠먹는 요구르트,남양유업)불가리스위쎈저지방150ML,남양유업,150G
35132,Training|Validation,유제품,요구르트,떠먹는 요구르트,덴마크)요거샐러드그린150G,덴마크,150G
25160,Training|Validation,유제품,요구르트,떠먹는 요구르트,동원 덴마크 요거샐러드퍼플150G,동원F&B,150G
25122,Training|Validation,유제품,요구르트,떠먹는 요구르트,동원 소와나무 입안가득부드러운생크림요거트 85G,동원F&B,85G
35184,Training|Validation,유제품,요구르트,떠먹는 요구르트,동원F&B)덴맠요거밀자색고구마150G,동원F&B,150G
35182,Training|Validation,유제품,요구르트,떠먹는 요구르트,동원F&B덴마크요거밀단호박150G,동원F&B,150G
35183,Training|Validation,유제품,요구르트,떠먹는 요구르트,동원F&B덴마크요거샐러드옐로우150G,동원F&B,150G
55124,Training|Validation,유제품,요구르트,떠먹는 요구르트,동원덴마크요거밀,동원F&B,150G
45122,Training|Validation,유제품,요구르트,떠먹는 요구르트,롯데푸드)파스퇴르바른목장알로에85G,롯데푸드,85G
65023,Training|Validation,유제품,요구르트,떠먹는 요구르트,매일_상하목장마이리틀유기농짜먹는요거트사과 바나나_85G,매일유업,85G
20251,Training|Validation,유제품,요구르트,떠먹는 요구르트,매일바이오딸기요거트,매일유업,150G
50197,Training|Validation,유제품,요구르트,떠먹는 요구르트,매일바이오백도요거트,매일유업,150G
50198,Training|Validation,유제품,요구르트,떠먹는 요구르트,매일바이오블루베리요거트,매일유업,150G
20250,Training|Validation,유제품,요구르트,떠먹는 요구르트,매일바이오플레인스위트,매일유업,150G
15134,Training|Validation,유제품,요구르트,떠먹는 요구르트,매일유업 바이오 달지않은 플레인450G,매일유업,450G
15191,Training|Validation,유제품,요구르트,떠먹는 요구르트,매일유업)바이오 프로바이오틱 생크림 요거크 플래인80G,매일유업,80G
15190,Training|Validation,유제품,요구르트,떠먹는 요구르트,매일유업)바이오 프로바이오틱 생크림 요거트 유자80G,매일유업,80G
35199,Training|Validation,유제품,요구르트,떠먹는 요구르트,매일유업)바이오달지않은플레인요거트900G,매일유업,900G
A40025,Training|Validation,유제품,요구르트,떠먹는 요구르트,매일유업바이오플레인저지방,매일유업,450g
A40026,Training|Validation,유제품,요구르트,떠먹는 요구르트,매일유업상하목장유기농요거트플레인,매일유업,400g
55114,Training|Validation,유제품,요구르트,떠먹는 요구르트,끼리딥앤크런치플레인,벨치즈코리아,175G
15144,Training|Validation,유제품,요구르트,떠먹는 요구르트,빙그레 요플레 플레인 85G,빙그레,85G
25126,Training|Validation,유제품,요구르트,떠먹는 요구르트,빙그레 요플레오리지널딸기85G,빙그레,85G
25128,Training|Validation,유제품,요구르트,떠먹는 요구르트,빙그레 요플레오리지널망고스틴80G,빙그레,80G
25127,Training|Validation,유제품,요구르트,떠먹는 요구르트,빙그레 요플레오리지널복숭아85G,빙그레,85G
65017,Training|Validation,유제품,요구르트,떠먹는 요구르트,빙그레 요플레키즈딸기 240G,빙그레,240G
15186,Training|Validation,유제품,요구르트,떠먹는 요구르트,빙그레)요플레 라이트80G,빙그레,80G
35134,Training|Validation,유제품,요구르트,떠먹는 요구르트,빙그레)요플레클래식85G,빙그레,85G
35126,Training|Validation,유제품,요구르트,떠먹는 요구르트,빙그레)요플레패션프루트320G,빙그레,320G
35127,Training|Validation,유제품,요구르트,떠먹는 요구르트,빙그레)요플레패션프루트80G,빙그레,80G
30209,Training|Validation,유제품,요구르트,떠먹는 요구르트,빙그레요플레오리지널딸기,빙그레,200G
80192,Training|Validation,유제품,요구르트,떠먹는 요구르트,빙그레토핑프레첼&초코청크,빙그레,120G
25208,Training|Validation,유제품,요구르트,떠먹는 요구르트,상하목장)유기농베이비요구르트85G,상하목장,85G
65024,Training|Validation,유제품,요구르트,떠먹는 요구르트,서울_짜요짜요요구르트딸기_240G,서울_짜,240G
55017,Training|Validation,유제품,요구르트,떠먹는 요구르트,서울_짜요짜요요구르트복숭아_240G,서울_짜,240G
55016,Training|Validation,유제품,요구르트,떠먹는 요구르트,서울_짜요짜요요구르트포도_240G,서울_짜,240G
65133,Training|Validation,유제품,요구르트,떠먹는 요구르트,서울우유까요까요플레인,서울우유,72G
65129,Training|Validation,유제품,요구르트,떠먹는 요구르트,야쿠르트슈퍼100블루베리,야쿠르트,90G
35767,Training|Validation,유제품,요구르트,떠먹는 요구르트,에이뷰)그릭요거트그대로딸기,에이뷰,20G
60198,Training|Validation,유제품,요구르트,떠먹는 요구르트,요플레토핑다크초코,요플레,125G
15880,Training|Validation,유제품,요구르트,떠먹는 요구르트,이마트 그릭요거트그대로플레인20G,이마트,20G
25161,Training|Validation,유제품,요구르트,떠먹는 요구르트,일동후디스 그릭요거트 무설탕저지방80G,일동후디스,80G
46029,Training|Validation,유제품,요구르트,떠먹는 요구르트,일동후디스)키요그릭요거트젤리블루베리,일동후디스,50G
35198,Training|Validation,유제품,요구르트,떠먹는 요구르트,일동후디스)후디스그릭요거트무설탕저지방415G,일동후디스,450G
35197,Training|Validation,유제품,요구르트,떠먹는 요구르트,일동후디스)후디스그릭요거트플레인450G,일동후디스,450G
15143,Training|Validation,유제품,요구르트,떠먹는 요구르트,파스퇴르 바른목장 85G,파스퇴르,85G
15185,Training|Validation,유제품,요구르트,떠먹는 요구르트,파스퇴르)바른목장85G,파스퇴르,85G
35133,Training|Validation,유제품,요구르트,떠먹는 요구르트,파스퇴르)바른목장85G,파스퇴르,85G
35024,Training|Validation,유제품,요구르트,떠먹는 요구르트,파스퇴르_오직요구르트100_400G,파스퇴르,400G
25125,Training|Validation,유제품,요구르트,떠먹는 요구르트,푸르밀 흑당 생크림요거트 80G,푸르밀,80G
25210,Training|Validation,유제품,요구르트,떠먹는 요구르트,푸르밀)살아있는생유산균프로바이오요거트딸기85G,푸르밀,85G
65059,Training|Validation,유제품,요구르트,떠먹는 요구르트,퓨어잇 딸기엔요거트 16G,퓨어잇,16G
35061,Training|Validation,유제품,요구르트,떠먹는 요구르트,퓨어잇 사과엔요거트 16G,퓨어잇,16G
25162,Training|Validation,유제품,요구르트,떠먹는 요구르트,한국야구르트 슈퍼100딸기90G,한국야쿠르트,90G
45133,Training|Validation,유제품,요구르트,떠먹는 요구르트,한국야쿠르트)슈퍼100 블루베리40G,한국야쿠르트,40G
55200,Training|Validation,유제품,요구르트,떠먹는 요구르트,홈플러스하루한컴요거트딸기,홈플러스,83G
15122,Training|Validation,유제품,요구르트,떠먹는 요구르트,후디스 그릭요거트리얼블루베리 320g(번들),후디스,320g
15132,Training|Validation,유제품,요구르트,떠먹는 요구르트,후디스 그릭요거트리얼블루베리 80G,후디스,80G
25123,Training|Validation,유제품,요구르트,떠먹는 요구르트,후디스 그릭요거트플레인 80G,후디스,80G
25124,Training|Validation,유제품,요구르트,떠먹는 요구르트,후디스 코코포도그릭 80G,후디스,80G
15877,Training|Validation,유제품,요구르트,떠먹는 요구르트,후디스 키요그릭요거트젤리블루베리50G,후디스,50G
15876,Training|Validation,유제품,요구르트,떠먹는 요구르트,후디스 키요그릭요거트젤리청포도50G,후디스,50G
15126,Training|Validation,유제품,치즈,리코타치즈,갈바니 리코타치즈425G,기타,425G
65118,Training|Validation,유제품,치즈,리코타치즈,매일유업리코타치즈,매일유업,200G
90171,Training|Validation,유제품,버터,마가린,오뚜기)옥수수마아가린200G,오뚜기,200G
70155,Training|Validation,유제품,버터,마가린,오뚜기식물성마아가린200G,오뚜기,200G
15128,Training|Validation,유제품,버터,마가린,화인 베지터블 오일 스프레드 212G,화인바이오,212G
10254,Training|Validation,유제품,요구르트,마시는 요구르트,밀크씨슬간편한닥터캡슐,기타,130ML
10257,Training|Validation,유제품,요구르트,마시는 요구르트,프로틴고단백질요거트,기타,210ML
15142,Training|Validation,유제품,요구르트,마시는 요구르트,한국 야쿠르트 건강한 간 케어 쿠퍼스 프리미엄 140ML,기타,140ML
40237,Training|Validation,유제품,요구르트,마시는 요구르트,남양불가리스위쎈,남양유업,150ML
15217,Training|Validation,유제품,요구르트,마시는 요구르트,남양아인슈타인베이비,남양유업,900ML
66325,Training|Validation,유제품,요구르트,마시는 요구르트,남양이오베이비80ML,남양유업,80ML
30215,Training|Validation,유제품,요구르트,마시는 요구르트,남양이오트웬티즈,남양유업,135ML
10249,Training|Validation,유제품,요구르트,마시는 요구르트,소와나무덴마크드링킹요구르트베리믹스,동원에프앤비,310ML
10259,Training|Validation,유제품,요구르트,마시는 요구르트,소와나무덴마크드링킹요구르트파인애플,동원에프앤비,310ML
90037,Training|Validation,유제품,요구르트,마시는 요구르트,덴마크드링킹요구르트(플레인)310ML,동원에프앤비덴마크,310ML
20246,Training|Validation,유제품,요구르트,마시는 요구르트,덴마크드링킹요구르트사과,동원에프앤비덴마크,310ML
20245,Training|Validation,유제품,요구르트,마시는 요구르트,덴마크드링킹요구르트자두,동원에프앤비덴마크,310ML
20247,Training|Validation,유제품,요구르트,마시는 요구르트,덴마크드링킹요구르트청포도,동원에프앤비덴마크,310ML
66323,Training|Validation,유제품,요구르트,마시는 요구르트,롯데푸드파스퇴르바른목장요구르트100ML,롯데푸드,100ML
65126,Training|Validation,유제품,요구르트,마시는 요구르트,롯데푸드파스퇴르쾌변피쉬콜라겐,롯데푸드,150ML
50196,Training|Validation,유제품,요구르트,마시는 요구르트,매일바이오드링킹요거트매실푸룬,매일유업,250ML
40232,Training|Validation,유제품,요구르트,마시는 요구르트,매일바이오드링킹요거트블루베리,매일유업,250ML
90230,Training|Validation,유제품,요구르트,마시는 요구르트,매일바이오드링킹요거트사과,매일유업,250ML
70216,Training|Validation,유제품,요구르트,마시는 요구르트,매일바이오드링킹요거트스트로베리,매일유업,190ML
66303,Training|Validation,유제품,요구르트,마시는 요구르트,매일바이오드링킹요거트플레인150ML,매일유업,150ML
10256,Training|Validation,유제품,요구르트,마시는 요구르트,매일바이오드링킹요커트플레인,매일유업,250ML
55113,Training|Validation,유제품,요구르트,마시는 요구르트,매일바이오화이버&칼슘,매일유업,600ML
30212,Training|Validation,유제품,요구르트,마시는 요구르트,매일썬업그린(과일야채샐러드),매일유업,190ML
90223,Training|Validation,유제품,요구르트,마시는 요구르트,매일요구르트로어슈거,매일유업,280ML
30210,Training|Validation,유제품,요구르트,마시는 요구르트,매일피크닉청포도,매일유업,200ML
60203,Training|Validation,유제품,요구르트,마시는 요구르트,닥터캡슐프로텍트베리믹스,빙그래,130ML
60202,Training|Validation,유제품,요구르트,마시는 요구르트,닥터캡슐프로텍트사과,빙그래,130ML
60199,Training|Validation,유제품,요구르트,마시는 요구르트,빙그레요구르트,빙그레,500ML
90234,Training|Validation,유제품,요구르트,마시는 요구르트,빙그레요구르트,빙그레,280ML
30208,Training|Validation,유제품,요구르트,마시는 요구르트,빙그레요플레닥터캡슐프로텍트플레인,빙그레,130ML
30213,Training|Validation,유제품,요구르트,마시는 요구르트,빙그레요플레오프룻복숭아,빙그레,180ML
30214,Training|Validation,유제품,요구르트,마시는 요구르트,빙그레요플레오프룻블루베리,빙그레,180ML
40227,Training|Validation,유제품,요구르트,마시는 요구르트,빙그레요플레프로틴고단백질요거트,빙그레,210ML
65119,Training|Validation,유제품,요구르트,마시는 요구르트,서울우유듀오안저지방플레인,서울우유,150ML
90227,Training|Validation,유제품,요구르트,마시는 요구르트,소와나무덴마크드링킹요구르트딸기,소와나무,310ML
60209,Training|Validation,유제품,요구르트,마시는 요구르트,소와나무덴마크드링킹요구르트복숭아,소와나무,310ML
30218,Training|Validation,유제품,요구르트,마시는 요구르트,소와나무쿨피스오리지널복숭아,소와나무,450ML
30219,Training|Validation,유제품,요구르트,마시는 요구르트,소와나무쿨피스오리지널파인애플,소와나무,930ML
50189,Training|Validation,유제품,요구르트,마시는 요구르트,애경말랑카우를좋아하는말랑이버블핸드워시,애경,200ML
15130,Training|Validation,유제품,요구르트,마시는 요구르트,야쿠르트 쿠퍼스 프리미엄C 140ML,야쿠르트,140ML
55129,Training|Validation,유제품,요구르트,마시는 요구르트,야쿠르트엠프로3마일드,야쿠르트,130ML
65128,Training|Validation,유제품,요구르트,마시는 요구르트,야쿠르트엠프로3마일드배모과맛,야쿠르트,130ML
56072,Training|Validation,유제품,요구르트,마시는 요구르트,천상미)1A그이상의펫밀크건국목장비피더스장유산균,천상미,180ML
15187,Training|Validation,유제품,요구르트,마시는 요구르트,파스퇴르)락토프리 속편한 쾌변150ML,파스퇴르,150ML
35177,Training|Validation,유제품,요구르트,마시는 요구르트,파스퇴르)안나오면펴들어간다쾌변사과450ML,파스퇴르,450ML
10250,Training|Validation,유제품,요구르트,마시는 요구르트,파스퇴르요구하이,파스퇴르,145ML
10253,Training|Validation,유제품,요구르트,마시는 요구르트,파스퇴르위편한하루,파스퇴르,150ML
30216,Training|Validation,유제품,요구르트,마시는 요구르트,푸드웰뽀로로워터젤리포도,푸드웰,120ML
40228,Training|Validation,유제품,요구르트,마시는 요구르트,롯데파스퇴르쾌변골드키위,푸르밀,150ML
80183,Training|Validation,유제품,요구르트,마시는 요구르트,롯데파스퇴르쾌변포도,푸르밀,150ML
25169,Training|Validation,유제품,요구르트,마시는 요구르트,푸르밀)프로바이오사과150ml,푸르밀,150ml
66324,Training|Validation,유제품,요구르트,마시는 요구르트,푸르밀프로바이오키즈130ML,푸르밀,130ML
45132,Training|Validation,유제품,요구르트,마시는 요구르트,풀무원)다논 액티비아 화이트130ML,풀무원,130ML
35178,Training|Validation,유제품,요구르트,마시는 요구르트,풀무원)액티비아사과130ML,풀무원,130ML
35179,Training|Validation,유제품,요구르트,마시는 요구르트,풀무원)약티비아딸기130ML,풀무원,130ML
15188,Training|Validation,유제품,요구르트,마시는 요구르트,풀무원)위 솔루션130ML,풀무원,130ML
45125,Training|Validation,유제품,요구르트,마시는 요구르트,풀무원)풀무원다른액티비아포도130ML,풀무원,130ML
15131,Training|Validation,유제품,요구르트,마시는 요구르트,풀무원다논 더눈솔루션 130ML,풀무원,130ML
55117,Training|Validation,유제품,요구르트,마시는 요구르트,풀무원액티비아블루베리,풀무원,130ML
55118,Training|Validation,유제품,요구르트,마시는 요구르트,풀무원액티비아플레인,풀무원,130ML
45131,Training|Validation,유제품,요구르트,마시는 요구르트,피스퇴르)안나오면 쳐들어간다 쾌변포도150ML,피스퇴르,150ML
55201,Training|Validation,유제품,요구르트,마시는 요구르트,한국야구르트핫브루바닐라라떼,한국야쿠르트,270ML
15189,Training|Validation,유제품,요구르트,마시는 요구르트,한국야쿠르트)얼려먹는 야쿠르트110ML,한국야쿠르트,110ML
35215,Training|Validation,유제품,요구르트,마시는 요구르트,한국야쿠르트)헬리코박터프로젝트윌저지방150ML,한국야쿠르트,150ML
55120,Training|Validation,유제품,요구르트,마시는 요구르트,한국야쿠르트하루야채뽀로로,한국야쿠르트,100ML
55196,Training|Validation,유제품,요구르트,마시는 요구르트,한국야쿠르트헬리코박터프로젝트윌저지방,한국야쿠르트,150ML
40229,Training|Validation,유제품,요구르트,마시는 요구르트,한국요구르트목호강에이스,한국야쿠르트,280ML
40230,Training|Validation,유제품,요구르트,마시는 요구르트,한국요구르트왕목호강에이스,한국야쿠르트,450ML
25129,Training|Validation,유제품,요구르트,마시는 요구르트,헬리코박터 프로젝트윌150ML,헬리코박터,150ML
15222,Training|Validation,유제품,요구르트,마시는 요구르트,홈플러스마시는유산군DELIGHT,홈플러스,750ML
15193,Training|Validation,유제품,요구르트,마시는 요구르트,홈플러스마시는유산균,홈플러스,750ML
45121,Training|Validation,유제품,치즈,모짜렐라치즈,동원F&B)덴마크구워먹는치즈오리지널125G,동원F&B,125G
25177,Training|Validation,유제품,치즈,모짜렐라치즈,홈플러스)고다 애 에담치즈스틱75G,홈플러스,75G
45180,Training|Validation,유제품,버터,무염버터,남양유업)드빈치버터무가염450G,남양유업,450G
65123,Training|Validation,유제품,버터,무염버터,롯데푸드파스퇴르홈버터,롯데푸드,450G
45135,Training|Validation,유제품,버터,무염버터,매일유업)루어팍 무염버터250G,매일유업,250G
45119,Training|Validation,유제품,버터,무염버터,매일유업)알라무엽버터400G,매일유업,400G
65122,Training|Validation,유제품,버터,무염버터,매일유업상하목장슬로우버터무염,매일유업,200G
65124,Training|Validation,유제품,버터,무염버터,서울우유무가염버터,서울우유,227G
35118,Training|Validation,유제품,치즈,생치즈,매일유업)브리자연치즈100G,매일유업,100G
45120,Training|Validation,유제품,치즈,생치즈,미국)콜비잭치즈227G,미국,227G
15216,Training|Validation,유제품,우유,일반우유,남양맛있는우유GT,남양유업,900ML
30217,Training|Validation,유제품,우유,일반우유,남양맛있는우유GT,남양유업,500ML
80186,Training|Validation,유제품,우유,일반우유,남양맛있는우유GT,남양유업,310ML
55208,Training|Validation,유제품,우유,일반우유,남양맛있는우유GT소화잘되는배안아픈우유,남양유업,900ML
15215,Training|Validation,유제품,우유,일반우유,남양맛있는우유GT슈퍼밀크,남양유업,900ML
55197,Training|Validation,유제품,우유,일반우유,남양백미당유기농네모우유,남양유업,125ML
55222,Training|Validation,유제품,우유,일반우유,남양아인슈타인,남양유업,900ML
35217,Training|Validation,유제품,우유,일반우유,남양유업)아인슈타인천연DHA우유120ml,남양유업,120ml
15208,Training|Validation,유제품,우유,일반우유,동원대니쉬THE건강한우유,동원F&B,900ML
55221,Training|Validation,유제품,우유,일반우유,동원소와나무고칼슘우유,동원F&B,900ML
40062,Training|Validation,유제품,우유,일반우유,덴마크대니쉬우유450ML,동원에프앤비덴마크,450ML
55198,Training|Validation,유제품,우유,일반우유,매일상하목장유기농우유,매일유업,200ML
55224,Training|Validation,유제품,우유,일반우유,매일상하목장유기농우유,매일유업,900ML
55191,Training|Validation,유제품,우유,일반우유,매일상하목장유기농우유저지방,매일유업,200ML
15218,Training|Validation,유제품,우유,일반우유,매일상하목장유기농우유저지방2%,매일유업,900ML
55206,Training|Validation,유제품,우유,일반우유,매일상하목장유기농저지방우유,매일유업,750ML
55184,Training|Validation,유제품,우유,일반우유,매일소화가잘되는우유오리지널락토프리,매일유업,190ML
55187,Training|Validation,유제품,우유,일반우유,매일소화가잘되는우유저지방2%락토프리,매일유업,190ML
55223,Training|Validation,유제품,우유,일반우유,매일우유오리지널,매일유업,900ML
60204,Training|Validation,유제품,우유,일반우유,매일우유저지방,매일유업,900ML
35210,Training|Validation,유제품,우유,일반우유,매일유업)슬로우밀크저지방180ML,매일유업,180ML
45271,Training|Validation,유제품,우유,일반우유,매일유업)유기농우유125ML,매일유업,125ML
A30029,Training|Validation,유제품,우유,일반우유,매일유업상하목장유기농우유,매일유업,750ML
A20021,Training|Validation,유제품,우유,일반우유,부산우유농협)부산우유정일품,부산우유농협,1000ML
55194,Training|Validation,유제품,우유,일반우유,서울에프앤비뽀로로가좋아하는튼튼우유,서울에프앤비,140ML
20240,Training|Validation,유제품,우유,일반우유,서울우유,서울우유,200ML
70215,Training|Validation,유제품,우유,일반우유,서울우유,서울우유,250ML
15213,Training|Validation,유제품,우유,일반우유,서울우유(사각팩),서울우유,1L
35213,Training|Validation,유제품,우유,일반우유,서울우유)앙팡성장기우유180ML,서울우유,180ML
65120,Training|Validation,유제품,우유,일반우유,서울우유듀오안오리지널,서울우유,150ML
15195,Training|Validation,유제품,우유,일반우유,서울우유성장기우유앙팡,서울우유,1L
15210,Training|Validation,유제품,우유,일반우유,서울우유속편한우유저지방,서울우유,900ML
40240,Training|Validation,유제품,우유,일반우유,서울우유저지방200ML,서울우유,200ML
15212,Training|Validation,유제품,우유,일반우유,서울우유저지방나100%,서울우유,1L
15209,Training|Validation,유제품,우유,일반우유,서울우유후레쉬밀크900ML,서울우유,900ML
55192,Training|Validation,유제품,우유,일반우유,파스퇴르유기농우유,파스퇴르,125ML
15214,Training|Validation,유제품,우유,일반우유,푸르밀뼈가튼튼고칼슘저지방,푸르밀,900ML
15211,Training|Validation,유제품,우유,일반우유,심플러스국내산1등급원유로만든우유,홈플러스,900ML
55182,Training|Validation,유제품,우유,일반우유,홈플러스1A우유오리지널,홈플러스,200ML
55209,Training|Validation,유제품,우유,일반우유,홈플러스1A우유오리지널,홈플러스,1L
15129,Training|Validation,유제품,치즈,체다치즈,벨치즈코리아 끼리 그릭스타일 200G,기타,200G
55123,Training|Validation,유제품,치즈,체다치즈,남양드빈치체다슬라이스,남양유업,255G
45130,Training|Validation,유제품,치즈,체다치즈,동원)체다치즈 클래식612G,동원F&B,612G
45162,Training|Validation,유제품,치즈,체다치즈,동원)트리플 슬라이스360G,동원F&B,360G
66102,Training|Validation,유제품,치즈,체다치즈,동원F&B)뉴트리플랜모이스트루참치와닭고기,동원F&B,80G
66342,Training|Validation,유제품,치즈,체다치즈,동원에프앤비)1987체다치즈클래식12매입,동원F&B,12매입
70105,Training|Validation,유제품,치즈,체다치즈,르몽드체다치즈90G,르몽드체,90G
55127,Training|Validation,유제품,치즈,체다치즈,매일알라크림치즈라이트,매일유업,150G
45186,Training|Validation,유제품,치즈,체다치즈,매일유업)상하치즈체다슬라이스500G,매일유업,500G
35135,Training|Validation,유제품,치즈,체다치즈,매일유업)수제고다치즈상하농원100G,매일유업,100G
25158,Training|Validation,유제품,치즈,체다치즈,서울우유 오징어치즈36G,서울우유,36G
66341,Training|Validation,유제품,치즈,체다치즈,서울우유)서울체다슬라이스치즈900(25개),서울우유,25매입
35131,Training|Validation,유제품,치즈,체다치즈,서울우유)양팡치즈까요까요유기농73G,서울우유,73G
35128,Training|Validation,유제품,치즈,체다치즈,서울우유)쭈욱늘어나는체다치즈18매,서울우유,18매
45148,Training|Validation,유제품,치즈,체다치즈,서울우유)치다치즈(15매입)300G,서울우유,300G
45149,Training|Validation,유제품,치즈,체다치즈,서울우유)치다치즈(50매입)900G,서울우유,900G
15184,Training|Validation,유제품,치즈,체다치즈,서울우유)치즈큐빅84G,서울우유,84G
55122,Training|Validation,유제품,치즈,체다치즈,서울우유앙팡치즈까요까요,서울우유,72.5G
25196,Training|Validation,유제품,치즈,체다치즈,영홍식품)엘사보르나쵸앤딥치즈175G,영홍식품,175G
25244,Training|Validation,유제품,치즈,체다치즈,태광웰푸드)처음먹는칼슘츄러스치즈45.5G,태광웰푸드,45.5G
15343,Training|Validation,유제품,치즈,체다치즈,폰타나 파르마콰트로치즈 430G,폰타나,430G
55128,Training|Validation,유제품,치즈,크림치즈,알미체리페퍼위드스파이스크림치즈,기타,280G
35129,Training|Validation,유제품,치즈,크림치즈,프랑스)끼리크림치즈플레인108G,기타,108G
45124,Training|Validation,유제품,치즈,크림치즈,남양유업)A급품격의파르미지아노A에이치즈플레인40G,남양유업,40G
45216,Training|Validation,유제품,치즈,크림치즈,남양유업)에이치즈크림40G,남양유업,40G
45182,Training|Validation,유제품,치즈,크림치즈,매일유업)아리아네츄럴크림치즈150G,매일유업,150G
45181,Training|Validation,유제품,치즈,크림치즈,매일유업)아리아크림치즈-유크림120G,매일유업,120G
45185,Training|Validation,유제품,치즈,크림치즈,몬데레즈(호주)소프트필라델피아발라먹기좋은크림치즈 200G,몬데레즈,200G
45183,Training|Validation,유제품,치즈,크림치즈,몬데레즈(호주)소프트필라델피아발라먹기좋은크림치즈딸기200G,몬데레즈,200G
45184,Training|Validation,유제품,치즈,크림치즈,몬데레즈(호주)소프트필라델피아발라먹기좋은크림치즈마늘200G,몬데레즈,200G
65135,Training|Validation,유제품,치즈,크림치즈,벨치즈코리아끼리플레인,벨치즈코,200G
25155,Training|Validation,유제품,치즈,크림치즈,크래프트하인즈코리아 크래프트프리미엄크림치즈226G,크래프트하인즈코리아,226G
65202,Training|Validation,유제품,치즈,크림치즈,태광웰푸드처음먹는칼슘츄러스치즈,태광웰푸드,45.5G
65127,Training|Validation,유제품,치즈,크림치즈,화인에프앤드비서비스그릴드머쉬름위드크림치즈,화인바이오,280G
70051,Training|Validation,음료,탄산수,Flavor탄산수,광동야관문야왕500ML,광동제약,500ML
20020,Training|Validation,음료,탄산수,Flavor탄산수,동원디레몬톡500ML,동원F&B,500ML
80041,Training|Validation,음료,탄산수,Flavor탄산수,롯데)립톤아이스티복숭아500ML,롯데칠성음료,500ML
40025,Training|Validation,음료,탄산수,Flavor탄산수,롯데델몬트망고400ML,롯데칠성음료,400ML
70065,Training|Validation,음료,탄산수,Flavor탄산수,롯데델몬트콜드수박주스1L,롯데칠성음료,1L
20037,Training|Validation,음료,탄산수,Flavor탄산수,롯데마운틴듀400ML,롯데칠성음료,400ML
70043,Training|Validation,음료,탄산수,Flavor탄산수,롯데에비앙500ML,롯데칠성음료,500ML
80040,Training|Validation,음료,탄산수,Flavor탄산수,롯데트레비라임(PET)500ML,롯데칠성음료,500ML
75024,Training|Validation,음료,탄산수,Flavor탄산수,바로)산가리아라무네,바로인터내셔널,200ML
50024,Training|Validation,음료,탄산수,Flavor탄산수,바이오휘오제주500ML,바이오휘,500ML
25519,Training|Validation,음료,탄산수,Flavor탄산수,밸류플러스 아프리 200ML,밸류플러,200ML
90029,Training|Validation,음료,탄산수,Flavor탄산수,빙그레따옴백자몽포멜로235ML,빙그레,235ML
40231,Training|Validation,음료,탄산수,Flavor탄산수,빙그레아카페라가페라떼,빙그레,240ML
20241,Training|Validation,음료,탄산수,Flavor탄산수,빙그레쥬시쿨자두,빙그레,180ML
45500,Training|Validation,음료,탄산수,Flavor탄산수,삼양패키징)버터모카,삼양패키징,230ML
25518,Training|Validation,음료,탄산수,Flavor탄산수,에페브 유기농 로즈핑크스파클링 330ML,에페브,330ML
45498,Training|Validation,음료,탄산수,Flavor탄산수,오가닉집)캐스케이드스파클링레모네이드,오가닉,509ML
45499,Training|Validation,음료,탄산수,Flavor탄산수,오가닉집)캐스케이드스파클링오렌지망고에이드,오가닉,509ML
60013,Training|Validation,음료,탄산수,Flavor탄산수,오케이에프빅토리아플레인350ML,오케이에프,350ML
90018,Training|Validation,음료,탄산수,Flavor탄산수,웅진코코몽유기농하늘보리200ML,웅진식품,200ml
75023,Training|Validation,음료,탄산수,Flavor탄산수,일화초정공장)초정탄산레몬,일화초정공장,500ML
20036,Training|Validation,음료,탄산수,Flavor탄산수,코카씨그램라임450ML,코카콜라음료,450ML
40030,Training|Validation,음료,탄산수,Flavor탄산수,코카파워에이드MB240ML,코카콜라음료,240ML
35119,Training|Validation,음료,탄산수,Flavor탄산수,풀무원식품)아임리얼스트로베리190ML,풀무원식품,190ML
40047,Training|Validation,음료,탄산수,Flavor탄산수,해태)복숭아봉봉340ML,해태에이치티비,340ML
20021,Training|Validation,음료,탄산수,Flavor탄산수,해태갈배사이다500ML,해태에이치티비,500ML
35209,Training|Validation,음료,우유,가공우유,남양)채움오렌지210ML,남양유업,210ML
65068,Training|Validation,음료,우유,가공우유,남양아이꼬야이온케어120ML,남양유업,120ML
45752,Training|Validation,음료,우유,가공우유,농심)웰치포도주스오리지널,농심,1L
60042,Training|Validation,음료,우유,가공우유,롯데핫식스더킹펀치355ML,롯데칠성음료,355ML
55190,Training|Validation,음료,우유,가공우유,매일아몬드브리즈오리지널,매일유업,190ML
35208,Training|Validation,음료,우유,가공우유,매일유업)슬로우밀크180ML,매일유업,180ML
60054,Training|Validation,음료,우유,가공우유,웅진)홍삼꿀d100ml,웅진,100ML
35365,Training|Validation,음료,장류,간장,청정원순창초고추장,청정원,500G
35366,Training|Validation,음료,소스류,고추장,미성엠에스레몬,미성패밀리,1L
36007,Training|Validation,음료,차류,과실차,씨제이)쁘띠첼미초복숭아,씨제이제일제당,900ML
15620,Training|Validation,음료,과채음료,과일음료,돌코리아 오렌지팝 496ML,Dole 코리아,496ML
15621,Training|Validation,음료,과채음료,과일음료,돌코리아 파인애플팝 496ML,Dole 코리아,496ML
30009,Training|Validation,음료,과채음료,과일음료,OKF)레드스무디350ML,OKF,350ML
30008,Training|Validation,음료,과채음료,과일음료,OKF)옐로우스무디350ml,OKF,350ml
35710,Training|Validation,음료,과채음료,과일음료,건강한사람들)과일사이다딸기키위,건강한사람들,1L
35694,Training|Validation,음료,과채음료,과일음료,고구려통상)가토수박맛,고구려통상,320ML
50205,Training|Validation,음료,과채음료,과일음료,광동다복쌍화150ML,광동제약,150ML
80068,Training|Validation,음료,과채음료,과일음료,광동옥수수수염차1.5L,광동제약,1.5L
55738,Training|Validation,음료,과채음료,과일음료,광동제약)광동우롱차,광동제약,500ML
80065,Training|Validation,음료,과채음료,과일음료,광동탐라는제주감귤1.5L,광동제약,1.5L
50044,Training|Validation,음료,과채음료,과일음료,광동힘찬하루헛개차1.5L,광동제약,1.5L
30040,Training|Validation,음료,과채음료,과일음료,유어스)NEO키위스무디190ML,광동제약,190ML
45490,Training|Validation,음료,과채음료,과일음료,금강B&F)청춘전투자몽에꿀한스푼,금강B&F,240ML
15465,Training|Validation,음료,과채음료,과일음료,DIMES 석류착즙주스1000ML,기타,1000ML
15466,Training|Validation,음료,과채음료,과일음료,DIMES 타트체리착즙주스 1000ML,기타,1000ML
46121,Training|Validation,음료,과채음료,과일음료,롯데쇼핑)석류착즙주스,기타,1L
70033,Training|Validation,음료,과채음료,과일음료,오랑지나420ML,기타,420ML
45962,Training|Validation,음료,과채음료,과일음료,꽃샘식품)초이스허니세븐베리,꽃샘식품,500G
15123,Training|Validation,음료,과채음료,과일음료,남양 채움오렌지 730ML,남양유업,730ML
35130,Training|Validation,음료,과채음료,과일음료,남양)야채체움녹황190ML,남양유업,190ML
10081,Training|Validation,음료,과채음료,과일음료,남양엣홈오렌지1.5L,남양유업,1.5L
25186,Training|Validation,음료,과채음료,과일음료,남양유업)채움포도730ML,남양유업,730ML
35207,Training|Validation,음료,과채음료,과일음료,남양유업)초코에몽180ML,남양유업,180ML
40083,Training|Validation,음료,과채음료,과일음료,남양참옥수수수염차1.5L,남양유업,1.5L
60081,Training|Validation,음료,과채음료,과일음료,남양천연수2L,남양유업,2L
80033,Training|Validation,음료,과채음료,과일음료,남양천연수500ml,남양유업,500ml
55900,Training|Validation,음료,과채음료,과일음료,낫띵베럴)드링킷유기농팥물100ML,낫띵베럴,100ML
55899,Training|Validation,음료,과채음료,과일음료,낫띵베럴)이너주스자몽120ML,낫띵베럴,120ML
55898,Training|Validation,음료,과채음료,과일음료,낫띵베럴)이너주스푸룬120ML,낫띵베럴,120ML
40016,Training|Validation,음료,과채음료,과일음료,노칼비버리지)아리조나 아이스드 티 위드 레몬향340ml,노칼비버리지,340ML
25019,Training|Validation,음료,과채음료,과일음료,녹차원) ABC주스 480ML,녹차원,480ML
45753,Training|Validation,음료,과채음료,과일음료,농심)웰치사과주스오리지널,농심,1L
45754,Training|Validation,음료,과채음료,과일음료,농심)웰치청포도주스오리지널,농심,1L
15796,Training|Validation,음료,과채음료,과일음료,담터 울금500 100ML*2입 200ML,담터,200ML
55929,Training|Validation,음료,과채음료,과일음료,대웅생명과학)글램디4킬로칼로리곤약워터젤리자두맛,대웅생명과학,150G
45756,Training|Validation,음료,과채음료,과일음료,더케이홀딩스)망고혼합주스,더케이홀딩스,1L
45755,Training|Validation,음료,과채음료,과일음료,더케이홀딩스)쇼군오렌지주스,더케이홀딩스,1L
60070,Training|Validation,음료,과채음료,과일음료,델몬트망고1.5L,델몬트,1.5L
20252,Training|Validation,음료,과채음료,과일음료,델몬트콜드비타민플러스오렌지,델몬트,240ML
65747,Training|Validation,음료,과채음료,과일음료,델몬트파인애플드링크4개입190ML*4,델몬트,760ML
40079,Training|Validation,음료,과채음료,과일음료,델몬트팜&홈오렌지1.2,델몬트,1.2L
90030,Training|Validation,음료,과채음료,과일음료,동서)오션스프레이루비레드340ML,동서식품,340ML
55183,Training|Validation,음료,과채음료,과일음료,동서스타벅스카페라떼,동서식품,200ML
20151,Training|Validation,음료,과채음료,과일음료,맥심)티오페에스프레소,동서식품,275ML
70080,Training|Validation,음료,과채음료,과일음료,동아데미소다애플1.5L,동아오츠카,1.5L
90023,Training|Validation,음료,과채음료,과일음료,동아오로나민C120ML,동아오츠카,120ML
35697,Training|Validation,음료,과채음료,과일음료,동아오츠카)포카리스웨트이온워터,동아오츠카,500ML
30041,Training|Validation,음료,과채음료,과일음료,동아오츠카블랙빈티340ML,동아오츠카,340ML
50019,Training|Validation,음료,과채음료,과일음료,동아포카리스웨트(캔)340ML,동아오츠카,340ML
26042,Training|Validation,음료,과채음료,과일음료,동원 청미채옐로우200ML*3,동원F&B,600ML
90112,Training|Validation,음료,과채음료,과일음료,동원)꿀물175ML,동원F&B,175ML
20242,Training|Validation,음료,과채음료,과일음료,동원쿨피스,동원F&B,180ML
60201,Training|Validation,음료,과채음료,과일음료,동원쿨피스파인애플,동원F&B,450ML
46120,Training|Validation,음료,과채음료,과일음료,롯데쇼핑)포도착즙주스,롯데쇼핑,1L
30032,Training|Validation,음료,과채음료,과일음료,따뜻한허니레몬&배280ML,롯데제과,280ML
25793,Training|Validation,음료,과채음료,과일음료,롯데 미남은복분자를좋아해 1.5L,롯데제과,1.5L
50007,Training|Validation,음료,과채음료,과일음료,롯데현미참두유검은콩190ML,롯데제과,190ML
90031,Training|Validation,음료,과채음료,과일음료,롯데)데일리C레몬1000C+(병)140ML,롯데칠성음료,140ML
45399,Training|Validation,음료,과채음료,과일음료,롯데)델몬트ABC주스,롯데칠성음료,240ML
80056,Training|Validation,음료,과채음료,과일음료,롯데)델몬트듬뿍복숭아1.0L,롯데칠성음료,1.0L
10065,Training|Validation,음료,과채음료,과일음료,롯데)델몬트듬뿍사과1L,롯데칠성음료,1L
80006,Training|Validation,음료,과채음료,과일음료,롯데)델몬트본네이처망고200ML,롯데칠성음료,200ML
80005,Training|Validation,음료,과채음료,과일음료,롯데)델몬트자연맞춤그린오렌지200ML,롯데칠성음료,200ML
35418,Training|Validation,음료,과채음료,과일음료,롯데)델몬트콜드복숭아과즙100%,롯데칠성음료,1L
35419,Training|Validation,음료,과채음료,과일음료,롯데)델몬트콜드사과주스,롯데칠성음료,1L
20012,Training|Validation,음료,과채음료,과일음료,롯데)레쓰비190ml,롯데칠성음료,190ML
40048,Training|Validation,음료,과채음료,과일음료,롯데)레쓰비카페타임라떼240ML,롯데칠성음료,240ML
50059,Training|Validation,음료,과채음료,과일음료,롯데)롯데스카시플러스오렌지1.5L,롯데칠성음료,1.5L
90003,Training|Validation,음료,과채음료,과일음료,롯데)쌕쌕오렌지238ML,롯데칠성음료,238ML
60057,Training|Validation,음료,과채음료,과일음료,롯데)칸타타콘트라베이스블랙400ML,롯데칠성음료,400ML
40026,Training|Validation,음료,과채음료,과일음료,롯데)칸타타콘트라베이스콜드브루라떼500ML,롯데칠성음료,500ML
30024,Training|Validation,음료,과채음료,과일음료,롯데)칸타타프리미엄라떼175ML,롯데칠성음료,175ML
10023,Training|Validation,음료,과채음료,과일음료,롯데)콜드비타민플러스(포도)240ML,롯데칠성음료,240ML
10062,Training|Validation,음료,과채음료,과일음료,롯데)파머스주스바오렌지1L,롯데칠성음료,1L
35519,Training|Validation,음료,과채음료,과일음료,롯데)펩시160ML,롯데칠성음료,12캔
40045,Training|Validation,음료,과채음료,과일음료,롯데게토레이240ML,롯데칠성음료,240ML
40086,Training|Validation,음료,과채음료,과일음료,롯데델몬트망고1.8L,롯데칠성음료,1.8L
60036,Training|Validation,음료,과채음료,과일음료,롯데델몬트망고240ML,롯데칠성음료,240ML
50042,Training|Validation,음료,과채음료,과일음료,롯데델몬트오렌지100 1.8L,롯데칠성음료,1.8L
80062,Training|Validation,음료,과채음료,과일음료,롯데델몬트오리지널매실1.5L,롯데칠성음료,1.5L
60062,Training|Validation,음료,과채음료,과일음료,롯데델몬트오리지널알로에1.5L,롯데칠성음료,1.5L
90065,Training|Validation,음료,과채음료,과일음료,롯데델몬트콜드오렌지과즙100%,롯데칠성음료,1L
70066,Training|Validation,음료,과채음료,과일음료,롯데델몬트콜드포도과즙100%1L,롯데칠성음료,1L
66302,Training|Validation,음료,과채음료,과일음료,롯데델몬트파인애플드링크190ML,롯데칠성음료,190ML
80014,Training|Validation,음료,과채음료,과일음료,롯데레쓰비마일드커피240ML,롯데칠성음료,240ML
30017,Training|Validation,음료,과채음료,과일음료,롯데밀키스250ML,롯데칠성음료,250ML
20057,Training|Validation,음료,과채음료,과일음료,롯데볼빅500ML,롯데칠성음료,500ML
50005,Training|Validation,음료,과채음료,과일음료,롯데비타파워100ml,롯데칠성음료,100ML
40005,Training|Validation,음료,과채음료,과일음료,롯데비타파워180ml,롯데칠성음료,180ML
60011,Training|Validation,음료,과채음료,과일음료,롯데사각사각수박(캔)340ML,롯데칠성음료,340ML
40043,Training|Validation,음료,과채음료,과일음료,롯데실론티240ML,롯데칠성음료,240ML
50016,Training|Validation,음료,과채음료,과일음료,롯데쌕쌕제주감귤캔180ML,롯데칠성음료,180ML
80002,Training|Validation,음료,과채음료,과일음료,롯데유기농야채과일100 250ML,롯데칠성음료,250ML
80038,Training|Validation,음료,과채음료,과일음료,롯데이프로부족할때복숭아500ML,롯데칠성음료,500ML
20089,Training|Validation,음료,과채음료,과일음료,롯데제주사랑감귤사랑1.2L,롯데칠성음료,1.2L
50039,Training|Validation,음료,과채음료,과일음료,롯데제주사랑감귤사랑1.8L,롯데칠성음료,1.8L
30053,Training|Validation,음료,과채음료,과일음료,롯데칠성사이다1.5L,롯데칠성음료,1.5L
80010,Training|Validation,음료,과채음료,과일음료,롯데칠성사이다190ML,롯데칠성음료,190ML
60001,Training|Validation,음료,과채음료,과일음료,롯데칠성사이다로어슈거250ml,롯데칠성음료,250ML
70072,Training|Validation,음료,과채음료,과일음료,롯데칸타타아이스헤이즐넛향230ML,롯데칠성음료,230ML
40038,Training|Validation,음료,과채음료,과일음료,롯데칸타타프리미엄라떼275ML,롯데칠성음료,275ML
40065,Training|Validation,음료,과채음료,과일음료,롯데트레비플레인(CAN)190ML,롯데칠성음료,190ML
40072,Training|Validation,음료,과채음료,과일음료,롯데트레비플레인(PET)1.2L,롯데칠성음료,1.2L
60015,Training|Validation,음료,과채음료,과일음료,롯데트로피카나스파클링망고355ML,롯데칠성음료,355ML
50001,Training|Validation,음료,과채음료,과일음료,롯데트로피카나스파클링파인애플355ML,롯데칠성음료,355ML
70075,Training|Validation,음료,과채음료,과일음료,롯데트로피카나스파클링포도1.5L,롯데칠성음료,355ML
80004,Training|Validation,음료,과채음료,과일음료,롯데트로피카나퓨어주스오렌지100%190ML,롯데칠성음료,190ML
20025,Training|Validation,음료,과채음료,과일음료,롯데펩시스트롱400ML,롯데칠성음료,400ML
80160,Training|Validation,음료,과채음료,과일음료,롯데펩시콜라1.5L,롯데칠성음료,1.5L
50010,Training|Validation,음료,과채음료,과일음료,롯데핑크퐁키즈홍삼(포도야채)100ML,롯데칠성음료,100ML
30010,Training|Validation,음료,과채음료,과일음료,롯데핫식스355ML,롯데칠성음료,355ML
70070,Training|Validation,음료,과채음료,과일음료,립톤파우치230ML,롯데칠성음료,230ML
90008,Training|Validation,음료,과채음료,과일음료,칸타타콜드브루블랙275ML,롯데칠성음료,275ML
80007,Training|Validation,음료,과채음료,과일음료,롯데푸드)오가닉유기농레드비트&배&토마토125ML,롯데푸드,125ML
35695,Training|Validation,음료,과채음료,과일음료,리엘산업)코코리치위드나타드코코,리엘산업,320ML
35696,Training|Validation,음료,과채음료,과일음료,리엘산업)코코망고위드나타드코코,리엘산업,320ML
60206,Training|Validation,음료,과채음료,과일음료,매일썬업과일야채샐러드녹황,매일유업,190ML
45134,Training|Validation,음료,과채음료,과일음료,매일유업)매일 썬업 오렌지 100% 200ML,매일유업,200ML
15183,Training|Validation,음료,과채음료,과일음료,매일유업)썬업(사과)200ML,매일유업,200ML
60071,Training|Validation,음료,과채음료,과일음료,미닛메이드토마토1.5L,미닛메이드,1.5L
50003,Training|Validation,음료,과채음료,과일음료,바리스타룰스)콜드브루블랙325ML,바리스타룰스,325ML
90099,Training|Validation,음료,과채음료,과일음료,바이오포트코리아블루레몬에이드(파우치)340ML,바이오포,340ML
65682,Training|Validation,음료,과채음료,과일음료,베베쿡처음먹는배도라지,베베쿡,100ML
15337,Training|Validation,음료,과채음료,과일음료,분다버그 레몬 라임앤비터스 375ML,분다버그,375ML
80057,Training|Validation,음료,과채음료,과일음료,비락식혜1.2L,비락식혜,1.2L
66005,Training|Validation,음료,과채음료,과일음료,비에이치델리)이로하스화이트피치500ML,비에이치델리,555ML
60012,Training|Validation,음료,과채음료,과일음료,빅토리아(레몬)350ML,빅토리아,350ML
80023,Training|Validation,음료,과채음료,과일음료,빙그레따옴천혜향한라봉청귤235ML,빙그레,235ML
90233,Training|Validation,음료,과채음료,과일음료,빙그레아카페라사이즈업까페라떼,빙그레,350ML
50186,Training|Validation,음료,과채음료,과일음료,빙그레아카페라사이즈업아메리카노,빙그레,350ML
80190,Training|Validation,음료,과채음료,과일음료,빙그레아카펠라바닐라라떼,빙그레,240ML
35685,Training|Validation,음료,과채음료,과일음료,삼양패키징)맥심TOP심플리스무스로스티라떼,삼양패키징,360ML
40222,Training|Validation,음료,과채음료,과일음료,서울에프앤비)시로앤마로카라멜마끼아또300ml,서울에프앤비,300ml
25154,Training|Validation,음료,과채음료,과일음료,서울에프엔 아침에주스블랙라벨ABC주스750ML,서울에프앤비,750ML
25189,Training|Validation,음료,과채음료,과일음료,서울에프엔비)아침에주스 사과950ML,서울에프엔비,950ML
40236,Training|Validation,음료,과채음료,과일음료,서울에프엔비쥬시쿨금귤&감귤에이드,서울에프엔비,250ML
40235,Training|Validation,음료,과채음료,과일음료,서울에프엔비쥬시쿨청포도에이드,서울에프엔비,250ML
15127,Training|Validation,음료,과채음료,과일음료,서울우유 아침에주스사과 210ML,서울우유,210ML
15124,Training|Validation,음료,과채음료,과일음료,서울우유 아침에주스자몽 950ML,서울우유,950ML
90232,Training|Validation,음료,과채음료,과일음료,서울우유아침에주스오렌지,서울우유,210ML
55126,Training|Validation,음료,과채음료,과일음료,서울우유아침에주스제주감귤,서울우유,210ML
80022,Training|Validation,음료,과채음료,과일음료,서울아침에주스자몽210ML,서울우유협동조합,210ML
55112,Training|Validation,음료,과채음료,과일음료,아침에주스제주감귤,서울우유협동조합,950ML
20244,Training|Validation,음료,과채음료,과일음료,스위트몬스터워터젤리청포도,스위트몬,310ML
40119,Training|Validation,음료,과채음료,과일음료,스윗카페)아이스블루베리230ML(파우치),스윗카페,230ML
90097,Training|Validation,음료,과채음료,과일음료,스윗카페아이스사과(파우치)230ML,스윗카페,230ML
55902,Training|Validation,음료,과채음료,과일음료,씨제이올리브영)그대로착즙한석류100ML,씨제이올리브영,100ML
66007,Training|Validation,음료,과채음료,과일음료,씨제이올리브영)올리브영워터스파클링자몽350ML,씨제이올리브영,350ML
50029,Training|Validation,음료,과채음료,과일음료,컨디션CEO150ML,씨제이헬스케어,150ML
55836,Training|Validation,음료,과채음료,과일음료,예은상사)퀵블라스트체리향(소화기모양),예은상사,57G
70100,Training|Validation,음료,과채음료,과일음료,오케이에프)골드키위500ML,오케이에프,500ML
70101,Training|Validation,음료,과채음료,과일음료,오케이에프)아쿠아이온밸런스500ML,오케이에프,500ML
40080,Training|Validation,음료,과채음료,과일음료,웅진)아침에제주감귤자연은1.5L,웅진,1.5L
60074,Training|Validation,음료,과채음료,과일음료,가야당근농장1.5L,웅진식품,1.5L
50009,Training|Validation,음료,과채음료,과일음료,가야배농장180ML(병),웅진식품,180ML
10083,Training|Validation,음료,과채음료,과일음료,가야복숭아농장1.5L,웅진식품,1.5L
10021,Training|Validation,음료,과채음료,과일음료,가야토마토농장180ML,웅진식품,180ML
10073,Training|Validation,음료,과채음료,과일음료,웅진가야농장제주감귤농장1.5L,웅진식품,1.5L
80050,Training|Validation,음료,과채음료,과일음료,웅진가야농장파인애플1L,웅진식품,1L
10084,Training|Validation,음료,과채음료,과일음료,웅진고칼슘오렌지1.5L,웅진식품,1.5L
10035,Training|Validation,음료,과채음료,과일음료,웅진내사랑사과180ML,웅진식품,180ML
90026,Training|Validation,음료,과채음료,과일음료,웅진내사랑알로에180ML,웅진식품,180ML
80064,Training|Validation,음료,과채음료,과일음료,웅진요거풋풋사과1.5L,웅진식품,1.5L
10085,Training|Validation,음료,과채음료,과일음료,웅진자연은내사랑감귤1.5L,웅진식품,1.5L
50060,Training|Validation,음료,과채음료,과일음료,웅진자연은내사랑토마토1.5L,웅진식품,1.5L
80070,Training|Validation,음료,과채음료,과일음료,웅진자연은사과1.5L,웅진식품,1.5L
80066,Training|Validation,음료,과채음료,과일음료,웅진자연은석류1.5L,웅진식품,1.5L
80063,Training|Validation,음료,과채음료,과일음료,웅진자연은요거상큼복숭아1.5L,웅진식품,1.5L
80067,Training|Validation,음료,과채음료,과일음료,웅진자연은포도1001.5L,웅진식품,1.5L
10004,Training|Validation,음료,과채음료,과일음료,웅진초록꿀매실180ML,웅진식품,180ML
30189,Training|Validation,음료,과채음료,과일음료,웅진하늘보리1.5L,웅진식품,1.5L
30007,Training|Validation,음료,과채음료,과일음료,웰그린애플망고340ML,웰그린,340ML
90035,Training|Validation,음료,과채음료,과일음료,웰치사과주스100%1L,웰치스,1L
45927,Training|Validation,음료,과채음료,과일음료,웰팜)클렌즈스무디퍼플,웰팜,145ML
75032,Training|Validation,음료,과채음료,과일음료,이마트 파리콜라제로 330ML,이마트,330ML
25788,Training|Validation,음료,과채음료,과일음료,이마트 후버오렌지주스1L,이마트,1L
35709,Training|Validation,음료,과채음료,과일음료,이마트)아로니아주스,이마트,500ML
25789,Training|Validation,음료,과채음료,과일음료,인터비앤에프 비타코코코코넛워터오리지널1000ML,인터비앤에프,1000ML
66153,Training|Validation,음료,과채음료,과일음료,일동후디스)키요출동슈퍼윙스딸기,일동후디스,235ML
30044,Training|Validation,음료,과채음료,과일음료,맥콜355ML,일화,355ML
70078,Training|Validation,음료,과채음료,과일음료,일화)맥콜1.5L,일화,1.5L
55709,Training|Validation,음료,과채음료,과일음료,일화초정탄산라임,일화,350ML
50032,Training|Validation,음료,과채음료,과일음료,일화초정탄산수1.5L,일화,1.5L
70064,Training|Validation,음료,과채음료,과일음료,일화초정공장)초정탄산자몽500ML,일화초정공장,500ML
20090,Training|Validation,음료,과채음료,과일음료,일화초정공장)탑씨콜라1.5L,일화초정공장,1.5L
25794,Training|Validation,음료,과채음료,과일음료,자임에프앤비 안녕자두야NFC사과주스100ML,자임에프앤비,100ML
80026,Training|Validation,음료,과채음료,과일음료,레몬녹차340ML,지디앤와이,340ML
80052,Training|Validation,음료,과채음료,과일음료,지에스리테일썬키스트후레시포도1L,지에스,1L
25312,Training|Validation,음료,과채음료,과일음료,청정원 홍초 풋사과 900ML,청정원,900ML
25939,Training|Validation,음료,과채음료,과일음료,롯데쇼핑 초이스엘청포도음료초500ML,초이스엘,500ML
40118,Training|Validation,음료,과채음료,과일음료,카페모아)자두에이드340ML(파우치),카페모아,340ML
90098,Training|Validation,음료,과채음료,과일음료,카페모어복숭아아이스티(파우치)230ML,카페모아,230ML
90100,Training|Validation,음료,과채음료,과일음료,카페모어블루캔디소다맛(파우치)230ML,카페모아,230ML
65767,Training|Validation,음료,과채음료,과일음료,코아바이오유기농클렌즈콤뷰차부티,코아바이오,315ML
40087,Training|Validation,음료,과채음료,과일음료,코카콜라)미닛메이드제주감귤1.5L,코카콜라,1.5L
50050,Training|Validation,음료,과채음료,과일음료,코카콜라)파워에이드1.5L,코카콜라,1.5L
10087,Training|Validation,음료,과채음료,과일음료,미닛메이드오리지널오렌지1.5L,코카콜라음료,1.5L
50082,Training|Validation,음료,과채음료,과일음료,조지아아이스블랙(파우치)230ML,코카콜라음료,230ML
20154,Training|Validation,음료,과채음료,과일음료,조지아오리지날350ML,코카콜라음료,350ML
60067,Training|Validation,음료,과채음료,과일음료,코카)미닛메이드식이섬유사과&크랜베리1.2L,코카콜라음료,1.2L
10074,Training|Validation,음료,과채음료,과일음료,코카)미닛메이드오렌지1.5L,코카콜라음료,1.5L
60063,Training|Validation,음료,과채음료,과일음료,코카)미닛메이드오렌지1.8L,코카콜라음료,1.8L
90004,Training|Validation,음료,과채음료,과일음료,코카)환타레몬355ML,코카콜라음료,355ML
60073,Training|Validation,음료,과채음료,과일음료,코카미닛메이드홈스타일오렌지1.2L,코카콜라음료,1.2L
50038,Training|Validation,음료,과채음료,과일음료,코카미닛제주감귤1.5L,코카콜라음료,1.5L
80168,Training|Validation,음료,과채음료,과일음료,코카스프라이트1.5L,코카콜라음료,1.5L
30013,Training|Validation,음료,과채음료,과일음료,코카콜라)고티카콜드브루카페라떼265ML,코카콜라음료,265ML
50043,Training|Validation,음료,과채음료,과일음료,코카콜라)미닛메이드포도1.2L,코카콜라음료,1.2L
20096,Training|Validation,음료,과채음료,과일음료,코카콜라1.25L,코카콜라음료,1.25L
50026,Training|Validation,음료,과채음료,과일음료,코카콜라190ML,코카콜라음료,190ML
30033,Training|Validation,음료,과채음료,과일음료,코카콜라250ML,코카콜라음료,250ML
60068,Training|Validation,음료,과채음료,과일음료,코카콜라2L,코카콜라음료,2L
60060,Training|Validation,음료,과채음료,과일음료,코카콜라단짠커피240ML,코카콜라음료,240ML
20030,Training|Validation,음료,과채음료,과일음료,코카콜라피치(복숭아)390ML,코카콜라음료,390ML
60064,Training|Validation,음료,과채음료,과일음료,코카킨사이다1.5L,코카콜라음료,1.5L
50040,Training|Validation,음료,과채음료,과일음료,코카태양의마테차1.5L,코카콜라음료,1.5L
70035,Training|Validation,음료,과채음료,과일음료,코카태양의마테차500ML,코카콜라음료,500ML
50017,Training|Validation,음료,과채음료,과일음료,코카파워에이드MB355ML,코카콜라음료,355ML
80024,Training|Validation,음료,과채음료,과일음료,코카환타오렌지미니300ML,코카콜라음료,300ML
60037,Training|Validation,음료,과채음료,과일음료,코카환타파인애플250ML,코카콜라음료,250ML
30023,Training|Validation,음료,과채음료,과일음료,코코팜포도238ML,코코팜,238ML
65201,Training|Validation,음료,과채음료,과일음료,태광웰푸드처음먹는칼슘츄러스야채,태광웰푸드,45.5G
70211,Training|Validation,음료,과채음료,과일음료,파스퇴르야채농장,파스퇴르,190ML
90106,Training|Validation,음료,과채음료,과일음료,팔도)귀여운내친구뽀로로(블루베리)235ML,팔도,235ML
45415,Training|Validation,음료,과채음료,과일음료,푸드웰)곤약젤리스위트아메리카노,푸드웰,150G
70067,Training|Validation,음료,과채음료,과일음료,푸드웰레몬비타1000+150ML,푸드웰,150ML
35124,Training|Validation,음료,과채음료,과일음료,푸르밀)달고나라떼250ML,푸르밀,250ML
25131,Training|Validation,음료,과채음료,과일음료,풀무원 아임리얼순수착즙오렌지700ML,풀무원,700ML
45129,Training|Validation,음료,과채음료,과일음료,풀무원)아임유어레몬에이드700ml,풀무원,700ml
45126,Training|Validation,음료,과채음료,과일음료,풀무원)풀무원아임그린보리새싹150ML,풀무원,150ML
15146,Training|Validation,음료,과채음료,과일음료,풀무원녹즙 아임리얼 스트로베리 700ML,풀무원,700ML
25190,Training|Validation,음료,과채음료,과일음료,풀무원식품)아임리얼 토마토700ML,풀무원,700ML
35120,Training|Validation,음료,과채음료,과일음료,풀무원식품)아임리얼순수착즙오렌지190ML,풀무원,190ML
35121,Training|Validation,음료,과채음료,과일음료,풀무원식품)아임리얼스무디아이스트로베리190ML,풀무원,190ML
55116,Training|Validation,음료,과채음료,과일음료,풀무원아임그린,풀무원,150ML
55125,Training|Validation,음료,과채음료,과일음료,풀무원아임그린민트,풀무원,150ML
15125,Training|Validation,음료,과채음료,과일음료,풀무원아임리얼 케일키위 700ML,풀무원,700ML
25188,Training|Validation,음료,과채음료,과일음료,풀무원식품)아임프룻 제주한라봉감귤800ML,풀무원식품,800ML
35122,Training|Validation,음료,과채음료,과일음료,풀무원식품)아임프룻청송사과215ML,풀무원식품,215ML
35123,Training|Validation,음료,과채음료,과일음료,풀무원식품)아임프유어레몬에이드270ML,풀무원식품,270ML
46096,Training|Validation,음료,과채음료,과일음료,프레쉬벨)파파주스배도라지,프레쉬벨,100ML
90096,Training|Validation,음료,과채음료,과일음료,아이스톡피치베라에이드(파우치)230ML,프로엠홀딩스,230ML
55903,Training|Validation,음료,과채음료,과일음료,플라노그램)밀라이트브이차100ML,플라노그램,100ML
25877,Training|Validation,음료,과채음료,과일음료,한국뉴초이스푸드 아쌈밀크티300ML,한국뉴초이스푸드,300ML
45136,Training|Validation,음료,과채음료,과일음료,한국야쿠르트)하루야채 퍼플200ML,한국야쿠르트,200ML
35169,Training|Validation,음료,과채음료,과일음료,한국야쿠르트)하루야채타요400ML,한국야쿠르트,400ML
80032,Training|Validation,음료,과채음료,과일음료,랭거스사과449ML,한국쥬맥스,499ML
20029,Training|Validation,음료,과채음료,과일음료,랭거스자몽449ML,한국쥬맥스,449ML
10071,Training|Validation,음료,과채음료,과일음료,루비키스트루비레드자몽1.89L,한국쥬맥스,1.89L
40107,Training|Validation,음료,과채음료,과일음료,웰바질시드드링크리치290ML,한국쥬맥스,290ML
35422,Training|Validation,음료,과채음료,과일음료,한국쥬맥스)랭거스사과주스,한국쥬맥스,1.89L
45398,Training|Validation,음료,과채음료,과일음료,한국쥬맥스)모구모구리치맛,한국쥬맥스,320ML
66343,Training|Validation,음료,과채음료,과일음료,함소아제약삐뽀삐뽀매실담은유자100ML,함소아제약,100ML
40042,Training|Validation,음료,과채음료,과일음료,해태)썬키스트훼미리포도180ML,해태,180ML
20028,Training|Validation,음료,과채음료,과일음료,해태)아침에사과500ML,해태,500ML
80012,Training|Validation,음료,과채음료,과일음료,해태)코코팜화이트요구르트240,해태,240ML
80035,Training|Validation,음료,과채음료,과일음료,해태)태양의식후비법W차500ML,해태,500ML
40085,Training|Validation,음료,과채음료,과일음료,해태과일촌아침에망고1.5L,해태,1.5L
30006,Training|Validation,음료,과채음료,과일음료,해태썬키스트망고바나나300ML,해태,300ml
80055,Training|Validation,음료,과채음료,과일음료,해태)갈아만든배1L,해태에이치티비,1L
40057,Training|Validation,음료,과채음료,과일음료,해태)코코팜복숭아300ML,해태에이치티비,300ML
80054,Training|Validation,음료,과채음료,과일음료,해태)코코팜포도1L,해태에이치티비,1L
80053,Training|Validation,음료,과채음료,과일음료,해태)코코팜피치핑크복숭아1L,해태에이치티비,1L
10137,Training|Validation,음료,과채음료,과일음료,해태갈아만든배238ML,해태에이치티비,238ML
40058,Training|Validation,음료,과채음료,과일음료,해태강원평창수500ML,해태에이치티비,500ML
10122,Training|Validation,음료,과채음료,과일음료,해태레몬에이드350ML,해태에이치티비,350ML
10024,Training|Validation,음료,과채음료,과일음료,해태썬키스트망고바나나220ML,해태에이치티비,220ML
50058,Training|Validation,음료,과채음료,과일음료,해태아침에사과한개1.5L,해태에이치티비,1.5L
10086,Training|Validation,음료,과채음료,과일음료,해태후레쉬포도50%1.5L,해태에이치티비,1.5L
50046,Training|Validation,음료,과채음료,과일음료,써니텐 파인애플향 1.5L,해태음료,1.5L
10079,Training|Validation,음료,과채음료,과일음료,썬키스트머스캣1.5L,해태음료,1.5L
80020,Training|Validation,음료,과채음료,과일음료,썬키스트샤인온더비치340ML,해태음료,340ML
80051,Training|Validation,음료,과채음료,과일음료,썬키스트후레쉬제주감귤1L,해태음료,1L
10089,Training|Validation,음료,과채음료,과일음료,썬키스트훼미리망고2L,해태음료,2L
90007,Training|Validation,음료,과채음료,과일음료,썬키스트훼미리사과180ML,해태음료,180ML
10007,Training|Validation,음료,과채음료,과일음료,썬키스트훼미리오렌지180ML,해태음료,180ML
10090,Training|Validation,음료,과채음료,과일음료,썬키스트훼미리제주감귤2L,해태음료,2L
90040,Training|Validation,음료,과채음료,과일음료,해태)써니텐오렌지향250ML,해태음료,250ML
35359,Training|Validation,음료,과채음료,과일음료,홈플러스심플러스스파클링자몽,홈플러스,1.5L
35990,Training|Validation,음료,과채음료,과일음료,휴럼)휴럼데이스틱석류,휴럼,180G
50070,Training|Validation,음료,과채음료,과채혼합음료,CJ인삼한뿌리120ML,CJ제일제당,120ML
25159,Training|Validation,음료,과채음료,과채혼합음료,남양 야채채움퍼플190ML,남양유업,190ML
65011,Training|Validation,음료,과채음료,과채혼합음료,남양 진하게 타먹는 초코에몽 30G 10T,남양유업,30G
65972,Training|Validation,음료,과채음료,과채혼합음료,낫띵베럴)드링킷유기농호박즙100ML,낫띵베럴,100ML
25070,Training|Validation,음료,과채음료,과채혼합음료,네슬레 허니에이드 600G,네슬레코리아,600G
55189,Training|Validation,음료,과채음료,과채혼합음료,네슬레네스퀵초콜릿만드링크,네슬레코리아,180ML
25791,Training|Validation,음료,과채음료,과채혼합음료,더케어홀딩스 팁코코코넛워터혼합주스1000ML,더케이홀딩스,1000ML
80009,Training|Validation,음료,과채음료,과채혼합음료,델몬트 본네이처 사과 200M,델몬트,200M
10126,Training|Validation,음료,과채음료,과채혼합음료,델몬트허니애플시나몬280ML,델몬트,280ML
25792,Training|Validation,음료,과채음료,과채혼합음료,동서 오션스프레이크랜베리클래식1.5L,동서식품,1.5L
55186,Training|Validation,음료,과채음료,과채혼합음료,동원청미채20가지과일채소옐로,동원F&B,200ML
66301,Training|Validation,음료,과채음료,과채혼합음료,롯데델몬트오렌지드링크190ML,롯데칠성음료,190ML
80003,Training|Validation,음료,과채음료,과채혼합음료,롯데트로피카나퓨어주스사과190ML,롯데칠성음료,190ML
60210,Training|Validation,음료,과채음료,과채혼합음료,매일썬업과일야채샐러드레드,매일유업,190ML
70217,Training|Validation,음료,과채음료,과채혼합음료,매일썬업과일야채샐러드퍼플,매일유업,120ML
70213,Training|Validation,음료,과채음료,과채혼합음료,매일썬업저과즙콜라겐플랜,매일유업,300ML
55207,Training|Validation,음료,과채음료,과채혼합음료,매일아몬드브리즈언스위트(무당),매일유업,950ML
15145,Training|Validation,음료,과채음료,과채혼합음료,매일유업 썬업 과일야채 샐러드200ML,매일유업,200ML
15137,Training|Validation,음료,과채음료,과채혼합음료,매일유업 썬업 저과즙콜라겐플랜 330ML,매일유업,330ML
45127,Training|Validation,음료,과채음료,과채혼합음료,매일유업)썬업과일야채샐러드레드200ML,매일유업,200ML
45209,Training|Validation,음료,과채음료,과채혼합음료,매일유업)아메리카노싱글오리진코스타리카330ML,매일유업,330ML
25185,Training|Validation,음료,과채음료,과채혼합음료,매일유업)플로리다 내추럴 오렌지750ML,매일유업,750ML
60207,Training|Validation,음료,과채음료,과채혼합음료,오프룻딸기&알로에,빙그레,180ML
35157,Training|Validation,음료,과채음료,과채혼합음료,서울우유)아침에주스포도950ML,서울우유,950ML
65349,Training|Validation,음료,과채음료,과채혼합음료,영남코프레이션레이지레몬주스(노란통),영남코프레이션,200ML
65971,Training|Validation,음료,과채음료,과채혼합음료,웰팜)호재준ABC주스(사과당근비트)100ML,웰팜,100ML
25521,Training|Validation,음료,과채음료,과채혼합음료,위스트 모구모구 파인애플맛 320ML,위스트,320ML
45400,Training|Validation,음료,과채음료,과채혼합음료,이콤)황성주약콩두유,이콤,190ML
45414,Training|Validation,음료,과채음료,과채혼합음료,자임)NFC착즙주스100%석류,자임에프앤비,150ML
45413,Training|Validation,음료,과채음료,과채혼합음료,자임)물한방울넣지않은배&도라지,자임에프앤비,120ML
40117,Training|Validation,음료,과채음료,과채혼합음료,카페모아)복숭아아이스티230ML(파우치),카페모아,230ML
70212,Training|Validation,음료,과채음료,과채혼합음료,파스퇴르야채농장ABC,파스퇴르,330ML
80008,Training|Validation,음료,과채음료,과채혼합음료,파스퇴르오가닉유기농사과&당근125ML,파스퇴르,125ML
70218,Training|Validation,음료,과채음료,과채혼합음료,팔도뽀로로워터젤리복숭아,팔도,100ML
45128,Training|Validation,음료,과채음료,과채혼합음료,풀무원)아임프릇제주한라봉감귤215ML,풀무원,215ML
55121,Training|Validation,음료,과채음료,과채혼합음료,풀무원아임프룻청송사과,풀무원,800ML
35688,Training|Validation,음료,과채음료,과채혼합음료,한국음료)조지아고티카빈티지라떼,한국음료,390ML
40035,Training|Validation,음료,맥주,국산맥주,롯데잔치집식혜240ml,롯데칠성음료,240ML
45401,Training|Validation,음료,두유,기능성두유,롯데쇼핑)콜라,기타,350ML
55202,Training|Validation,음료,우유,기능성우유,남양채움포도,남양유업,210ML
55474,Training|Validation,음료,우유,기능성우유,롯데칠성사이다6캔,롯데칠성음료,960ML
55388,Training|Validation,음료,우유,기능성우유,샘표백년동안흑초복분자,샘표식품,900ML
45405,Training|Validation,음료,기타,기타,롯데쇼핑)스트로베리히비스커스로즈힙,기타,30G
90055,Training|Validation,음료,기능성음료,기타,롯데칸타타아이스아메리카노190ML,롯데칠성음료,190ML
45404,Training|Validation,음료,기타,기타,롯데쇼핑)캐모마일애플,캐모마일,30G
25324,Training|Validation,음료,기능성음료,기타기능성음료,갈바니나 스파클링 레몬에이드 355ML,갈바니나,355ML
65974,Training|Validation,음료,기능성음료,기타기능성음료,건강마을)세리박스곤약젤리청포도마시는곤약젤리,건강마을,150G
A40036,Training|Validation,음료,기능성음료,기타기능성음료,(주)두리두리퀘이커마시는오트밀오트&그레인,기타,50g
26023,Training|Validation,음료,기능성음료,기타기능성음료,롯데쇼핑 파인애플착즙주스700ML,기타,700ML
56102,Training|Validation,음료,기능성음료,기타기능성음료,롯데쇼핑)물한방울넣지않은사과착즙주스,기타,1L
35699,Training|Validation,음료,기능성음료,기타기능성음료,농심)파워오투아이스베리향,농심,500ML
55930,Training|Validation,음료,기능성음료,기타기능성음료,대웅생명과학)글램디4킬로칼로리곤약워터젤리복숭아맛,대웅생명과학,150G
70204,Training|Validation,음료,기능성음료,기타기능성음료,롯데델몬트사과드링크4입190ml,롯데칠성음료,190ml
66300,Training|Validation,음료,기능성음료,기타기능성음료,매일상하목장유기농주스사과오렌지케일125ml,매일유업,125ML
35203,Training|Validation,음료,기능성음료,기타기능성음료,매일유업)바리스타룰스플라넬드립라떼325ML,매일유업,325ML
35706,Training|Validation,음료,기능성음료,기타기능성음료,비에이치델리)오후의홍차,비에이치델리,500ML
35854,Training|Validation,음료,기능성음료,기타기능성음료,삼양패키징)프로틴에이드포도맛,삼양패키징,320ML
25880,Training|Validation,음료,기능성음료,기타기능성음료,서울에프앤비 마이밀비핏오트초코190ML,서울에프앤비,190ML
35858,Training|Validation,음료,기능성음료,기타기능성음료,서울에프엔비)마시는식사마일드라떼,서울에프엔비,350ML
35857,Training|Validation,음료,기능성음료,기타기능성음료,서울에프엔비)마시는식사마일드카카오,서울에프엔비,350ML
25875,Training|Validation,음료,기능성음료,기타기능성음료,소울네이처푸드 세리박스레몬프로젝트110G,소울네이,110G
25909,Training|Validation,음료,기능성음료,기타기능성음료,씨제이올리브영 그대로착즙한사과100ML,씨제이올리브영,100ML
66009,Training|Validation,음료,기능성음료,기타기능성음료,씨제이제일제당)미초상쾌한푸룬,씨제이제일제당,200ML
55901,Training|Validation,음료,기능성음료,기타기능성음료,씨제이제일제당)쁘띠첼워터젤리자몽130ML,씨제이제일제당,130ML
35855,Training|Validation,음료,기능성음료,기타기능성음료,에이플네이처)퍼펙트파워쉐이크바닐라향,에이플네이처,275ML
35856,Training|Validation,음료,기능성음료,기타기능성음료,에이플네이처)퍼펙트파워쉐이크초코바나나맛,에이플네이처,275ML
40001,Training|Validation,음료,기능성음료,기타기능성음료,일화) 미콜 250ml,일화,250ML
25314,Training|Validation,음료,기능성음료,기타기능성음료,청정원 홍초 복분자 900ML,청정원,900ML
25313,Training|Validation,음료,기능성음료,기타기능성음료,청정원 홍초 석류 900ML,청정원,900ML
25940,Training|Validation,음료,기능성음료,기타기능성음료,롯데쇼핑 초이스엘석류음료초500ML,초이스엘,500ML
25470,Training|Validation,음료,기능성음료,기타기능성음료,코카)아데스아몬드오리지널 190ML,코카콜라음료,190ML
25483,Training|Validation,음료,기능성음료,기타기능성음료,코코데일리 유기능 코코넛워터 330ML,코코,330ML
66004,Training|Validation,음료,기능성음료,기타기능성음료,테일러팜스)테일러푸룬주스180ML,테일러팜스,180ML
26005,Training|Validation,음료,기능성음료,기타기능성음료,푸드웰 닥터리브곤약젤리복숭아150G,푸드웰,150G
35863,Training|Validation,음료,기능성음료,기타기능성음료,푸드웰)끙아비,푸드웰,80ML
66011,Training|Validation,음료,기능성음료,기타기능성음료,프레시코)아임얼라이브유기농콤부차프리바이오틱스오리지날315ML,프레시코,315ML
25963,Training|Validation,음료,기능성음료,기타기능성음료,한국인삼공사 아이키커플러스사과100ML,한국인삼공사,100ML
65771,Training|Validation,음료,기능성음료,기타기능성음료,함소아제약함소아삐뽀삐뽀매실담은유자2개입100ML*2,함소아제약,200ML
10131,Training|Validation,음료,기능성음료,기타기능성음료,해태음료구론산바몬드오리지날액150ML,해태음료,150ML
90001,Training|Validation,음료,전통주,기타전통주,롯데)2%아쿠아수분&미네랄240ML,롯데칠성음료,240ML
70056,Training|Validation,음료,차음료,기타차음료,롯데칠성사이다245ML,롯데칠성음료,245ML
50182,Training|Validation,음료,냉장음료,냉장곡물견과음료,롯데델몬트포도드링크4입190ml,롯데칠성음료,190ml
30046,Training|Validation,음료,냉장음료,냉장곡물견과음료,칠성사이다로어슈거1.5L,롯데칠성음료,1.5L
10006,Training|Validation,음료,냉장음료,냉장곡물견과음료,웅진아침햇살180ML,웅진식품,180ML
10005,Training|Validation,음료,냉장음료,냉장곡물견과음료,웅진아침햇살500ML,웅진식품,500ML
25130,Training|Validation,음료,차류,녹차/홍차,매일 썬업100%파인애플750ML,매일유업,750ML
65374,Training|Validation,음료,욕실주거세제,다목적주방세제,홈플러스시그니처콜라,홈플러스,1.5L
10056,Training|Validation,음료,탄산음료,무알콜맥주,롯데클라우드클리어제로(캔)350ML,롯데주류,350ML
45750,Training|Validation,음료,탄산음료,무알콜맥주,위닝)코코넛밀크드링크,위닝,270ML
45298,Training|Validation,음료,탄산음료,무알콜맥주,코카-콜라음료)조지아고티카콜드브루아메리카노265ML,코카-콜라음료,265ML
35683,Training|Validation,음료,기능성음료,비타민/에너지음료,고구려통상)가토멜론맛,고구려통상,320ML
10134,Training|Validation,음료,기능성음료,비타민/에너지음료,광동)비타500(병)100ML,광동제약,100ML
10135,Training|Validation,음료,기능성음료,비타민/에너지음료,광동)비타500(병)180ML,광동제약,180ML
20140,Training|Validation,음료,기능성음료,비타민/에너지음료,그래미여명808 140ML,그래미,140ML
45737,Training|Validation,음료,기능성음료,비타민/에너지음료,동서음료)레드불에너지드링크,동서음료,355ML
90032,Training|Validation,음료,기능성음료,비타민/에너지음료,롯데)콜드오렌지250ML,롯데칠성음료,250ML
60043,Training|Validation,음료,기능성음료,비타민/에너지음료,롯데)펩시콜라160ML,롯데칠성음료,160ML
20003,Training|Validation,음료,기능성음료,비타민/에너지음료,롯데2%복숭아350ML,롯데칠성음료,350ML
40006,Training|Validation,음료,기능성음료,비타민/에너지음료,롯데내몸사랑녹차175ml,롯데칠성음료,175ML
60033,Training|Validation,음료,기능성음료,비타민/에너지음료,롯데델몬트스퀴즈포도에이드240ML,롯데칠성음료,240ML
90024,Training|Validation,음료,기능성음료,비타민/에너지음료,롯데칠성립톤밀크티240ML,롯데칠성음료,240ML
90017,Training|Validation,음료,기능성음료,비타민/에너지음료,롯데트레비레몬(PET)500ML,롯데칠성음료,500ML
90047,Training|Validation,음료,기능성음료,비타민/에너지음료,롯데핑크퐁키즈홍삼(사과당근)100ML,롯데칠성음료,100ML
10015,Training|Validation,음료,기능성음료,비타민/에너지음료,롯데핫식스자몽250ML,롯데칠성음료,250ML
40029,Training|Validation,음료,기능성음료,비타민/에너지음료,빅토리아라임350ML,빅토리아,350ML
45735,Training|Validation,음료,기능성음료,비타민/에너지음료,상일)테이크파이브(체리피치),상일)테,250ML
30029,Training|Validation,음료,기능성음료,비타민/에너지음료,슈웹스라임피즈350ML,슈웹스라,350ML
25876,Training|Validation,음료,기능성음료,비타민/에너지음료,올웨이즈앤에프앤비 씨씨오렌지팩200ML,올웨이즈앤에프앤비,200ML
45738,Training|Validation,음료,기능성음료,비타민/에너지음료,와인나라)바바리아레몬,와인나라,330ML
30016,Training|Validation,음료,기능성음료,비타민/에너지음료,웅진자연은제주감귤340ML,웅진식품,340ML
60032,Training|Validation,음료,기능성음료,비타민/에너지음료,일화초정공장벡셀에너지드링크지파크250ML,일화,250ML
30022,Training|Validation,음료,기능성음료,비타민/에너지음료,코카콜라)미닛메이드망고175ML,코카콜라,175ML
90118,Training|Validation,음료,기능성음료,비타민/에너지음료,코카콜라)스프라이트250ML,코카콜라,250ML
30015,Training|Validation,음료,기능성음료,비타민/에너지음료,몬스터에너지그린355ML,코카콜라음료,355ML
50163,Training|Validation,음료,기능성음료,비타민/에너지음료,팔도비락식혜1.8L,팔도,1.8L
30011,Training|Validation,음료,기능성음료,비타민/에너지음료,화인바이오)지리산맑은샘물500ML,화인바이오,500ML
70050,Training|Validation,음료,탄산음료,사이다,탄산이톡톡스파클링워터(레몬)350ML,기타,350ML
30047,Training|Validation,음료,탄산음료,사이다,동아오츠카)데미소다오렌지1.5L,동아오츠카,1.5L
30055,Training|Validation,음료,탄산음료,사이다,동아포카리스웨트1.8L,동아오츠카,1.8L
90119,Training|Validation,음료,탄산음료,사이다,레쓰비솔트커피타이완240ML,롯데칠성음료,240ML
60009,Training|Validation,음료,탄산음료,사이다,롯데펩시콜라250ML,롯데칠성음료,250ML
55460,Training|Validation,음료,탄산음료,사이다,롯데핑크퐁루이보스보리차,롯데칠성음료,230ML
70063,Training|Validation,음료,탄산음료,사이다,이로하스화이트피치555ML,삼경에프에스,555ML
75025,Training|Validation,음료,탄산음료,사이다,아쿠아리어스)골드메달애플주스,아쿠아리어스,296ML
45403,Training|Validation,음료,탄산음료,사이다,롯데쇼핑)실론시나몬차이,온리프라이스,30G
50034,Training|Validation,음료,탄산음료,사이다,웅진자연은당근1.5L,웅진식품,1.5L
60065,Training|Validation,음료,탄산음료,사이다,일화)천연사이다1.5L,일화,1.5L
55508,Training|Validation,음료,탄산음료,사이다,지셀홀딩스차파이복숭아우롱차,지셀홀딩스,500ML
80011,Training|Validation,음료,탄산음료,사이다,코카콜라)미닛메이드벚꽃&사과175ML,코카콜라,175ML
10019,Training|Validation,음료,탄산음료,사이다,코카콜라)킨사이다185ML,코카콜라,185ML
70061,Training|Validation,음료,탄산음료,사이다,코카스프라이트355ML,코카콜라음료,355ML
10047,Training|Validation,음료,탄산음료,사이다,코카스프라이트500ML,코카콜라음료,500ML
60002,Training|Validation,음료,탄산음료,사이다,코카스프라이트알루미늄보틀250ML,코카콜라음료,250ML
60066,Training|Validation,음료,탄산음료,사이다,코카콜라)미닛식이섬유오렌지망고1.2L,코카콜라음료,1.2L
80179,Training|Validation,음료,탄산음료,사이다,코카콜라미닛메이드제주감귤1.2L,코카콜라음료,1.2L
25432,Training|Validation,음료,탄산음료,사이다,포미 망고에이드 1.8KG,포미,1.8KG
20039,Training|Validation,음료,탄산음료,사이다,해태썬키스트스위티블루에이드350ML(PET),해태,350ML
25341,Training|Validation,음료,탄산음료,사이다,홈플러스시그니처 사이다 1.5L,홈플러스,1.5L
55752,Training|Validation,음료,맥주,수입맥주,동서식품)스타벅스파이크플레이스로스트커피,동서식품,275ML
55751,Training|Validation,음료,맥주,수입맥주,크리스터)파카하드셀처블랙체리,크리스터,335ML
10133,Training|Validation,음료,기능성음료,숙취해소음료,CJ컨디션헛개100ML,CJ제일제당,100ML
20148,Training|Validation,음료,기능성음료,숙취해소음료,델몬트)그린매실180ML,델몬트,180ML
35011,Training|Validation,음료,기능성음료,숙취해소음료,동서 보리차 500ML,동서식품,500ML
20144,Training|Validation,음료,기능성음료,숙취해소음료,동서스타벅스프라프치노281ML,동서식품,281ML
50030,Training|Validation,음료,기능성음료,숙취해소음료,롯데칸타타에스프레소블랙175ML,롯데칠성음료,175ML
50087,Training|Validation,음료,기능성음료,숙취해소음료,박카스F120ML,박카스F,120ML
15851,Training|Validation,음료,기능성음료,숙취해소음료,비에이치델리 오후의홍차레몬티500ml,비에이치,500ML
60193,Training|Validation,음료,기능성음료,숙취해소음료,웅진빅토리아파인애플500ml,웅진식품,500ml
65813,Training|Validation,음료,기능성음료,숙취해소음료,유아이에프앤씨)마틸다스파클링핑크그레이프플룻,유아이에프앤씨,750ML
55748,Training|Validation,음료,기능성음료,숙취해소음료,이마트)달지않은일리커피,이마트,200ML
65809,Training|Validation,음료,기능성음료,숙취해소음료,주식회사그래미)여명1004(140ML2개입),주식회사그래미,280ML
35698,Training|Validation,음료,기능성음료,스포츠음료,건강한사람들)고려은단스파클링비타민C,건강한사람들,350ML
35700,Training|Validation,음료,기능성음료,스포츠음료,농심)파워오투애플키워향,농심,500ML
35702,Training|Validation,음료,기능성음료,스포츠음료,농심)파워오투오렌지레몬향,농심,500ML
30056,Training|Validation,음료,기능성음료,스포츠음료,델몬트콜드포도과즙100%1.89L,델몬트,1.89L
35714,Training|Validation,음료,기능성음료,스포츠음료,동서식품)스타벅스프라푸치노(카라멜향),동서식품,281ML
10037,Training|Validation,음료,기능성음료,스포츠음료,동아포카리스웨트500ML,동아오츠카,500ML
40041,Training|Validation,음료,기능성음료,스포츠음료,롯데)데일리C레몬1000C+파우치 230ml,롯데칠성음료,230ML
90011,Training|Validation,음료,기능성음료,스포츠음료,롯데)사랑초톡톡스파클링파인애플330ML,롯데칠성음료,330ML
20034,Training|Validation,음료,기능성음료,스포츠음료,롯데게토레이블루볼트600ML,롯데칠성음료,600ML
40031,Training|Validation,음료,기능성음료,스포츠음료,롯데레쓰비연유커피베트남240ML,롯데칠성음료,240ML
50018,Training|Validation,음료,기능성음료,스포츠음료,롯데사각사각꿀배340ML,롯데칠성음료,340ML
80047,Training|Validation,음료,기능성음료,스포츠음료,롯데아이시스8.0 1L,롯데칠성음료,1L
50054,Training|Validation,음료,기능성음료,스포츠음료,롯데아이시스산림수500ML,롯데칠성음료,500ML
80039,Training|Validation,음료,기능성음료,스포츠음료,롯데트레비자몽(PET)500ML,롯데칠성음료,500ML
90059,Training|Validation,음료,기능성음료,스포츠음료,롯데트로피카나스파클링사과1.5L,롯데칠성음료,1.5L
20004,Training|Validation,음료,기능성음료,스포츠음료,롯데트로피카나스파클링사과355ML,롯데칠성음료,355ML
90064,Training|Validation,음료,기능성음료,스포츠음료,파스퇴르)발렌시아오렌지1L,롯데푸드,1L
20092,Training|Validation,음료,기능성음료,스포츠음료,미닛메이드스파클링청포도1.25L,미닛메이드,1.25L
40013,Training|Validation,음료,기능성음료,스포츠음료,산펠레그리노폼펠모자몽330ML,산펠레그,330ML
35703,Training|Validation,음료,기능성음료,스포츠음료,삼양패키징)맥심TOP심플리스무스라떼,삼양패키징,240ML
50020,Training|Validation,음료,기능성음료,스포츠음료,오케이에프미닛메이드알로에175ML,오케이에프,175ML
40022,Training|Validation,음료,기능성음료,스포츠음료,가야알로에농장180ML,웅진식품,180ML
20234,Training|Validation,음료,기능성음료,스포츠음료,웅진빅토리아복숭아500ml,웅진식품,500ml
50081,Training|Validation,음료,기능성음료,스포츠음료,쟈뎅까페리얼블루레몬에이드(파우치)230ML,쟈뎅,230ML
20035,Training|Validation,음료,기능성음료,스포츠음료,코카씨그램라임350ML,코카콜라음료,350ML
90015,Training|Validation,음료,기능성음료,스포츠음료,코카조지아고티카콜드브루스위트아메리카노265ML,코카콜라음료,265ML
40046,Training|Validation,음료,기능성음료,스포츠음료,코카콜라캐나다드라이클립소다250ML,코카콜라음료,250ML
70077,Training|Validation,음료,기능성음료,스포츠음료,랭거스크랜베리1.89L,한국쥬맥스,1.89L
60035,Training|Validation,음료,기능성음료,스포츠음료,해태)코코팜망고코넛240ML,해태,240ML
40078,Training|Validation,음료,기능성음료,스포츠음료,해태코코팜피치핑크복숭아1.5L,해태에이치티비,1.5L
90002,Training|Validation,음료,기능성음료,스포츠음료,해태포도봉봉340ML,해태에이치티비,340ML
40018,Training|Validation,음료,기능성음료,식이섬유음료,동해고성해양심층수천년동안350ML,강원심층수,350ML
30026,Training|Validation,음료,기능성음료,식이섬유음료,코카암바사345ML,코카콜라음료,345ML
40054,Training|Validation,음료,기능성음료,식이섬유음료,코카조지아고티카스위트아메리카노270ML,코카콜라음료,270ML
10136,Training|Validation,음료,기능성음료,식이섬유음료,현대미에로화이바210ML,현대내츄럴,210ML
25808,Training|Validation,음료,과채음료,어린이음료,광동제약 광동홍삼쌍화진100ML*10,광동제약,1000ML
65700,Training|Validation,음료,과채음료,어린이음료,글로벌심층수)딥스그린,글로벌심층수,500ML
66360,Training|Validation,음료,과채음료,어린이음료,그래미여명1004천사의행복140ML,기타,140ML
46119,Training|Validation,음료,과채음료,어린이음료,롯데쇼핑)감귤착즙주스,기타,1L
65070,Training|Validation,음료,과채음료,어린이음료,남양아이꼬야유기농베이비주스사과배120ML,남양유업,120ML
65069,Training|Validation,음료,과채음료,어린이음료,남양아이꼬야유기농베이비주스사과포도120ML,남양유업,120ML
65072,Training|Validation,음료,과채음료,어린이음료,남양아이꼬야유기농베이비주스푸룬120ML,남양유업,120ML
65071,Training|Validation,음료,과채음료,어린이음료,남양아이꼬야한뼘더큰아기랑콩이랑2단계120ML,남양유업,120ML
85027,Training|Validation,음료,과채음료,어린이음료,내추럴워터비티리미티드)피지워터,내추럴워터비티리미티드,330ML
35180,Training|Validation,음료,과채음료,어린이음료,네추럴웨이)LOOK킬팻다이어트170ML,네추럴웨이,170ML
80030,Training|Validation,음료,과채음료,어린이음료,롯데델몬트알로에400ML,롯데칠성음료,400ML
10251,Training|Validation,음료,과채음료,어린이음료,롯데오가닉유기농적포도보라핑크,롯데칠성음료,125ML
25967,Training|Validation,음료,과채음료,어린이음료,롯데칠성음료 마스터토닉워터제로410ML,롯데칠성음료,410ML
90050,Training|Validation,음료,과채음료,어린이음료,롯데칸타타아이스아메리카노230ML(파),롯데칠성음료,230ML
50011,Training|Validation,음료,과채음료,어린이음료,롯데트로피카나스파클링포도355ML,롯데칠성음료,355ML
10026,Training|Validation,음료,과채음료,어린이음료,롯데핑크퐁오렌지망고235ML,롯데칠성음료,235ML
55407,Training|Validation,음료,과일음료,어린이음료,롯데핑크퐁키즈홍삼배도라지,롯데칠성음료,1000ML
55411,Training|Validation,음료,과일음료,어린이음료,롯데핑크퐁키즈홍삼배도라지,롯데칠성음료,100ML
55409,Training|Validation,음료,과일음료,어린이음료,롯데핑크퐁키즈홍삼사과당근,롯데칠성음료,1000ML
55413,Training|Validation,음료,과일음료,어린이음료,롯데핑크퐁키즈홍삼사과당근,롯데칠성음료,100ML
55408,Training|Validation,음료,과일음료,어린이음료,롯데핑크퐁키즈홍삼파인애플케일,롯데칠성음료,1000ML
55412,Training|Validation,음료,과일음료,어린이음료,롯데핑크퐁키즈홍삼파인애플케일,롯데칠성음료,100ML
55410,Training|Validation,음료,과일음료,어린이음료,롯데핑크퐁키즈홍삼포도야채,롯데칠성음료,100ML
65134,Training|Validation,음료,과채음료,어린이음료,매일썬업100%사과,매일유업,750ML
35817,Training|Validation,음료,과일음료,어린이음료,미성패밀리)엠에스레몬,미성패밀리,200ML
90110,Training|Validation,음료,과채음료,어린이음료,뽀로로샘물250ML,뽀로로샘,250ML
35948,Training|Validation,음료,과채음료,어린이음료,엠에스씨)아이쭉쭉워터젤리제주감귤,엠에스씨,100G
35866,Training|Validation,음료,과채음료,어린이음료,엠에스씨)처음먹는유기농과일과&채주스,엠에스씨,100ML
55835,Training|Validation,음료,과채음료,어린이음료,예은상사)퀵블라스트블루라즈베리향(소화기모양),예은상사,57G
66154,Training|Validation,음료,과채음료,어린이음료,일동후디스)키요출동슈퍼윙스사과,일동후디스,235ML
75022,Training|Validation,음료,과채음료,어린이음료,일화초정공장)초정탄산레몬,일화초정공장,350ML
25795,Training|Validation,음료,과채음료,어린이음료,자임에프앤비 뽀로로홍삼쏙쏙사과매실100ML,자임에프앤비,100ML
25965,Training|Validation,음료,과채음료,어린이음료,자임에프앤비 신비아파트사과착즙주스100ML,자임에프앤비,100ML
25966,Training|Validation,음료,과채음료,어린이음료,자임에프앤비 신비아파트포도착즙주스100ML,자임에프앤비,100ML
55809,Training|Validation,음료,과채음료,어린이음료,자임에프앤비)과채주스안녕자두야NFC포도주스,자임에프앤비,100ML
55808,Training|Validation,음료,과채음료,어린이음료,자임에프앤비)홍삼을넣은NFC배도라지주스,자임에프앤비,100ML
46097,Training|Validation,음료,과채음료,어린이음료,자임에프엔비)신비아파트배도라지착즙주스,자임에프앤비,100ML
65808,Training|Validation,음료,과채음료,어린이음료,주식회사그래미)여명808(140ML2개입),주식회사그래미,280ML
10028,Training|Validation,음료,과채음료,어린이음료,코카쿠우포도300ML,코카콜라음료,300ML
90109,Training|Validation,음료,과채음료,어린이음료,팔도)귀여운내친구뽀로로(딸기)235ML,팔도,235ML
90108,Training|Validation,음료,과채음료,어린이음료,팔도)귀여운내친구뽀로로(바나나)235ML,팔도,235ML
90107,Training|Validation,음료,과채음료,어린이음료,팔도)귀여운내친구뽀로로(사과)235ML,팔도,235ML
35864,Training|Validation,음료,과채음료,어린이음료,푸드웰)끙아씨,푸드웰,80ML
35865,Training|Validation,음료,과채음료,어린이음료,푸드웰)끙아에이,푸드웰,80ML
66151,Training|Validation,음료,과채음료,어린이음료,푸드웰)닥터리브곤약젤리사과,푸드웰,150G
66171,Training|Validation,음료,과채음료,어린이음료,프레쉬벨)파파주스배수세미,프레쉬벨,100ML
15392,Training|Validation,음료,과채음료,어린이음료,하이리치로이타이코코넛밀크,하이트진로,250ML
70219,Training|Validation,음료,과채음료,어린이음료,한국야구르트뽀짝뽀짝포도사과,한국야쿠르트,320ML
25964,Training|Validation,음료,과채음료,어린이음료,한국인삼공사 아이키커플러스포도100ML,한국인삼공사,100ML
66344,Training|Validation,음료,과채음료,어린이음료,함소아제약삐뽀삐뽀딸기담은바나나100ML,함소아제약,100ML
65772,Training|Validation,음료,과채음료,어린이음료,함소아제약함소아삐뽀삐뽀딸기담은바나나2개입100ML*2,함소아제약,200ML
35978,Training|Validation,음료,과채음료,어린이음료,호재준)유기농애플퓨어주스,호재준,1L
45963,Training|Validation,음료,과채음료,원액,꽃샘식품)초이스허니라인레몬,꽃샘식품,500G
35399,Training|Validation,음료,과채음료,원액,롯데)온리프라이스미네랄워터,롯데제과,2L
65373,Training|Validation,음료,과채음료,원액,슈가버블과탄산소다,슈가버블,1KG
65352,Training|Validation,음료,과채음료,원액,영남코프레이션레이지라임주스(초록통),영남코프레이션,200ML
46031,Training|Validation,음료,과채음료,원액,웰팜)100%유기농딸기그레이프,웰팜,100ML
65354,Training|Validation,음료,과채음료,원액,지우코포레이션엘막레몬주스,지우코포레이션,200ML
25441,Training|Validation,음료,과채음료,원액,한국쥬맥스 아리조나 아이스드티위드레몬향 680ML,한국쥬맥스,680ML
55406,Training|Validation,음료,액상조미료,음용식초,롯데핑크퐁키즈홍삼포도야채,롯데칠성음료,1000ML
55741,Training|Validation,음료,차음료,일반,동서식품)맥스웰하우스콜롬비아나마스터스위트블랙,동서식품,500ML
10031,Training|Validation,음료,두유,일반두유,광동)알찬콩두유200ML,광동,200ML
50008,Training|Validation,음료,두유,일반두유,롯데진복분자180ML,롯데칠성음료,180ML
45664,Training|Validation,음료,생수,일반생수,광동)제주삼다수,광동,330ML
40059,Training|Validation,음료,생수,일반생수,광동우엉차500ml,광동제약,500ML
35600,Training|Validation,음료,생수,일반생수,농심 백산수 330ML,농심,330ML
65703,Training|Validation,음료,생수,일반생수,농심)백산수,농심,330ML
60048,Training|Validation,음료,생수,일반생수,농심백산수500ML,농심,500ML
65746,Training|Validation,음료,생수,일반생수,델몬트오렌지드링크4개입190ML*4,델몬트,760ML
20088,Training|Validation,음료,생수,일반생수,델몬트팜앤망고1.2L,델몬트,1.2L
20156,Training|Validation,음료,생수,일반생수,동서스타벅스모카281ML,동서식품,281ML
60083,Training|Validation,음료,생수,일반생수,동아오츠카)마신다2L,동아오츠카,2L
10046,Training|Validation,음료,생수,일반생수,동아오츠카마신다미네랄워터500ML,동아오츠카,500ML
20102,Training|Validation,음료,생수,일반생수,동원샘물2L,동원F&B,2L
20138,Training|Validation,음료,생수,일반생수,롯데)칠성사이다청귤,롯데제과,500ML
80001,Training|Validation,음료,생수,일반생수,롯데)델몬트콜드수박주스250ML,롯데칠성음료,250ML
50057,Training|Validation,음료,생수,일반생수,롯데)롯데스카시플러스포도1.5L,롯데칠성음료,1.5L
40077,Training|Validation,음료,생수,일반생수,롯데게토레이블루볼트1.5L,롯데칠성음료,1.5L
30012,Training|Validation,음료,생수,일반생수,롯데델몬트포도100%400ML,롯데칠성음료,400ML
80048,Training|Validation,음료,생수,일반생수,롯데레쓰비마일드카페900ml,롯데칠성음료,900ML
10050,Training|Validation,음료,생수,일반생수,롯데아이시스200ML,롯데칠성음료,200ML
20099,Training|Validation,음료,생수,일반생수,롯데아이시스8.0 2L,롯데칠성음료,2L
20101,Training|Validation,음료,생수,일반생수,롯데아이시스산림수2.0L,롯데칠성음료,2L
80034,Training|Validation,음료,생수,일반생수,롯데제주사랑감귤500ML,롯데칠성음료,500ML
50025,Training|Validation,음료,생수,일반생수,롯데칠성사각사각복숭아340ML,롯데칠성음료,340ML
65711,Training|Validation,음료,생수,일반생수,롯데칠성음료)에비앙천연광천수,롯데칠성음료,1L
90042,Training|Validation,음료,생수,일반생수,롯데칸타타아이스블랙커피230ML(파),롯데칠성음료,230ML
40056,Training|Validation,음료,생수,일반생수,롯데트로피카나퓨어주포도190ml,롯데칠성음료,190ML
60052,Training|Validation,음료,생수,일반생수,롯데플러스펄프오렌지스파클링에이드500ML,롯데칠성음료,500ML
60082,Training|Validation,음료,생수,일반생수,초L)샘물2L,롯데칠성음료,2L
85031,Training|Validation,음료,생수,일반생수,보해양조 부라더소다밀키소다맛 750ML,보해양조,750ML
60096,Training|Validation,음료,생수,일반생수,보해양조)스파클링사과톡,보해양조,250ML
60049,Training|Validation,음료,생수,일반생수,삼양패키징)복숭아워터410ML,삼양패키징,410ML
35609,Training|Validation,음료,생수,일반생수,아쿠아리어스 골드메달스파클링애플주스 296ML,아쿠아리어스,296ML
20058,Training|Validation,음료,생수,일반생수,에비앙natural mineral water,에비앙,500ml
40019,Training|Validation,음료,생수,일반생수,에이드요구르트340ML,엠에스씨,340ML
20104,Training|Validation,음료,생수,일반생수,G가야워터(웅진)2L,웅진식품,2L
70042,Training|Validation,음료,생수,일반생수,빅토리아(자몽)500ML,웅진식품,500ML
60045,Training|Validation,음료,생수,일반생수,웅진누룽지500ML,웅진식품,500ML
90111,Training|Validation,음료,생수,일반생수,웅진초록매실180ML,웅진식품,180ML
70054,Training|Validation,음료,생수,일반생수,웅진하늘보리325ml,웅진식품,325ml
20007,Training|Validation,음료,생수,일반생수,웅진하늘보리500ML,웅진식품,500ML
45730,Training|Validation,음료,생수,일반생수,이마트)일리커피카푸치노,이마트,250ML
10045,Training|Validation,음료,생수,일반생수,신어산음료일화광천수500ML,일화,500ML
45412,Training|Validation,음료,생수,일반생수,자임)100%NFC착즙주스사과&비트&당근,자임에프앤비,140ML
45665,Training|Validation,음료,생수,일반생수,제이크리에이션)제주트루워터,제이크리에이션,500ML
20100,Training|Validation,음료,생수,일반생수,제주삼다수2L,제주특별자치도개발공사,2L
60050,Training|Validation,음료,생수,일반생수,복숭아녹차340ML,지디앤와이,340ML
10088,Training|Validation,음료,생수,일반생수,지에스)맑은샘물1.5L,지에스,1.5L
40052,Training|Validation,음료,생수,일반생수,코카콜라)코카콜라오리지날테이스트250ml,코카콜라,250ML
20103,Training|Validation,음료,생수,일반생수,코카콜라)휘오제주2L,코카콜라,2L
70044,Training|Validation,음료,생수,일반생수,하이트진로)토닉워터깔라만시300ML,하이트진로,300ML
35402,Training|Validation,음료,생수,일반생수,한국쥬맥스)랭거스루비레드자몽,한국쥬맥스,1.89L
40076,Training|Validation,음료,생수,일반생수,한국청정음료몽베스트2L,한국청정음료,2L
20105,Training|Validation,음료,생수,일반생수,해태강원평창수2L,해태에이치티비,2L
35708,Training|Validation,음료,차음료,일반차음료,ATG컴퍼니)푸룬주스,ATG컴퍼니,946ML
10040,Training|Validation,음료,차음료,일반차음료,CJ)새싹보리410ML,CJ제일제당,410ML
80027,Training|Validation,음료,차음료,일반차음료,CJ)히비스커스블렌딩티340ML,CJ제일제당,340ML
35693,Training|Validation,음료,차음료,일반차음료,고구려통상)가토리치맛,고구려통상,320ML
66045,Training|Validation,음료,차음료,일반차음료,골든라이프텍)곡물가게궁자연주의건강함리얼팥차,골든라이프텍,500ML
66044,Training|Validation,음료,차음료,일반차음료,골든라이프텍)곡물가게궁자연주의건강함리얼호박차,골든라이프텍,500ML
30042,Training|Validation,음료,차음료,일반차음료,광동)홍삼꿀D100ML,광동,100ML
10063,Training|Validation,음료,차음료,일반차음료,광동)힘찬하루헛개차1L,광동,1L
10043,Training|Validation,음료,차음료,일반차음료,광동)옥수수수염차500ML,광동제약,500ML
10130,Training|Validation,음료,차음료,일반차음료,광동힘찬하루헛개차500ML,광동제약,500ML
25444,Training|Validation,음료,차음료,일반차음료,남도농산 활력충만여주차 500ML,남도농산,500ML
25450,Training|Validation,음료,차음료,일반차음료,남양 17차 레몬향 1.5L,남양유업,1.5L
25451,Training|Validation,음료,차음료,일반차음료,남양 17차 새싹보리 1.5L,남양유업,1.5L
65970,Training|Validation,음료,차음료,일반차음료,낫띵베럴)이너주스사과당근120ML,낫띵베럴,120ML
55740,Training|Validation,음료,차음료,일반차음료,농심)이토엔자스민티,농심,500ML
25443,Training|Validation,음료,차음료,일반차음료,동아오츠카 데자와로얄밀크티 500ML,동아오츠카,500ML
25449,Training|Validation,음료,차음료,일반차음료,동원 보성녹차 1500ML,동원F&B,1500ML
25447,Training|Validation,음료,차음료,일반차음료,동원 보성말차 500ML,동원F&B,500ML
35705,Training|Validation,음료,차음료,일반차음료,동원)바이오티피치핑크,동원F&B,500ML
10044,Training|Validation,음료,차음료,일반차음료,동원시스템새벽헛개520ML,동원F&B,520ML
30204,Training|Validation,음료,차음료,일반차음료,동원양반배수정과500ml,동원F&B,500ml
25446,Training|Validation,음료,차음료,일반차음료,롯데 콘트라베이스티 로스팅그린티 500ML,롯데제과,500ML
25445,Training|Validation,음료,차음료,일반차음료,롯데 콘트라베이스티 로스팅보리 500ML,롯데제과,500ML
80042,Training|Validation,음료,차음료,일반차음료,롯데GS보리차,롯데제과,500ML
10119,Training|Validation,음료,차음료,일반차음료,롯데)술술풀리는하루작두콩차500ML,롯데칠성음료,500ML
70071,Training|Validation,음료,차음료,일반차음료,롯데)허니페어아이스꿀배230ML,롯데칠성음료,230ML
90231,Training|Validation,음료,차음료,일반차음료,롯데델몬트콜드비타민플러스포도100,롯데칠성음료,240ML
80061,Training|Validation,음료,차음료,일반차음료,롯데델몬트포도100%1.5L,롯데칠성음료,1.5L
40007,Training|Validation,음료,차음료,일반차음료,롯데마운틴듀250ML,롯데칠성음료,250ML
80044,Training|Validation,음료,차음료,일반차음료,롯데밀키스핑크소다500ML,롯데칠성음료,500ML
10042,Training|Validation,음료,차음료,일반차음료,롯데옥수수수염차500ML,롯데칠성음료,500ML
10041,Training|Validation,음료,차음료,일반차음료,롯데잘빠진하루우엉차500ML,롯데칠성음료,500ML
55623,Training|Validation,음료,차음료,일반차음료,롯데칠성음료미니펩시6캔,롯데칠성음료,960ML
80028,Training|Validation,음료,차음료,일반차음료,롯데트레비플레인(PET)300ML,롯데칠성음료,300ML
40070,Training|Validation,음료,차음료,일반차음료,롯데펩시콜라1.25L,롯데칠성음료,1.25L
40028,Training|Validation,음료,차음료,일반차음료,롯데핫식스더킹파워355ML,롯데칠성음료,355ML
80043,Training|Validation,음료,차음료,일반차음료,롯데황금보리500ML,롯데칠성음료,500ML
40064,Training|Validation,음료,차음료,일반차음료,미닛메이드홈스타일청포도180ml,미닛메이드,180ML
70036,Training|Validation,음료,차음료,일반차음료,바리스타룰스)마다가스카르바닐라빈라떼325ml,바리스타룰스,325ml
66150,Training|Validation,음료,차음료,일반차음료,베베쿡)처음먹는유기농사과와당근,베베쿡,100ML
30037,Training|Validation,음료,차음료,일반차음료,미스터초이스애플300ML,부라보F&B,300ML
10117,Training|Validation,음료,차음료,일반차음료,빙그레)맑은하늘도라지차500ML,빙그레,500ML
35707,Training|Validation,음료,차음료,일반차음료,삼양패키징)티즐피치우롱티,삼양패키징,500ML
60051,Training|Validation,음료,차음료,일반차음료,세븐일레븐)깊은산속옹달샘물,세븐일레븐,500ML
35013,Training|Validation,음료,차음료,일반차음료,씨그램 애플리프레시 350ML,씨그램,300ML
80036,Training|Validation,음료,차음료,일반차음료,빅토리아(플레인)500ML,웅진식품,500ML
25448,Training|Validation,음료,차음료,일반차음료,웅진 자색옥수수수염차 1.5L,웅진식품,1.5L
60046,Training|Validation,음료,차음료,일반차음료,웅진광명찾은결명자차500ML,웅진식품,500ML
40084,Training|Validation,음료,차음료,일반차음료,웅진자연은배1.8L,웅진식품,1.8L
20008,Training|Validation,음료,차음료,일반차음료,웅진자연은석류180ML,웅진식품,180ML
80069,Training|Validation,음료,차음료,일반차음료,웅진자연은제주감귤1.5L,웅진식품,1.5L
30203,Training|Validation,음료,차음료,일반차음료,웅진티즐유자그린티500ml,웅진식품,500ml
15863,Training|Validation,음료,차음료,일반차음료,이마트 피코크 갈아만든생강레몬400G,이마트,400G
15862,Training|Validation,음료,차음료,일반차음료,이마트 피코크 갈아만든유자420G,이마트,420G
15861,Training|Validation,음료,차음료,일반차음료,이마트 피코크 갈아만든자몽오미자400G,이마트,400G
10061,Training|Validation,음료,차음료,일반차음료,카카오닙스차500ML,일동후디스,500ML
60039,Training|Validation,음료,차음료,일반차음료,일화)맥콜190ML,일화,190ML
15953,Training|Validation,음료,차음료,일반차음료,자임에프앤비 신비아파트배도라지착즙주스100ML,자임에프앤비,100ML
25878,Training|Validation,음료,차음료,일반차음료,주식회사위닝 말리코코넛워터330ML,주식회사위닝,330ML
55509,Training|Validation,음료,차음료,일반차음료,지셀홀딩스차파이자몽자스민차,지셀홀딩스,500ML
50041,Training|Validation,음료,차음료,일반차음료,코카콜라)미닛메이드망고1.5L,코카콜라,1.5L
25469,Training|Validation,음료,차음료,일반차음료,코카)아데스아몬드초콜릿 190ML,코카콜라음료,190ML
60047,Training|Validation,음료,차음료,일반차음료,코카암바사500ML,코카콜라음료,500ML
90025,Training|Validation,음료,차음료,일반차음료,코카콜라쿠우젤리복숭아130ML,코카콜라음료,130ML
40021,Training|Validation,음료,차음료,일반차음료,코카파워에이드MB600ML,코카콜라음료,600ML
70046,Training|Validation,음료,차음료,일반차음료,코카환타파인애플600ML,코카콜라음료,600ML
66012,Training|Validation,음료,차음료,일반차음료,프레시코)아임얼라이브유기농콤부차프리바이오틱스석류315ML,프레시코,315ML
25442,Training|Validation,음료,차음료,일반차음료,한국쥬맥스 아리조나 그린티위드진생앤허니 680ML,한국쥬맥스,680ML
40044,Training|Validation,음료,차음료,일반차음료,해태파인애플봉봉240ML,해태,240ML
90062,Training|Validation,음료,차음료,일반차음료,썬키스트후레쉬(포도)1.5L,해태음료,1.5L
50045,Training|Validation,음료,차음료,일반차음료,썬키스트후레쉬오렌지1.5L,해태음료,1.5L
10029,Training|Validation,음료,차음료,일반차음료,해태)결명자서리태차350ML,해태음료,350ML
40017,Training|Validation,음료,차음료,일반차음료,현대미에로화이바100ML,현대내츄럴,100ML
35692,Training|Validation,음료,차음료,일반차음료,회풍유통)차파이중국유자,회풍유통,500ML
45408,Training|Validation,음료,차음료,일반차음료,히어로우)먹는샘물미네랄워터,히어로우,330ML
55717,Training|Validation,음료,전통주,일본술,델몬트망고드링크(1개),델몬트,190ML
30226,Training|Validation,음료,차음료,전통차음료,CJ컨디션레이디100ML,CJ헬스케어,100ML
80058,Training|Validation,음료,차음료,전통차음료,델몬트토마토1.5L,델몬트,1.5L
90114,Training|Validation,음료,차음료,전통차음료,동서맥심TOP마스터라떼275ML,동서식품,275ML
40036,Training|Validation,음료,차음료,전통차음료,오란씨깔라만시250ML,동아오츠카,250ML
60056,Training|Validation,음료,차음료,전통차음료,롯데델몬트프리미엄포도100 180ML,롯데칠성음료,180ML
90019,Training|Validation,음료,차음료,전통차음료,롯데칸타타땅콩크림라떼275ML,롯데칠성음료,275ML
90222,Training|Validation,음료,차음료,전통차음료,빙그레아카페라아메리카노,빙그레,240ML
55468,Training|Validation,음료,차음료,전통차음료,서울에프앤비이롬데일리아몬드,서울에프앤비,190ML
A10023,Training|Validation,음료,차음료,전통차음료,서정쿠킹)느린수정과,서정쿠킹,1000ML
50178,Training|Validation,음료,차음료,전통차음료,웅진)아침햇살1.5L,웅진,1.5L
A30028,Training|Validation,음료,차음료,전통차음료,웅진식품웅진내사랑알로에,웅진식품,1.5L
10020,Training|Validation,음료,차음료,전통차음료,일화헛개꿀물175ML,일화,175ML
50080,Training|Validation,음료,차음료,전통차음료,코카파워에이드퍼플스톰600ML,코카콜라음료,600ML
90113,Training|Validation,음료,차음료,전통차음료,팔도비락식혜238ML,팔도,238ML
10129,Training|Validation,음료,차음료,전통차음료,팔도비락식혜500ML,팔도,500ML
10125,Training|Validation,음료,차음료,전통차음료,팔도뽀로로보리차220ML,팔도,220ML
90006,Training|Validation,음료,차음료,전통차음료,해태썬키스트딸바스무디300ML,해태,300ML
65973,Training|Validation,음료,과채음료,채소음료,건강마을)세리박스곤약젤리복숭아마시는곤약젤리,건강마을,150G
A40035,Training|Validation,음료,과채음료,채소음료,(주)두리두리퀘이커마시는오트밀오트&그린티하동녹차,기타,50g
20153,Training|Validation,음료,과채음료,채소음료,델몬트)골드망고180ML,델몬트,180ML
40012,Training|Validation,음료,과채음료,채소음료,롯데)2%부족할때아쿠아500ML,롯데칠성음료,500ML
80031,Training|Validation,음료,과채음료,채소음료,롯데델몬트오렌지100%400ML,롯데칠성음료,400ML
40023,Training|Validation,음료,과채음료,채소음료,롯데레쓰비모카라떼175ML,롯데칠성음료,175ML
40075,Training|Validation,음료,과채음료,채소음료,롯데볼빅1.5L,롯데칠성음료,1.5L
80059,Training|Validation,음료,과채음료,채소음료,롯데제주사랑감귤사랑1.5L,롯데칠성음료,1.5L
70049,Training|Validation,음료,과채음료,채소음료,롯데칠성사이다로어슈거600ML,롯데칠성음료,600ML
90061,Training|Validation,음료,과채음료,채소음료,오이시)그린티포도,리엘산업,380ML
90027,Training|Validation,음료,과채음료,채소음료,빅토리아(베리베리)500ML,빅토리아,500ML
15133,Training|Validation,음료,과채음료,채소음료,서울에프엔비 아침에주스 유기농 토마토주스900ML,서울에프엔비,900ML
25183,Training|Validation,음료,과채음료,채소음료,서울우유협동)아침에주스 유기농포도 쥬스900ML,서울우유협동,900ML
50021,Training|Validation,음료,과채음료,채소음료,nutrlon&taste수박소다350ML,에스에프씨바이오,350ML
10072,Training|Validation,음료,과채음료,채소음료,가야알로에농장1.5L,웅진식품,1.5L
10082,Training|Validation,음료,과채음료,채소음료,가야토마토농장1.5L,웅진식품,1.5L
20047,Training|Validation,음료,과채음료,채소음료,웅진가야농장제주감귤농장180ML,웅진식품,180ML
10128,Training|Validation,음료,과채음료,채소음료,웅진자연은토마토500ML,웅진식품,500ML
50035,Training|Validation,음료,과채음료,채소음료,일화초정공장탑씨파인애플1.5L,일화,1.5L
60075,Training|Validation,음료,과채음료,채소음료,코카)미닛메이드포도1.5L,코카콜라음료,1.5L
45137,Training|Validation,음료,과채음료,채소음료,풀무원)아임그린 아스파라거스150ML,풀무원,150ML
25191,Training|Validation,음료,과채음료,채소음료,풀무원식품)아임리얼 스무디 마이스트로베리700ML,풀무원,700ML
20027,Training|Validation,음료,과채음료,채소음료,랭거스망고449ML,한국쥬맥스,449ML
50069,Training|Validation,음료,과채음료,채소음료,웰바질시드드링크망고290ML,한국쥬맥스,290ML
60072,Training|Validation,음료,과채음료,채소음료,해태코코팜포도1.5L,해태에이치티비,1.5L
10070,Training|Validation,음료,과채음료,채소음료,썬키스트후레쉬알로에1L,해태음료,1L
35125,Training|Validation,음료,커피음료,커피음료,거창공장)아침에주스950ML,거창공장,950ML
55807,Training|Validation,음료,커피음료,커피음료,건강마을)뽀로로홍삼쏙쏙오렌지,건강마을,100ML
90238,Training|Validation,음료,커피음료,커피음료,광동칡맥170ML,광동제약,170ML
90022,Training|Validation,음료,커피음료,커피음료,광동탐라는제주감귤500ML,광동제약,500ML
70024,Training|Validation,음료,커피음료,커피음료,유어스)RYAN애플스무디190ML,광동제약,190ML
45501,Training|Validation,음료,커피음료,커피음료,금강B&F)청춘전투세상에없는캐모마일,금강B&F,240ML
35690,Training|Validation,음료,커피음료,커피음료,금강B&F)칸타타아메리카노,금강B&F,390ML
20145,Training|Validation,음료,커피음료,커피음료,케이쿨120ML,기타,120ML
25335,Training|Validation,음료,커피음료,커피음료,남양 프렌치카페 마일드커피 175ML,남양유업,175ML
25336,Training|Validation,음료,커피음료,커피음료,남양 프렌치카페 카라멜마끼아또 175ML,남양유업,175ML
55742,Training|Validation,음료,커피음료,커피음료,남양)프렌치카페로스터리킬링샷아메리카노,남양유업,500ML
15206,Training|Validation,음료,커피음료,커피음료,남양루카스나인시그니처더블샷라떼,남양유업,250ML
15207,Training|Validation,음료,커피음료,커피음료,남양루카스나인시그니처라떼,남양유업,250ML
45214,Training|Validation,음료,커피음료,커피음료,남양유업)루카스나인시그니처아메리카노250ML,남양유업,250ML
35206,Training|Validation,음료,커피음료,커피음료,남양유업)채움포도210ML,남양유업,210ML
45213,Training|Validation,음료,커피음료,커피음료,남양유업)프렌치카페로스터리에스프레소라떼250ML,남양유업,250ML
15205,Training|Validation,음료,커피음료,커피음료,남양프렌치카페로스터리블랙글레이즈드라떼,남양유업,250ML
25328,Training|Validation,음료,커피음료,커피음료,농심 웰치스화이트그레이프맛 355ML,농심,355ML
35704,Training|Validation,음료,커피음료,커피음료,농심)오이오차녹차,농심,525ML
20152,Training|Validation,음료,커피음료,커피음료,델몬트)토마토180ML,델몬트,180ML
25331,Training|Validation,음료,커피음료,커피음료,동서 맥스웰하우스 콜롬비아나스위트아메리카노 240ML,동서식품,240ML
15338,Training|Validation,음료,커피음료,커피음료,동서 맥스윃하우스 콜롬비아나마스터라떼 500ML,동서식품,500ML
25334,Training|Validation,음료,커피음료,커피음료,동서 맥심에스프레소 티오피마스터라떼 200ML,동서식품,200ML
25332,Training|Validation,음료,커피음료,커피음료,동서 스타벅스 더블샷에스플레소앤크림 200ML,동서식품,200ML
25333,Training|Validation,음료,커피음료,커피음료,동서 스타벅스 파이크플레이스로스트블랙커피 200ML,동서식품,200ML
10114,Training|Validation,음료,커피음료,커피음료,동서TOP심플리스무스블랙240ML,동서식품,240ML
10113,Training|Validation,음료,커피음료,커피음료,동서TOP심플리스무스스위트아메리카노240ML,동서식품,240ML
90115,Training|Validation,음료,커피음료,커피음료,동서맥심TOP스위트아메리카노275ML,동서식품,275ML
35689,Training|Validation,음료,커피음료,커피음료,동서식품)맥심TOP마스터라떼,동서식품,380ML
55754,Training|Validation,음료,커피음료,커피음료,동서식품)스타벅스브렉퍼스트블렌드블랙커피,동서식품,275ML
55753,Training|Validation,음료,커피음료,커피음료,동서식품)스타벅스시그니처초콜렛,동서식품,275ML
55744,Training|Validation,음료,커피음료,커피음료,동서식품)스타벅스프라푸치노,동서식품,281ML
45733,Training|Validation,음료,커피음료,커피음료,동서음료)레드불에너지드링크,동서음료,250ML
90020,Training|Validation,음료,커피음료,커피음료,동아데미소다애플250ML,동아오츠카,250ML
90009,Training|Validation,음료,커피음료,커피음료,동아오츠카오란씨오렌지250ML,동아오츠카,250ML
40003,Training|Validation,음료,커피음료,커피음료,동아오츠카오란씨파인애플180ml,동아오츠카,180ML
30025,Training|Validation,음료,커피음료,커피음료,동아오츠카화이브미니100ML,동아오츠카,100ML
45212,Training|Validation,음료,커피음료,커피음료,동원F&B)달달하고부드러운흑당크림라떼300ML,동원F&B,300ML
45215,Training|Validation,음료,커피음료,커피음료,동원F&B)콩카페코코넛라떼250ML,동원F&B,250ML
15204,Training|Validation,음료,커피음료,커피음료,동원다방커피오리지널,동원F&B,250ML
15203,Training|Validation,음료,커피음료,커피음료,동원다방커피카라멜,동원F&B,250ML
90228,Training|Validation,음료,커피음료,커피음료,동원블랙슈가밀크티,동원F&B,300ML
55185,Training|Validation,음료,커피음료,커피음료,동원청미채20가지과일채소그린,동원F&B,200ML
15199,Training|Validation,음료,커피음료,커피음료,동원커핑로카페봉봉,동원F&B,300ML
15200,Training|Validation,음료,커피음료,커피음료,동원콩카페연유라떼,동원F&B,250ML
10118,Training|Validation,음료,커피음료,커피음료,레쓰비그란데라떼500ML,롯데칠성,500ML
40032,Training|Validation,음료,커피음료,커피음료,롯데)레쓰비아시아트립쏠트커피240ML,롯데칠성음료,240ML
40027,Training|Validation,음료,커피음료,커피음료,롯데)립톤밀크티240ML,롯데칠성음료,240ML
80049,Training|Validation,음료,커피음료,커피음료,롯데)미녀는석류를좋아해1.0L,롯데칠성음료,1.0L
50004,Training|Validation,음료,커피음료,커피음료,롯데)미린다오렌지355ML,롯데칠성음료,355ML
10124,Training|Validation,음료,커피음료,커피음료,롯데)칸타타콘트라베이스(스위트블랙)500ML,롯데칠성음료,500ML
30019,Training|Validation,음료,커피음료,커피음료,롯데)칸타타프리미엄카페라떼200ML,롯데칠성음료,200ML
40033,Training|Validation,음료,커피음료,커피음료,롯데)펩시콜라210ML,롯데칠성음료,210ML
90046,Training|Validation,음료,커피음료,커피음료,롯데곤약젤리망고비타400D+,롯데칠성음료,150ML
10018,Training|Validation,음료,커피음료,커피음료,롯데레쓰비175ML,롯데칠성음료,175ML
80015,Training|Validation,음료,커피음료,커피음료,롯데레쓰비카페타임스위트아메리카노240ML,롯데칠성음료,240ML
90120,Training|Validation,음료,커피음료,커피음료,롯데마운틴듀330ML,롯데칠성음료,330ML
65440,Training|Validation,음료,커피음료,커피음료,롯데온리프라이스아메리카노헤이즐넛,롯데칠성음료,2.1L
90016,Training|Validation,음료,커피음료,커피음료,롯데자몽워터500ML,롯데칠성음료,500ML
90051,Training|Validation,음료,커피음료,커피음료,롯데칠성비넛노니주스100%960ML,롯데칠성음료,960ML
30020,Training|Validation,음료,커피음료,커피음료,롯데칸타타스위트아메리카노175ML,롯데칠성음료,175ML
10017,Training|Validation,음료,커피음료,커피음료,롯데칸타타아메리카노200ML,롯데칠성음료,200ML
90043,Training|Validation,음료,커피음료,커피음료,롯데칸타타아이스마키아토190ML,롯데칠성음료,190ML
90044,Training|Validation,음료,커피음료,커피음료,롯데칸타타아이스블랙190ML(파),롯데칠성음료,190ML
70073,Training|Validation,음료,커피음료,커피음료,롯데칸타타카라멜마키아또230ML,롯데칠성음료,230ML
10025,Training|Validation,음료,커피음료,커피음료,롯데칸타타카페모카(병)250ML,롯데칠성음료,250ML
90116,Training|Validation,음료,커피음료,커피음료,롯데칸타타흑당라떼275ML,롯데칠성음료,275ML
40024,Training|Validation,음료,커피음료,커피음료,롯데트레비라임300ML,롯데칠성음료,300ML
70002,Training|Validation,음료,커피음료,커피음료,롯데트로피카나스파클링복숭아355ML,롯데칠성음료,355ML
90117,Training|Validation,음료,커피음료,커피음료,롯데핫식스더킹스톰,롯데칠성음료,330ML
40055,Training|Validation,음료,커피음료,커피음료,아이시스8.0 300ml,롯데칠성음료,300ML
10064,Training|Validation,음료,커피음료,커피음료,칸타타더블드립원두커피900ML,롯데칠성음료,900ML
40039,Training|Validation,음료,커피음료,커피음료,칸타타프리미엄카페라떼390ML,롯데칠성음료,390ML
15201,Training|Validation,음료,커피음료,커피음료,매일바리스타룰스로어슈거에스포레소라떼,매일유업,250ML
50195,Training|Validation,음료,커피음료,커피음료,매일썬업저과즙청사과엘더플라워레몬,매일유업,330ML
30021,Training|Validation,음료,커피음료,커피음료,몬스터에너지파이프라인펀치355ML,몬스터에,355ML
20045,Training|Validation,음료,커피음료,커피음료,보해)크렁크펀치체리스파클링(캔)350ML,보해)크,350ML
35843,Training|Validation,음료,커피음료,커피음료,부루구루)부루구루콤부차레몬,부루구루,355ML
50194,Training|Validation,음료,커피음료,커피음료,빙그레아카페라카라멜마끼아또,빙그레,240ML
40233,Training|Validation,음료,커피음료,커피음료,빙그레쥬시쿨복숭아,빙그레,180ML
80016,Training|Validation,음료,커피음료,커피음료,산펠레그리노아란시아타오렌지330ML,산펠레그,330ML
45293,Training|Validation,음료,커피음료,커피음료,삼양패키징)콜롬비아나마스터블랙500ML,삼양패키징,500ML
80191,Training|Validation,음료,커피음료,커피음료,생생초스위트몬스터워터젤리사과,생생초스,100ML
15220,Training|Validation,음료,커피음료,커피음료,서울에프앤비브루빈콜드브루,서울에프앤비,750ML
45210,Training|Validation,음료,커피음료,커피음료,서울에프엔비)볼드에스프레소라떼300ML,서울에프엔비,300ML
15182,Training|Validation,음료,커피음료,커피음료,서울에프엔비)설빙 인절미 라떼250ML,서울에프엔비,250ML
45211,Training|Validation,음료,커피음료,커피음료,서울에프엔비)트루에스프레소블랙300ML,서울에프엔비,300ML
15197,Training|Validation,음료,커피음료,커피음료,서울우유강릉커피라떼250ML,서울우유,250ML
55111,Training|Validation,음료,커피음료,커피음료,아침에주스유기농오렌지주스,서울우유협동조합,900ML
50085,Training|Validation,음료,커피음료,커피음료,스윗카페콜드브루아메리카노(파우치)230ML,스윗카페,230ML
65549,Training|Validation,음료,커피음료,커피음료,씨제이푸드뚜레쥬르가만든유기농오렌지주스,씨제이제일제당,180ML
50086,Training|Validation,음료,커피음료,커피음료,ND247(헛개)75ML,아샤그룹,75ML
55746,Training|Validation,음료,커피음료,커피음료,에이치케이이노엔)컨디션헛개수이엑스,에이치케이이노엔,500ML
35205,Training|Validation,음료,커피음료,커피음료,엠즈씨드)폴바셋콜드브루보틀300ML,엠즈씨드,300ML
50015,Training|Validation,음료,커피음료,커피음료,오케이에프요거상큼코코앤복숭아340ML,오케이에프,340ML
40223,Training|Validation,음료,커피음료,커피음료,웅진빅토리아청포도500ml,웅진식품,500ml
50031,Training|Validation,음료,커피음료,커피음료,웅진자연은오렌지1.5L,웅진식품,1.5L
55749,Training|Validation,음료,커피음료,커피음료,이마트)일리커피,이마트,200ML
45731,Training|Validation,음료,커피음료,커피음료,이마트)일리커피카페라떼,이마트,250ML
45296,Training|Validation,음료,커피음료,커피음료,인터비앤에프)분다버그진저비어375ML,인터비앤에프,375ML
60058,Training|Validation,음료,커피음료,커피음료,일화)맥콜1.25l,일화,1.25L
90057,Training|Validation,음료,커피음료,커피음료,일화탑씨포도향1.5L,일화,1.5L
10068,Training|Validation,음료,커피음료,커피음료,쟈뎅로얄헤이즐넛1.1L,쟈뎅,1.1L
10069,Training|Validation,음료,커피음료,커피음료,쟈뎅시그니처까페라떼1.1L,쟈뎅,1.1L
10067,Training|Validation,음료,커피음료,커피음료,쟈뎅시그니처아메리카노블랙1.1L,쟈뎅,1.1L
10066,Training|Validation,음료,커피음료,커피음료,쟈뎅시그니처아메리카노스위트1.1L,쟈뎅,1.1L
50084,Training|Validation,음료,커피음료,커피음료,쟈뎅아메리카노스위트320ML,쟈뎅,320ML
20155,Training|Validation,음료,커피음료,커피음료,제주삼다수500ML,제주특별자치도개발공사,500ML
15221,Training|Validation,음료,커피음료,커피음료,커피빈아메리카노,커피빈코리아,1L
30014,Training|Validation,음료,커피음료,커피음료,몬스터에너지울트라355ML,코카콜라음료,355ML
10011,Training|Validation,음료,커피음료,커피음료,조지아고티카빈티지블랙390ML,코카콜라음료,390ML
10012,Training|Validation,음료,커피음료,커피음료,조지아고티카빈티지블랙390ML,코카콜라음료,300ML
50083,Training|Validation,음료,커피음료,커피음료,조지아아이스아메리카노(파우치)230,코카콜라음료,230ML
50028,Training|Validation,음료,커피음료,커피음료,코카)미닛메이드조이오렌지175ML,코카콜라음료,175ML
60061,Training|Validation,음료,커피음료,커피음료,코카)미닛메이드포도셀렉트,코카콜라음료,1.5L
25337,Training|Validation,음료,커피음료,커피음료,코카)스프라이트 215ML,코카콜라음료,215ML
10022,Training|Validation,음료,커피음료,커피음료,코카콜라조지아고티카빈티지블랙270ML,코카콜라음료,270ML
40009,Training|Validation,음료,커피음료,커피음료,코카콜라조지아카페스위트블랙175ml,코카콜라음료,175ML
20220,Training|Validation,음료,커피음료,커피음료,코카토레타1.5L,코카콜라음료,1.5L
40040,Training|Validation,음료,커피음료,커피음료,코카파워에이드MB520ML,코카콜라음료,520ML
40049,Training|Validation,음료,커피음료,커피음료,코카환타오렌지250ML,코카콜라음료,250ML
55750,Training|Validation,음료,커피음료,커피음료,크리스터)파카하드셀처체리라임,크리스터,335ML
35687,Training|Validation,음료,커피음료,커피음료,파인프로덕츠)파인바질시드드링크그레이프플레이버,파인프로덕츠,290ML
35204,Training|Validation,음료,커피음료,커피음료,푸르밀)생초콜릿라떼250ML,푸르밀,250ML
70037,Training|Validation,음료,커피음료,커피음료,랭거스오렌지449ML,한국쥬맥스,449ML
45397,Training|Validation,음료,커피음료,커피음료,한국쥬맥스)모구모구복숭아향,한국쥬맥스,320ML
45465,Training|Validation,음료,커피음료,커피음료,한국쥬맥스)해피데이아로니아+체리,한국쥬맥스,1L
70074,Training|Validation,음료,커피음료,커피음료,해태)선키스트리얼에이드자몽1.5L,해태,1.5L
40010,Training|Validation,음료,커피음료,커피음료,해태갈배사이다210ML,해태,210ML
40051,Training|Validation,음료,커피음료,커피음료,심플러스바른샘물300ML,홈플러스,300ML
45299,Training|Validation,음료,커피음료,커피음료,홈플러스)갈바니나스파클링자몽에이드355ML,홈플러스,355ML
25327,Training|Validation,음료,커피음료,커피음료,홈플러스시그니처 카페라떼 390ML,홈플러스,390ML
35691,Training|Validation,음료,커피음료,커피음료,회풍유통)차파이레몬홍차,회풍유통,500ML
20018,Training|Validation,음료,냉장음료,코코넛워터,남양에프엔비프리미엄토닉워터소닉300ML,남양유업,300ML
25790,Training|Validation,음료,냉장음료,코코넛워터,더케어홀딩스 브로콜리혼합주스1000ML,더케이홀딩스,1000ML
25879,Training|Validation,음료,냉장음료,코코넛워터,서울에프앤비 마이밀비핏오트190ML,서울에프앤비,190ML
25517,Training|Validation,음료,냉장음료,코코넛워터,에페브 유기농 레몬향스파클링 330ML,에페브,330ML
75041,Training|Validation,음료,탄산음료,콜라,글로벌심층수 해양심층수딥스그린 500ML,글로벌심층수,500ML
30051,Training|Validation,음료,탄산음료,콜라,츄파춥스레몬라임스파클링1.5L,농심,1.5L
55685,Training|Validation,음료,탄산음료,콜라,델몬트망고드링크(4개),델몬트,760ML
40071,Training|Validation,음료,탄산음료,콜라,델몬트팜&홈청포도1.2L,델몬트,1.2L
25330,Training|Validation,음료,탄산음료,콜라,동서 맥스웰하우스 콜롬비아나카페라떼 240ML,동서식품,240ML
20091,Training|Validation,음료,탄산음료,콜라,롯데2%부족할때복숭아1.5L,롯데칠성음료,1.5L
60010,Training|Validation,음료,탄산음료,콜라,롯데속까지부드러운꿀배(캔)240ML,롯데칠성음료,240ML
65439,Training|Validation,음료,탄산음료,콜라,롯데온리프라이스아메리카노스위트,롯데칠성음료,2.1L
20023,Training|Validation,음료,탄산음료,콜라,롯데트레비플레인(PET)500ML,롯데칠성음료,500ML
35535,Training|Validation,음료,탄산음료,콜라,예광인터내셔널)아담스파클링애플,예광인터내셔널,275ML
20026,Training|Validation,음료,탄산음료,콜라,오케이에프)알로에베라킹500ml,오케이에프,500ML
45402,Training|Validation,음료,탄산음료,콜라,롯데쇼핑)스파클링사이다,온리프라이스,350ML
25520,Training|Validation,음료,탄산음료,콜라,위스트 모구모구 알로에베라큐브리치맛 320ML,위스트,320ML
20032,Training|Validation,음료,탄산음료,콜라,지에스)유채꽃한라봉에이드410ML,지에스,410ML
30034,Training|Validation,음료,탄산음료,콜라,코카콜라)캐나다드라이진저에일250ML,코카콜라,250ML
25340,Training|Validation,음료,탄산음료,콜라,코카)스프라이트1L,코카콜라음료,1L
25339,Training|Validation,음료,탄산음료,콜라,코카)제로코카콜라 215ML,코카콜라음료,215ML
50027,Training|Validation,음료,탄산음료,콜라,코카조지아커피오리지널240ML,코카콜라음료,240ML
60069,Training|Validation,음료,탄산음료,콜라,코카콜라)미닛메이드벚꽃&사과1.2L,코카콜라음료,1.2L
10036,Training|Validation,음료,탄산음료,콜라,코카콜라)코카콜라350ML,코카콜라음료,350ML
10051,Training|Validation,음료,탄산음료,콜라,코카콜라)코카콜라오리지날테이스트245ml,코카콜라음료,245ML
10075,Training|Validation,음료,탄산음료,콜라,코카콜라1.5L,코카콜라음료,1.5L
10055,Training|Validation,음료,탄산음료,콜라,코카콜라355ML,코카콜라음료,355ML
10027,Training|Validation,음료,탄산음료,콜라,코카콜라오리지널300ML,코카콜라음료,300ML
10034,Training|Validation,음료,탄산음료,콜라,코카콜라제로250ML,코카콜라음료,250ML
40034,Training|Validation,음료,탄산음료,콜라,하이트엑스트라콜드355ml,하이트진로,355ML
80164,Training|Validation,음료,탄산음료,콜라,해태)갈아만든배1.5L,해태에이치티비,1.5L
40053,Training|Validation,음료,탄산음료,콜라,현대미에로화이바350ML,현대내츄럴,350ML
60044,Training|Validation,음료,탄산음료,콜라,심플러스)바른샘물500ML,홈플러스,500ML
20098,Training|Validation,음료,탄산음료,콜라,휘오)순수2L,휘오,2L
30036,Training|Validation,음료,탄산수,플레인탄산수,CJ헛개수340ML,CJ제일제당,340ML
30035,Training|Validation,음료,탄산수,플레인탄산수,캐나다드라이토닉워터250ML,기타,250ML
50033,Training|Validation,음료,탄산수,플레인탄산수,나랑드사이다1.5L,동아오츠카,1.5L
70040,Training|Validation,음료,탄산수,플레인탄산수,동아포카리스웨트620ML,동아오츠카,620ML
20024,Training|Validation,음료,탄산수,플레인탄산수,롯데사각사각꿀배380ML,롯데칠성음료,380ML
25968,Training|Validation,음료,탄산수,플레인탄산수,롯데칠성음료 마스터토닉워터410ML,롯데칠성음료,410ML
50014,Training|Validation,음료,탄산수,플레인탄산수,롯데칸타타오리지날 원두커피390ml,롯데칠성음료,390ml
60014,Training|Validation,음료,탄산수,플레인탄산수,롯데코코리치망코340ML,롯데칠성음료,340ML
20044,Training|Validation,음료,탄산수,플레인탄산수,바바마이홈카페카페메이커500ML,바바마이,500ML
10123,Training|Validation,음료,탄산수,플레인탄산수,하이트진로)토닉워터300ML,석수와퓨리스,300ML
40068,Training|Validation,음료,탄산수,플레인탄산수,웅진옥수수수염차180ML,웅진식품,180ML
40074,Training|Validation,음료,탄산수,플레인탄산수,웅진자연은알로에1.5L,웅진식품,1.5L
80037,Training|Validation,음료,탄산수,플레인탄산수,웅진초록매실500ML,웅진식품,500ML
70045,Training|Validation,음료,탄산수,플레인탄산수,웅진헛개꿀D100ML,웅진식품,100ML
55710,Training|Validation,음료,탄산수,플레인탄산수,젠니혼주류치어스다이긴죠,젠니혼주류,180ML
10008,Training|Validation,음료,탄산수,플레인탄산수,코카씨그램플레인350ML,코카콜라음료,350ML
26004,Training|Validation,음료,탄산수,플레인탄산수,푸드웰 닥터리브곤약젤리애플망고150G,푸드웰,150G
80029,Training|Validation,음료,탄산수,플렝니탄산수,롯데핑크퐁포도사과235ML,롯데칠성음료,235ML
10132,Training|Validation,음료,기능성음료,한방음료,광동)발효홍삼 100ml,광동,100ML
25809,Training|Validation,음료,기능성음료,한방음료,광동제약 광동생강쌍화진100ML*10,광동제약,1000ML
10001,Training|Validation,음료,기능성음료,한방음료,유어스광동어성초500ml,광동제약,500ML
10003,Training|Validation,음료,기능성음료,한방음료,롯데고려홍삼180ML,롯데칠성음료,180ML
30043,Training|Validation,음료,기능성음료,한방음료,롯데쌕쌕오렌지240ML,롯데칠성음료,240ML
A10022,Training|Validation,음료,기능성음료,한방음료,서정쿠킹)느린식혜,서정쿠킹,1000ML
60055,Training|Validation,음료,기능성음료,한방음료,웅진가을대추280ml,웅진식품,280ML
50216,Training|Validation,음료,기능성음료,한방음료,커피빈 바닐라라떼,커피빈코리아,250ML
25874,Training|Validation,음료,기능성음료,한방음료,테일러팜스 푸룬딥워터180ML,테일러팜스,180ML
50071,Training|Validation,음료,기능성음료,한방음료,팔도)비락바나나식혜238ML,팔도,238ML
20040,Training|Validation,음료,탄산음료,혼합탄산,GS리테일스파클링요구르트350ML,GS리테일,350ML
25325,Training|Validation,음료,탄산음료,혼합탄산,갈바니나 스파클링 레드오렌지에이드 355ML,갈바니나,355ML
60031,Training|Validation,음료,탄산음료,혼합탄산,광동)비타500스파클링(캔),광동제약,250ML
20139,Training|Validation,음료,탄산음료,혼합탄산,광동제약)비타500,광동제약,240ML
45491,Training|Validation,음료,탄산음료,혼합탄산,금강B&F)청춘전투진저에레몬한방울,금강B&F,240ML
60104,Training|Validation,음료,탄산음료,혼합탄산,헛개숙취세트3G*100ML,기타,100ML
65852,Training|Validation,음료,탄산음료,혼합탄산,남양)몸이가벼워지는시간17차오리진,남양유업,1.5L
20015,Training|Validation,음료,탄산음료,혼합탄산,남양)츄파춥스오렌지345ML,남양유업,345ML
50036,Training|Validation,음료,탄산음료,혼합탄산,농심)웰치화이트그레이프1.5L,농심,1.5L
40014,Training|Validation,음료,탄산음료,혼합탄산,농심웰치스포도355ml,농심,355ML
70081,Training|Validation,음료,탄산음료,혼합탄산,델몬트)콜드오렌지1.89L,델몬트,1.89L
40011,Training|Validation,음료,탄산음료,혼합탄산,델몬트알로에180ml,델몬트,180ML
60053,Training|Validation,음료,탄산음료,혼합탄산,동서제티초코175ML,동서식품,175ML
60038,Training|Validation,음료,탄산음료,혼합탄산,동아데자와240ML,동아오츠카,240ML
30049,Training|Validation,음료,탄산음료,혼합탄산,동아오란씨오렌지1.5L,동아오츠카,1.5L
10016,Training|Validation,음료,탄산음료,혼합탄산,동아오츠카데미소다자몽250ML,동아오츠카,250ML
90041,Training|Validation,음료,탄산음료,혼합탄산,동원샘물0.5L,동원F&B,0.5L
90216,Training|Validation,음료,탄산음료,혼합탄산,동원양반배식혜500ml,동원F&B,500ml
20017,Training|Validation,음료,탄산음료,혼합탄산,롯데) 비타코코넛워터280ml,롯데제과,280ML
30018,Training|Validation,음료,탄산음료,혼합탄산,롯데)칸타타스위트아메리카노275ML,롯데제과,275ML
50022,Training|Validation,음료,탄산음료,혼합탄산,LOTTE레쓰비 마일드 커피150ML,롯데칠성,150ML
90058,Training|Validation,음료,탄산음료,혼합탄산,롯데)2%부족할때아쿠아PET1.5L,롯데칠성음료,1.5L
40020,Training|Validation,음료,탄산음료,혼합탄산,롯데)숨편한목단비국화차(PET)500ML,롯데칠성음료,500ML
60020,Training|Validation,음료,탄산음료,혼합탄산,롯데)유어스도라지꿀배340ML,롯데칠성음료,340ML
80019,Training|Validation,음료,탄산음료,혼합탄산,롯데)코코리치포도340ML,롯데칠성음료,340ML
60040,Training|Validation,음료,탄산음료,혼합탄산,롯데가나초코라떼175ML,롯데칠성음료,175ML
80046,Training|Validation,음료,탄산음료,혼합탄산,롯데게토레이600ML,롯데칠성음료,600ML
40002,Training|Validation,음료,탄산음료,혼합탄산,롯데레쓰비마일드커피 200ml,롯데칠성음료,200ML
20094,Training|Validation,음료,탄산음료,혼합탄산,롯데마운틴듀1.5L,롯데칠성음료,1.5L
10032,Training|Validation,음료,탄산음료,혼합탄산,롯데마운틴듀355ML,롯데칠성음료,355ML
10078,Training|Validation,음료,탄산음료,혼합탄산,롯데밀키스1.5L,롯데칠성음료,1.5L
80018,Training|Validation,음료,탄산음료,혼합탄산,롯데밀키스340ML,롯데칠성음료,340ML
10038,Training|Validation,음료,탄산음료,혼합탄산,롯데밀키스500ML,롯데칠성음료,500ML
10010,Training|Validation,음료,탄산음료,혼합탄산,롯데사랑초톡톡스파클링330ML,롯데칠성음료,330ML
60034,Training|Validation,음료,탄산음료,혼합탄산,롯데이프로부족할때복숭아240ML,롯데칠성음료,240ML
20038,Training|Validation,음료,탄산음료,혼합탄산,롯데칠성사이다로어슈거500ML,롯데칠성음료,500ML
60016,Training|Validation,음료,탄산음료,혼합탄산,롯데칠성요랄라요구르트스파클링(캔)340ML,롯데칠성음료,340ML
30030,Training|Validation,음료,탄산음료,혼합탄산,롯데칠성요랄라요구르트스파클링(펫)420ML,롯데칠성음료,420ML
20043,Training|Validation,음료,탄산음료,혼합탄산,롯데트레비워터500ML,롯데칠성음료,500ML
80045,Training|Validation,음료,탄산음료,혼합탄산,롯데트로피카나스파클링복숭아400ML,롯데칠성음료,400ML
20042,Training|Validation,음료,탄산음료,혼합탄산,롯데트로피카나스파클링사과400ML,롯데칠성음료,400ML
80017,Training|Validation,음료,탄산음료,혼합탄산,롯데트로피카나스파클링오렌지355ML,롯데칠성음료,355ML
20022,Training|Validation,음료,탄산음료,혼합탄산,롯데펩시콜라600ML,롯데칠성음료,600ML
90021,Training|Validation,음료,탄산음료,혼합탄산,칸타타콜드브루라떼275ML,롯데칠성음료,275ML
20011,Training|Validation,음료,탄산음료,혼합탄산,미닛메이드사과 175ml,미닛메이드,175ML
20014,Training|Validation,음료,탄산음료,혼합탄산,보해)크렁크펀치캔디스파클링(캔)350ML,보해)크,350ML
30038,Training|Validation,음료,탄산음료,혼합탄산,미스터초이스리치300ML,부라보F&B,300ML
35844,Training|Validation,음료,탄산음료,혼합탄산,부루구루)부루구루콤부차오리지널,부루구루,355ML
60018,Training|Validation,음료,탄산음료,혼합탄산,빅토리아자몽350ml,빅토리아,350ML
30031,Training|Validation,음료,탄산음료,혼합탄산,빙그레따옴석류크랜베리235ML,빙그레,235ML;
10255,Training|Validation,음료,탄산음료,혼합탄산,빙그레사과에이드,빙그레,250ML
35853,Training|Validation,음료,탄산음료,혼합탄산,삼양패키징)미초깔끔한깔라만시,삼양패키징,200ML
35628,Training|Validation,음료,탄산음료,혼합탄산,상일)테이크파이브,상일,250ML
35364,Training|Validation,음료,탄산음료,혼합탄산,샘표맛있게염도낮은양조간장,샘표식품,930ML
30039,Training|Validation,음료,탄산음료,혼합탄산,서울에프엔비망고스무디190ML,서울에프엔비,190ML
35536,Training|Validation,음료,탄산음료,혼합탄산,예광인터내셔널)이브스파클링애플,예광인터내셔널,275ML
45497,Training|Validation,음료,탄산음료,혼합탄산,오가닉집)캐스케이드유기농스파클링워터믹스베리,오가닉,509ML
90013,Training|Validation,음료,탄산음료,혼합탄산,오케이에프선키스트쿨라임스파클링500ML,오케이에프,500ML
20046,Training|Validation,음료,탄산음료,혼합탄산,가야당근농장180ML(병),웅진식품,180ML
70047,Training|Validation,음료,탄산음료,혼합탄산,가야알로에농장500ML,웅진식품,500ML
70034,Training|Validation,음료,탄산음료,혼합탄산,가야토마토농장500ML,웅진식품,500ML
30045,Training|Validation,음료,탄산음료,혼합탄산,웅진)아침햇살(캔)180ML,웅진식품,180
35711,Training|Validation,음료,탄산음료,혼합탄산,웅진식품)이온더핏,웅진식품,1L
10127,Training|Validation,음료,탄산음료,혼합탄산,웰치스그레이프500ml,웰치스,500ML
66008,Training|Validation,음료,탄산음료,혼합탄산,위스트)바이오티그레이프그린350ML,위스트,350ML
30048,Training|Validation,음료,탄산음료,혼합탄산,아임소다다1.5L,일화,1.5L
10009,Training|Validation,음료,탄산음료,혼합탄산,일화)맥콜500ML,일화,500ML
50012,Training|Validation,음료,탄산음료,혼합탄산,일화맥콜250ML,일화,250ML
35360,Training|Validation,음료,탄산음료,혼합탄산,일화아임소다다메론소다,일화,1.5L
60008,Training|Validation,음료,탄산음료,혼합탄산,일화천연사이다250ML,일화,250ML
50013,Training|Validation,음료,탄산음료,혼합탄산,일화초정탄산수190ML,일화,190ML
50048,Training|Validation,음료,탄산음료,혼합탄산,일화초정공장)탑씨오렌지향1.5L,일화초정공장,1.5L
60017,Training|Validation,음료,탄산음료,혼합탄산,코카콜라)미닛스파클링복숭아345ml,코카콜라,345ML
40050,Training|Validation,음료,탄산음료,혼합탄산,코카콜라)조지아고티카빈티지라떼270ML,코카콜라,270ML
10039,Training|Validation,음료,탄산음료,혼합탄산,슈웹스레몬토닉350ML,코카콜라음료,350ML
30052,Training|Validation,음료,탄산음료,혼합탄산,코카)미닛메이드오리지널포도1.8L,코카콜라음료,1.8L
50037,Training|Validation,음료,탄산음료,혼합탄산,코카미닛메이드홈스타일자몽1.2L,코카콜라음료,1.2L
70079,Training|Validation,음료,탄산음료,혼합탄산,코카미닛에이드홈스타일청포도1.2L,코카콜라음료,1.2
30027,Training|Validation,음료,탄산음료,혼합탄산,코카조지아크래프트카페라떼470ML,코카콜라음료,470ML
20041,Training|Validation,음료,탄산음료,혼합탄산,코카콜라)더탄산레몬450ML,코카콜라음료,450ML
10030,Training|Validation,음료,탄산음료,혼합탄산,코카콜라)더탄산애플민트450ML,코카콜라음료,450ML
30050,Training|Validation,음료,탄산음료,혼합탄산,코카콜라1.6L,코카콜라음료,1.6L
20031,Training|Validation,음료,탄산음료,혼합탄산,코카콜라제로500ML,코카콜라음료,500ML
40008,Training|Validation,음료,탄산음료,혼합탄산,코카콜라조지아카페마일드175ml,코카콜라음료,175ML
20033,Training|Validation,음료,탄산음료,혼합탄산,코카토레타500ML,코카콜라음료,500ML
90010,Training|Validation,음료,탄산음료,혼합탄산,코카파워에이드MB355ML(PET),코카콜라음료,355ML
70076,Training|Validation,음료,탄산음료,혼합탄산,코카파워에이드퍼플스톰1.5L,코카콜라음료,1.5
10076,Training|Validation,음료,탄산음료,혼합탄산,코카환타오렌지1.5L,코카콜라음료,1.5L
20016,Training|Validation,음료,탄산음료,혼합탄산,코카환타오렌지185ML,코카콜라음료,185ML
10052,Training|Validation,음료,탄산음료,혼합탄산,코카환타오렌지215ML,코카콜라음료,215ML
90012,Training|Validation,음료,탄산음료,혼합탄산,코카환타오렌지600ML,코카콜라음료,600ML
10077,Training|Validation,음료,탄산음료,혼합탄산,코카환타파인애플1.5L,코카콜라음료,1.5L
10033,Training|Validation,음료,탄산음료,혼합탄산,코카환타포도250ML,코카콜라음료,250ML
40037,Training|Validation,음료,탄산음료,혼합탄산,코코팜망고코넛340ML,코코팜,340ML
90005,Training|Validation,음료,탄산음료,혼합탄산,팔도비락수정과238ML,팔도,238ML
45663,Training|Validation,음료,탄산음료,혼합탄산,한국청정음료)트루워터,한국청정음료,330ML
20093,Training|Validation,음료,탄산음료,혼합탄산,해태갈배사이다1.5L,해태,1.5L
50049,Training|Validation,음료,탄산음료,혼합탄산,해태썬키스트레몬에이드1.5L,해태,1.5L
60059,Training|Validation,음료,탄산음료,혼합탄산,해태파인애플봉봉238ML,해태,238ML
40015,Training|Validation,음료,탄산음료,혼합탄산,해태갈아만든배340ML,해태에이치티비,340ML
40004,Training|Validation,음료,탄산음료,혼합탄산,해태봉봉포도238ML,해태에이치티비,238ML
80025,Training|Validation,음료,탄산음료,혼합탄산,해태썬키스트딸기바나나220ML,해태에이치티비,220ML
10002,Training|Validation,음료,탄산음료,혼합탄산,해태썬키스트자몽소다350ML(PET),해태에이치티비,350ML
50047,Training|Validation,음료,탄산음료,혼합탄산,써니텐 오렌지향 1.5L,해태음료,1.5L
90014,Training|Validation,음료,탄산음료,혼합탄산,썬키스트자몽워터500ML,해태음료,500ML
20095,Training|Validation,음료,탄산음료,혼합탄산,썬키스트훼미리매실1.5L,해태음료,1.5L
10014,Training|Validation,음료,탄산음료,혼합탄산,해태갈배사이다238ML,해태음료,238ML
10013,Training|Validation,음료,탄산음료,혼합탄산,해태갈배사이다355ML,해태음료,355ML
10080,Training|Validation,음료,탄산음료,혼합탄산,해태써니텐블라스트포도1.5L,해태음료,1.5L
25326,Training|Validation,음료,탄산음료,혼합탄산,홈플러스시그니처 블랙커피 390ML,홈플러스,390ML
25329,Training|Validation,음료,탄산음료,혼합탄산,홈플러스시그니처 콜라 350ML,홈플러스,350ML
35361,Training|Validation,음료,탄산음료,혼합탄산,홈플러스심플러스스파클링그린애플,홈플러스,1.5L
35362,Training|Validation,음료,탄산음료,혼합탄산,홈플러스심플러스스파클링레몬라임,홈플러스,1.5L
35363,Training|Validation,음료,탄산음료,혼합탄산,홈플러스심플러스스파클링청포도,홈플러스,1.5L
45306,Training|Validation,음료,탄산음료,홉합탄산,동서식품)파이크플레이스로스트블랙커피275ML,동서식품,275ML
30289,Training|Validation,의약외품,구강용품,구강청정제,동아제약)가그린 어린이용 딸기,동아제약,380ML
10320,Training|Validation,의약외품,구강용품,구강청정제,동아제약)가그린 어린이용 사과,동아제약,380ML
10106,Training|Validation,의약외품,구강용품,구강청정제,동아제약)가그린오리지널380ML,동아제약,380ML
10097,Training|Validation,의약외품,구강용품,구강청정제,동아제약)가그린후레쉬라임100ML,동아제약,100ML
80249,Training|Validation,의약외품,구강용품,구강청정제,리스테린내추럴시트러스750ML,리스테린,750ML
10099,Training|Validation,의약외품,구강용품,구강청정제,존슨앤드존슨)리스테린액그린티마일드100ML,존슨앤드존슨,100ML
10098,Training|Validation,의약외품,구강용품,구강청정제,존슨앤드존슨)리스테린액쿨민트마일드100ML,존슨앤드존슨,100ML
60275,Training|Validation,의약외품,구강용품,구강청정제,존슨앤존스)리스테린 그린티,존슨앤존스,250ML
40304,Training|Validation,의약외품,구강용품,구강청정제,존슨앤존스)리스테린 내추럴시트러스,존슨앤존스,250ML
30288,Training|Validation,의약외품,구강용품,구강청정제,존슨앤존스)리스테린 내츄럴그린티,존슨앤존스,250ML
20310,Training|Validation,의약외품,구강용품,구강청정제,존슨앤존스)리스테린 헬씨브라이트,존슨앤존스,250ML
40311,Training|Validation,의약외품,구강용품,구강청정제,존슨앤존스)리스테린 후레쉬버스트,존슨앤존스,750ML
55735,Training|Validation,의약외품,구강용품,구강청정제,한국존슨앤드존슨)리스테린액티쓰앤드검디펜스,한국존슨앤드존슨,750ML
45538,Training|Validation,의약외품,구강용품,기타구강관리용품,경주생약)입터진날엔9G,경주생약,3개입
60103,Training|Validation,의약외품,구강용품,기타구강관리용품,입터진날엔3개입9G,기타,9G
15458,Training|Validation,의약외품,기능성음료,기타기능성음료,광동 위생천 박스 10병,광동제약,10병
66380,Training|Validation,의약외품,기능성음료,기타기능성음료,광동제약위생천75ML,광동제약,75ML
55766,Training|Validation,의약외품,건강보조식품,눈/간/위/뼈,네이처트리)국민간건강500MG*30정,네이처트리,15G
55770,Training|Validation,의약외품,건강보조식품,눈/간/위/뼈,네이처트리)국민루테인500MG*30정,네이처트리,15G
55771,Training|Validation,의약외품,건강보조식품,눈/간/위/뼈,네이처트리)국민뼈건강800MG*60정,네이처트리,48G
65027,Training|Validation,의약외품,위생용품,렌즈관리용품,리뉴후래쉬60ML-1118입고,리뉴후래,60ML
90245,Training|Validation,의약외품,위생용품,렌즈관리용품,바슈롬)리뉴후레쉬,바슈롬,500ML
20110,Training|Validation,의약외품,위생용품,렌즈관리용품,옵티프리익스프레스355L,옵티,355L
45701,Training|Validation,의약외품,위생용품,렌즈관리용품,중외제약)듀프렌즈셀라인솔루션(염화나트륨),중외제약,370ML
70180,Training|Validation,의약외품,두발용품,린스/컨디셔너,엘라스틴피토케라틴모이스쳐컨디셔너680ML,엘지생활건강,680ML
45243,Training|Validation,의약외품,위생용품,바디보습,맨소래덤아시아퍼시픽)멘소래담마사지롤온로션50ML,맨담코리아,50ML
60232,Training|Validation,의약외품,위생용품,바디보습,세청인터네셔널페트롤리움젤리,세청인터,106G
35174,Training|Validation,의약외품,위생용품,바디보습,유니레버코리아)마세린오리지널프로텍팅젤리100ml,유니레버코리아,100ML
70228,Training|Validation,의약외품,위생용품,바디패치/팩,와이캔케이헬스케어닥터원더원더패치,와이캔케이,60매
45242,Training|Validation,의약외품,위생용품,바디패치/팩,한국멘소래담)멘소래담클리어패치52매,한국멘소래담,52매
A40040,Training|Validation,의약외품,레저취미,반려묘/반려견용품,펫퍼스펫퍼스배변유도제(애완용),기타,60ML
60219,Training|Validation,의약외품,위생용품,밴드류,해피홈아쿠아밴드,기타,10매
46101,Training|Validation,의약외품,위생용품,밴드류,누리데믹스)마데카메디패치(1회용반창고),누리메딕스,2매입
50223,Training|Validation,의약외품,위생용품,밴드류,누리메딕스시크릿커버밴드,누리메딕스,12매
80222,Training|Validation,의약외품,위생용품,밴드류,누리메딕스어드밴스키즈밴드(페코패턴밴드표준형),누리메딕스,20매
66085,Training|Validation,의약외품,위생용품,밴드류,동국제약)마데카메디패치스팟패치12MM10MM,동국제약,51매
35873,Training|Validation,의약외품,위생용품,밴드류,롯데)초이스엘어린이밴드,롯데제과,40매입
26052,Training|Validation,의약외품,위생용품,밴드류,메디코리아 초이스엘표준형밴드50매,메디코리아,50매
26053,Training|Validation,의약외품,위생용품,밴드류,메디코리아 초이스엘혼합형밴드50매,메디코리아,50매
66230,Training|Validation,의약외품,위생용품,밴드류,메디코리아)초이스엘드레싱밴드중형12매,메디코리아,12매
66201,Training|Validation,의약외품,위생용품,밴드류,메디코리아)초이스엘메디고탄력밴드에이36매,메디코리아,36매
66228,Training|Validation,의약외품,위생용품,밴드류,메디코리아)초이스엘쿠션방수밴드16매,메디코리아,16매
66227,Training|Validation,의약외품,위생용품,밴드류,메디코리아)초이스엘투명밴드방수용혼합형13매,메디코리아,13매
66229,Training|Validation,의약외품,위생용품,밴드류,메디코리아)초이스엘하이드로콜로이드메디덤밴드대형2매,메디코리아,2매
20275,Training|Validation,의약외품,위생용품,밴드류,테라스킨러버덕아쿠아밴드,서울로직,10매
60229,Training|Validation,의약외품,위생용품,밴드류,테라스킨탄력밴드혼합형14매,서울로직,14매
15535,Training|Validation,의약외품,위생용품,밴드류,쓰리엠 넥스케어 1회용반창고 숨쉬는방수밴드투명중형 20매,쓰리엠,20매
25615,Training|Validation,의약외품,위생용품,밴드류,쓰리엠 넥스케어 컴포트탄력밴드 10매중형,쓰리엠,10매
15312,Training|Validation,의약외품,위생용품,밴드류,쓰리엠 넥스케어블레미쉬클리어커버28매입,쓰리엠,28매입
60236,Training|Validation,의약외품,위생용품,밴드류,아텍스더밴드키즈밴드,아텍스,20매
60269,Training|Validation,의약외품,위생용품,밴드류,애경)2080 진지발리스K 오리지널,애경,120G
45259,Training|Validation,의약외품,위생용품,밴드류,에버레이드)메디힐에이제로샷스킨드레싱패치80패치,에버레이드,80패치
40265,Training|Validation,의약외품,위생용품,밴드류,에버레이드후렉스밴드,에버레이드,10매
A30010,Training|Validation,의약외품,위생용품,밴드류,(주)에프에이해피홈압박용밴드,에프에이,2롤
50207,Training|Validation,의약외품,위생용품,밴드류,REBORN에드플렉스-에스,영케미칼,8매
90256,Training|Validation,의약외품,위생용품,밴드류,영캐미칼뽀로로키즈밴드,영케미칼,20매
10286,Training|Validation,의약외품,위생용품,밴드류,영케미날에이스밴드에스브이표준형,영케미칼,55개입
40302,Training|Validation,의약외품,위생용품,밴드류,영케미칼)아쿠아밴드 메드플렉스1+1,영케미칼,10매
30280,Training|Validation,의약외품,위생용품,밴드류,영케미칼)카카오프렌즈밴드 중형12매,영케미칼,12매
25200,Training|Validation,의약외품,위생용품,밴드류,와이엔케이헬스케어)해피홈고탄력밴드15매,와이엔케이헬스케어,15매
50222,Training|Validation,의약외품,위생용품,밴드류,와이엔케이헬스케어러버덕시리즈밴드에이(24매),와이엔케이헬스케어,24매
70247,Training|Validation,의약외품,위생용품,밴드류,와이엔케이헬스케어시리즈밴드에이,와이엔케이헬스케어,24매
10266,Training|Validation,의약외품,위생용품,밴드류,유한해피홈멸균밴드표준형,유한,10매
60241,Training|Validation,의약외품,위생용품,밴드류,유한양행아쿠아밴드,유한양행,10매
30229,Training|Validation,의약외품,위생용품,밴드류,대일화확공업대일밴드큐21매,일화,21매
50206,Training|Validation,의약외품,위생용품,밴드류,가디건팜스케어미라클밴드,팜스케어,14매
20262,Training|Validation,의약외품,위생용품,밴드류,가디언팡스케어미라클밴드,팜스케어,16매
45708,Training|Validation,의약외품,위생용품,밴드류,한국쓰리엠)쓰리엠넥스케어1회용반창고,한국쓰리엠,30매
15614,Training|Validation,의약외품,건강보조식품,비타민/미네랄,CJ 리턴업 비타민 40 84G,CJ제일제당,84G
15615,Training|Validation,의약외품,건강보조식품,비타민/미네랄,CJ 리턴업 비타민 베이직 84G,CJ제일제당,84G
15613,Training|Validation,의약외품,건강보조식품,비타민/미네랄,CJ 리턴업 비타민 뼈건강케어 84G,CJ제일제당,84G
15616,Training|Validation,의약외품,건강보조식품,비타민/미네랄,CJ 리턴업 비타민 에너지케어 84G,CJ제일제당,84G
15664,Training|Validation,의약외품,건강보조식품,비타민/미네랄,고려은단 쏠라C구미 복숭아맛 50G,고려은단헬스케어,50G
55940,Training|Validation,의약외품,건강보조식품,비타민/미네랄,고려은단헬스케어)쏠라C구미레몬맛50G,고려은단헬스케어,50G
55939,Training|Validation,의약외품,건강보조식품,비타민/미네랄,고려은단헬스케어)쏠라C구미청포도맛50G,고려은단헬스케어,50G
46023,Training|Validation,의약외품,건강보조식품,비타민/미네랄,고려은단헬스케어)쏠라C정레몬맛,고려은단헬스케어,40G
46021,Training|Validation,의약외품,건강보조식품,비타민/미네랄,고려은단헬스케어)쏠라C정블루베리맛,고려은단헬스케어,40G
35625,Training|Validation,의약외품,건강보조식품,비타민/미네랄,드림리더)썬라이프비타민C1000(레몬/라임맛),드림리더,90G
66024,Training|Validation,의약외품,건강보조식품,비타민/미네랄,매크로통상)LEON레옹비타민C레몬젤리80G,매크로통상,80G
55462,Training|Validation,의약외품,건강보조식품,비타민/미네랄,웰팜코리아비타하임멀티비타민,웰팜,90G
15896,Training|Validation,의약외품,기능성음료,비타민/에너지음료,광동제약 비타500치어팩250ML,광동제약,250ML
40108,Training|Validation,의약외품,기능성음료,비타민/에너지음료,동화약품생생톤18ML,동화약품,18ML
20213,Training|Validation,의약외품,생리용품,생리대,웰크론헬스케어예지미인윤슬 대형14개,웰크론헬스케어,14개
20212,Training|Validation,의약외품,생리용품,생리대,웰크론헬스케어예지미인윤슬 소형16개,웰크론헬스케어,16개
60167,Training|Validation,의약외품,생리용품,생리대,웰크론헬스케어예지미인윤슬 중형16개,웰크론헬스케어,16개
90176,Training|Validation,의약외품,생리용품,생리대,유한)좋은느낌대형14맥시슬림,유한,14개
70183,Training|Validation,의약외품,생리용품,생리대,유한)좋은느낌대형16울트라슬림,유한,16개
60150,Training|Validation,의약외품,생리용품,생리대,유한)좋은느낌맥시슬림소형날개형,유한,18개
80149,Training|Validation,의약외품,생리용품,생리대,유한)좋은느낌좋은순면슬림대형날개형에이,유한,12개
10218,Training|Validation,의약외품,생리용품,생리대,유한)좋은느낌좋은순면슬림중형날개형에이,유한,14개
70181,Training|Validation,의약외품,생리용품,생리대,유한)좋은느낌중형18울트라슬림,유한,18개
10216,Training|Validation,의약외품,생리용품,생리대,유한)화이트시크릿홀대형,유한,14개
40198,Training|Validation,의약외품,생리용품,생리대,유한)화이트중형4울트라슬림,유한,4개
60151,Training|Validation,의약외품,생리용품,생리대,유한좋은느낌 시크릿홀 대형,유한,16개
60152,Training|Validation,의약외품,생리용품,생리대,유한좋은느낌 시크릿홀 소형,유한,18개
90182,Training|Validation,의약외품,생리용품,생리대,유한좋은느낌 시크릿홀 중형,유한,18개
A30001,Training|Validation,의약외품,생리용품,생리대,(주)이마트24유기농순면커버날개형중형,이마트24,16EA
70182,Training|Validation,의약외품,생리용품,생리대,좋은느낌 소형 18 울트라슬림,좋은느낌,18개
10220,Training|Validation,의약외품,생리용품,생리대,좋은느낌유슬림맥시슬림대형날개형뉴,좋은느낌,14개
40203,Training|Validation,의약외품,생리용품,생리대,좋은느낌유슬림소형날개형뉴,좋은느낌,18개
80156,Training|Validation,의약외품,생리용품,생리대,좋은느낌유슬림중형날개형뉴,좋은느낌,14개
90177,Training|Validation,의약외품,생리용품,생리대,화이트시크릿홀 오버나이트 8 맥시슬림,화이트래빗,1팩
10096,Training|Validation,의약외품,기능성음료,숙취해소음료,동아제약)가그린제로100ML,동아제약,100ML
56001,Training|Validation,의약외품,기능성음료,숙취해소음료,보고신약)노니메이트100ML,보고신약,100ML
46022,Training|Validation,의약외품,기능성음료,숙취해소음료,보고신약)우루에스+메가센타S,보고신약,120ML
55734,Training|Validation,의약외품,기능성음료,식이섬유음료,현대약품)미에로화이바,현대약품,1.2L
10321,Training|Validation,의약외품,위생용품,연고,동국제약)마데카솔,동국제약,8G
45707,Training|Validation,의약외품,위생용품,연고,유한양행)안티푸라민연고,유한양행,60G
55760,Training|Validation,의약외품,생리용품,오버나이트,웰크론헬스케어)맥심하이진퓨어코튼커버윙즈오버나이트,웰크론헬스케어,8개입
30194,Training|Validation,의약외품,생리용품,오버나이트,유한)좋은느낌오버나이트10일반형,유한,10P
10219,Training|Validation,의약외품,생리용품,오버나이트,유한)좋은느낌오버나이트4팬티형L,유한,4개
90183,Training|Validation,의약외품,생리용품,오버나이트,유한)좋은느낌오버나이트4팬티형M,유한,1팩
30199,Training|Validation,의약외품,생리용품,오버나이트,유한)좋은느낌오버나이트8수퍼롬42CM,유한,8개
80150,Training|Validation,의약외품,생리용품,오버나이트,유한)화이트시크릿홀맥시슬림오버나이트날개형뉴,유한,12개
40202,Training|Validation,의약외품,생리용품,오버나이트,유한)화이트오버나이트14울트라슬림,유한,14개
30179,Training|Validation,의약외품,생리용품,오버나이트,유한)화이트오버나이트4팬티형L,유한,4개
10237,Training|Validation,의약외품,생리용품,오버나이트,유한좋은느낌 오버나이트33CM,유한,14개
80157,Training|Validation,의약외품,생리용품,오버나이트,좋은느낌유맥시슬림오버나이트날개형원,좋은느낌,12개
20230,Training|Validation,의약외품,생리용품,오버나이트,좋은느낌유수퍼롱오버나이트날개형원42CM,좋은느낌,8개
66189,Training|Validation,의약외품,위생용품,위생솜/거즈,대한위재상사)대한에탄올스왑100팩,대한위재상사,100팩
80202,Training|Validation,의약외품,위생용품,위생솜/거즈,신한제약가디언가아제10cm*10cm*8겹,신한제약,5매
90239,Training|Validation,의약외품,위생용품,위생솜/거즈,유한양행해피홈알콜스왑,유한양행,40개
50141,Training|Validation,의약외품,유아용품,유아/아동용치약,그린원일B&B 어린이치약플러스(오렌지맛),그린원일,80G
80250,Training|Validation,의약외품,유아용품,유아/아동용치약,동아제약)가그린 어린이용 풍선껌,동아제약,380ML
30161,Training|Validation,의약외품,유아용품,유아/아동용치약,애경2080 키즈3 스텝치약 베리믹스향,애경,75g
30162,Training|Validation,의약외품,유아용품,유아/아동용치약,제이엠제약뽀로로치약 메론향,제이엠기획,90g
30181,Training|Validation,의약외품,유아용품,유아양기저귀,매직팬티컴포트,매직팬티,3개
A30002,Training|Validation,의약외품,위생용품,임신/배란테스트기,(주)수진텍굿뉴스얼리체크,동아제약,1EA
45279,Training|Validation,의약외품,위생용품,임신/배란테스트기,브랜즈홀딩스)개인용체외진단검사시약1갑,브랜즈홀딩스,1갑
45278,Training|Validation,의약외품,위생용품,임신/배란테스트기,브랜즈홀딩스)개인용체외진단검사시약2갑,브랜즈홀딩스,2갑
90241,Training|Validation,의약외품,위생용품,임신/배란테스트기,유한양행배란진단키트비포,유한양행,1개
90240,Training|Validation,의약외품,위생용품,임신/배란테스트기,유한양행임신진단키트애프터,유한양행,1개
20224,Training|Validation,의약외품,주방용품,지퍼백/비닐백,크린랩)뽑아쓰는 크린백 30cm X 45cm,크린랩,300매
20196,Training|Validation,의약외품,위생용품,치약,메디안치석케어93%120G,LG생환건강,120G
20115,Training|Validation,의약외품,위생용품,치약,46cm페리오오래가는민트,LG생활건강,100g
40189,Training|Validation,의약외품,구강용품,치약,그린원일자일덴트 상쾌한치약모과민트,그린원일,110G
15804,Training|Validation,의약외품,구강용품,치약,동국제약 덴트릭스150G,동국제약,150G
80140,Training|Validation,의약외품,구강용품,치약,동아제약)가그린오리지널250ml,동아제약,250ML
70162,Training|Validation,의약외품,구강용품,치약,부광 안티프라그 치약,부광 안,130g
30164,Training|Validation,의약외품,구강용품,치약,부광약품시린메드에프치약,부광약품,125g
10204,Training|Validation,의약외품,구강용품,치약,아모레)메디안 덴탈화이트 플러스 미백치약 스피아향,아모레퍼시픽,100g
10203,Training|Validation,의약외품,구강용품,치약,아모레)메디안 덴탈화이트 플러스 미백치약 푸르터향,아모레퍼시픽,100g
70171,Training|Validation,의약외품,구강용품,치약,아모레)송천염치약150G,아모레퍼시픽,150G
30081,Training|Validation,의약외품,구강용품,치약,아모레퍼시픽)메디안치석오리지널치약120G,아모레퍼시픽,120G
30165,Training|Validation,의약외품,구강용품,치약,아모레퍼시픽메디안 덴탈솔루션치약,아모레퍼시픽,150g
40303,Training|Validation,의약외품,구강용품,치약,애경)2080 진지발리스K 허벌민트,애경,120G
60154,Training|Validation,의약외품,구강용품,치약,애경2080시그네처150G,애경,150G
40191,Training|Validation,의약외품,구강용품,치약,애경2080진지발리스120G,애경,120G
20116,Training|Validation,의약외품,위생용품,치약,2080시그니처토탈블루,애경산업,125g
90174,Training|Validation,의약외품,구강용품,치약,2080퓨어솔트치약크리스탈민트향160G,애경산업,160G
10215,Training|Validation,의약외품,구강용품,치약,2080퓨어솔트치약핑크민트향160G,애경산업,160G
30080,Training|Validation,의약외품,구강용품,치약,LG생활건강)페리오토탈7오리지널어드밴스치약120G,엘지생활건강,120G
50140,Training|Validation,의약외품,구강용품,치약,LG생활건강죽염 내추럴 후레쉬허브알파치약,엘지생활건강,160g
60155,Training|Validation,의약외품,구강용품,치약,LG생활건강클라이덴 화이트닝 솔루션 뉴 치약,엘지생활건강,120g
70164,Training|Validation,의약외품,구강용품,치약,LG생활건강페리오 46센티미터 굿스멜링치약,엘지생활건강,100g
90173,Training|Validation,의약외품,구강용품,치약,LG생활건강페리오 46센티미터 플러스 맥스후레쉬치약,엘지생활건강,100g
50139,Training|Validation,의약외품,구강용품,치약,덴탈크리닉2080시그니처토탈그린,엘지생활건강,150g
80138,Training|Validation,의약외품,구강용품,치약,유니레버클로즈업아이스후레쉬치약160G,유니레버코리아,160g
30071,Training|Validation,의약외품,구강용품,치약,크리오)크리오딥플러스치약120G,크리오,120G
70163,Training|Validation,의약외품,구강용품,치약,클라이덴치석케어120G,클라이,120G
10213,Training|Validation,의약외품,구강용품,치약,클링스스케일링케어스트롱민트치약100G,페리오,100G
10214,Training|Validation,의약외품,구강용품,치약,클링스스케일링케어쿨링민트치약100G,페리오,100G
80146,Training|Validation,의약외품,구강용품,치약,페리오브레쓰케어알파치약160G,페리오,160G
40182,Training|Validation,의약외품,구강용품,치약,페리오캐비티케어알파치약160G,페리오,160G
30163,Training|Validation,의약외품,구강용품,치약,페리오토탈7스트롱어드밴스치약140G,페리오,140G
80147,Training|Validation,의약외품,구강용품,치약,페리오토탈7오리지널어드밴스치약140G,페리오,140G
10267,Training|Validation,의약외품,위생용품,콘돔,메디바이스PlayBoy유틸리티울트라씬,기타,3개
15258,Training|Validation,의약외품,위생용품,콘돔,원포 임신테스트기3개입,기타,3개입
40248,Training|Validation,의약외품,위생용품,콘돔,듀오스킨투스킨,듀오스킨,3개
50208,Training|Validation,의약외품,위생용품,콘돔,바른생각베스트셀러콘돔3종세트,바른생각,3개
20260,Training|Validation,의약외품,위생용품,콘돔,바른생각익스트림에어핏,바른생각,3개
20259,Training|Validation,의약외품,위생용품,콘돔,아우성슬림3매,바이오제네틱스,3개
70230,Training|Validation,의약외품,위생용품,콘돔,오카모토0.02하이드로폴리우레탄,오카모토,3개
40250,Training|Validation,의약외품,위생용품,콘돔,오카모토003ALOE,오카모토,3개
20261,Training|Validation,의약외품,위생용품,콘돔,오카모토003리얼핏,오카모토,3개
40249,Training|Validation,의약외품,위생용품,콘돔,인토스인터네셔날쿠쿠스무스BY그린바나나,인토스인터네셔날,3개
30230,Training|Validation,의약외품,제습/탈취,탈취제,벤텍스헬시크린리프레셔(향균스프레이),벤텍스헬,100ML
20195,Training|Validation,의약외품,생리용품,탐폰,유한킴벌리화이트 탐폰슈퍼8개,유한킴벌리,8개
30180,Training|Validation,의약외품,위생용품,탐폰,태봉템포레귤러10개,태봉,10개
45292,Training|Validation,의약외품,위생용품,파스,대일화학공업)대일뉴아이스쿨에어로솔200ML,대일화학공업,200ML
45302,Training|Validation,의약외품,위생용품,파스,일명제약)멘소래담R스프레이-에스180ML,일명제약,180ML
80080,Training|Validation,의약외품,생리용품,팬티라이너,소피바디피트천연코튼팬티라이너라벤더,소피바디,20개입
90191,Training|Validation,의약외품,생리용품,팬티라이너,엘지유니참주식회사소피귀애랑 소형18개,엘지생활건강,56G
80148,Training|Validation,의약외품,생리용품,팬티라이너,웰크론헬스케어예지미인윤슬 팬티라이너일반20개,웰크론헬스케어,20개입
60165,Training|Validation,의약외품,생리용품,팬티라이너,웰크론헬스케어예지미인윤슬17.5CM(팬티라이너롱),웰크론헬스케어,17.5CM
10217,Training|Validation,의약외품,생리용품,팬티라이너,유한)화이트데일리라이너일반,유한,48개
90175,Training|Validation,의약외품,생리용품,팬티라이너,유한킴벌리좋은느낌 라이너 일반40개,유한킴벌리,40개
80076,Training|Validation,의약외품,위생용품,핸드워시/손세정제,그리니아)그리니아겔(에탄올)50ML,그리니아,50ML
A30003,Training|Validation,의약외품,위생용품,핸드워시/손세정제,(주)나투젠'올'바른생활,나투젠,60ML
20309,Training|Validation,의약외품,위생용품,핸드워시/손세정제,나투젠)포멀비 데일리 손소독청결제,나투젠,300ML
80251,Training|Validation,의약외품,위생용품,핸드워시/손세정제,나투젠)포멀비 데일리손소독스프레이,나투젠,50ML
45098,Training|Validation,의약외품,위생용품,핸드워시/손세정제,동일제약 아트릭스 에스오에스핸드세니타이저60G,동일제약,60G
A30009,Training|Validation,의약외품,위생용품,핸드워시/손세정제,(주)에프에이해피홈알콜스왑,에프에이,100매
55254,Training|Validation,의약외품,위생용품,핸드워시/손세정제,유한양행그린핑거손소독제겔,유한양행,350ML
66129,Training|Validation,의약외품,위생용품,핸드워시/손세정제,유한킴벌리)그린핑거손소독물티슈99.9%살균소독,유한킴벌리,30매입
45706,Training|Validation,의약외품,위생용품,핸드워시/손세정제,해피코스메틱)센텐스손소독제(에탄올겔),해피바스,50ML
55736,Training|Validation,의약외품,위생용품,핸드워시/손세정제,해피코스메틱)센텐스손소독제(에탄올겔),해피코스메틱,50ML
46102,Training|Validation,이/미용,화장품,BB/파운데이션/컴팩트류,네이처리퍼블릭)네이처리퍼블릭보테니컬오렌지포어파우더,네이처리퍼블릭,4G
36021,Training|Validation,이/미용,화장품,BB/파운데이션/컴팩트류,엔프라니)홀리카홀리카퓨리포어노세범파우더,엔프라니,7G
36016,Training|Validation,이/미용,화장품,BB/파운데이션/컴팩트류,엔프라니)홀리카홀리카하드커버글로우스틱파운데이션01웜아이보리,엔프라니,12G
36017,Training|Validation,이/미용,화장품,BB/파운데이션/컴팩트류,엔프라니)홀리카홀리카하드커버글로우스틱파운데이션03샌드아이보리,엔프라니,12G
36018,Training|Validation,이/미용,화장품,BB/파운데이션/컴팩트류,엔프라니)홀리카홀리카하드커버글로우스틱파운데이션4허니,엔프라니,12G
55893,Training|Validation,이/미용,화장품,BB/파운데이션/컴팩트류,유니레버코리아)폰즈렌젤페이스매티파임페이스파우더,유니레버코리아,50G
55892,Training|Validation,이/미용,화장품,BB/파운데이션/컴팩트류,유니레버코리아)폰즈매직비비파우더,유니레버코리아,50G
45544,Training|Validation,이/미용,화장품,BB/파운데이션/컴팩트류,코스맥스)웻앤와일드메가쿠션파운데이션,코스맥스,15G
35614,Training|Validation,이/미용,위생용품,건강마스크,티피지)마음이편안한아이마스크그린(애플민트향),티피지,5매입
35615,Training|Validation,이/미용,위생용품,건강마스크,티피지)마음이편안한아이마스크네이비(라벤더향),티피지,5매입
25505,Training|Validation,이/미용,위생용품,건강마스크,허밍아비스 스팀베이스데일리아이마스크 라벤더호수향 5매입,허밍아비스,5매입
25506,Training|Validation,이/미용,위생용품,건강마스크,허밍아비스 스팀베이스데일리아이마스크 밤공기향 5매입,허밍아비스,5매입
25491,Training|Validation,이/미용,위생용품,건강마스크,허밍아비스 스팀베이스데일리아이마스크 장미향 5매입,허밍아비스,5매입
25490,Training|Validation,이/미용,위생용품,건강마스크,허밍아비스 스팀베이스데일리아이마스크 카모마일향 5매입,허밍아비스,5매입
45597,Training|Validation,이/미용,위생용품,건강마스크,허밍아비스)스팀베이스데일리아이마스크,허밍아비스,5개입
25610,Training|Validation,이/미용,위생용품,건강마스크,허빙아비스 스팀베이스데일리아이마스크 자몽나무향 5매입,허밍아비스,5매입
45575,Training|Validation,이/미용,화장품,공병/모델링팩전용도구,에스아이)라운드향수공병,에스아이,1개
35503,Training|Validation,이/미용,캔디,기능성캔디,제니코식품)스민트레몬향,제니코식품,35G
35502,Training|Validation,이/미용,캔디,기능성캔디,제니코식품)스민트유칼립투스향,제니코식품,35G
35501,Training|Validation,이/미용,캔디,기능성캔디,제니코식품)스민트혼합과일향,제니코식품,35G
15584,Training|Validation,이/미용,위생용품,기름종이,더페이스샵 오일클리어기름종이파우더 6G,더페이스샵,6G
65520,Training|Validation,이/미용,유아용품,기저귀크림/파우더,존슨즈베이비파우다(탈크)(오리지널향),존슨앤존스,200G
26037,Training|Validation,이/미용,유아용품,기저귀크림/파우더,한국존슨앤드존슨 콘스타치베이비파우더200G,한국존슨앤드존슨,200G
65519,Training|Validation,이/미용,기타,기타,아츠스튜디오298덕트릿,기타,150G
66217,Training|Validation,이/미용,기타,기타,네이처리퍼블릭)리얼네이처올리브클렌징크림,네이처리퍼블릭,200ML
55882,Training|Validation,이/미용,기타,기타,씨제이올리브영)필리밀리실리콘클렌징패드(민트)1개입,씨제이올리브영,1개입
35152,Training|Validation,이/미용,기타,기타,LG생활과학)엘인메트80G라스틴맨,엘지생활건강,80G
15687,Training|Validation,이/미용,기타,기타,한국존슨앤드존슨 클린앤드클리어 클렌징토너 125ML,한국존슨앤드존슨,125ML
66203,Training|Validation,이/미용,유아용품,기타용품,태일화확)마더케이일회용분유저장팩,태일화확,30매
30246,Training|Validation,이/미용,화장품,남성스킨케어세트,리더스더마소울에닛올인원에센스,리더스더,150ML
66249,Training|Validation,이/미용,화장품,남성용스킨케어류,네이처리퍼블릭)아르간옴므스킨,네이처리퍼블릭,130ML
45262,Training|Validation,이/미용,화장품,남성용스킨케어류,독일)니베아맨쿨킥애프터쉐이브스킨100ML,니베아,100ML
15298,Training|Validation,이/미용,화장품,남성용스킨케어류,에스겔 타임리스블랙옴므밸런싱로션130ML,에스겔,130ML
15313,Training|Validation,이/미용,화장품,남성용스킨케어류,에스겔 타임리스블랙옴므밸런싱스킨130ML,에스겔,130ML
56016,Training|Validation,이/미용,화장품,네일케어도구,CJ올리브영)웨이크메이크네일건02진저핑크,CJ올리브영,1개입
56020,Training|Validation,이/미용,화장품,네일케어도구,CJ올리브영)웨이크메이크네일건04핑크몬스터,CJ올리브영,1개입
56018,Training|Validation,이/미용,화장품,네일케어도구,CJ올리브영)웨이크메이크네일건11익스트림블랙,CJ올리브영,1개입
56017,Training|Validation,이/미용,화장품,네일케어도구,CJ올리브영)웨이크메이크네일건16차콜리스타,CJ올리브영,1개입
56015,Training|Validation,이/미용,화장품,네일케어도구,CJ올리브영)웨이크메이크네일건17웨딩베이지,CJ올리브영,1개입
56019,Training|Validation,이/미용,화장품,네일케어도구,CJ올리브영)웨이크메이크네일건매트탑,CJ올리브영,1개입
26119,Training|Validation,이/미용,화장품,네일케어도구,네이처리퍼블릭 컬러앤네이처01체리레드,네이처리퍼블릭,1개
26120,Training|Validation,이/미용,화장품,네일케어도구,네이처리퍼블릭 컬러앤네이처05블랙블랙,네이처리퍼블릭,1개
26121,Training|Validation,이/미용,화장품,네일케어도구,네이처리퍼블릭 컬러앤네이처08빈티지데님,네이처리퍼블릭,1개
26122,Training|Validation,이/미용,화장품,네일케어도구,네이처리퍼블릭 컬러앤네이처17레드빈퍼플,네이처리퍼블릭,1개
26123,Training|Validation,이/미용,화장품,네일케어도구,네이처리퍼블릭 컬러앤네이처20스윗피어니,네이처리퍼블릭,1개
26124,Training|Validation,이/미용,화장품,네일케어도구,네이처리퍼블릭 컬러앤네이처32크로아상,네이처리퍼블릭,1개
26125,Training|Validation,이/미용,화장품,네일케어도구,네이처리퍼블릭 컬러앤네이처37핑크마카롱,네이처리퍼블릭,1개
26126,Training|Validation,이/미용,화장품,네일케어도구,네이처리퍼블릭 컬러앤네이처57실버커플링,네이처리퍼블릭,1개
26127,Training|Validation,이/미용,화장품,네일케어도구,네이처리퍼블릭 컬러앤네이처64레드빔,네이처리퍼블릭,1개
26128,Training|Validation,이/미용,화장품,네일케어도구,네이처리퍼블릭 컬러앤네이처미러탑코트,네이처리퍼블릭,1개
66268,Training|Validation,이/미용,화장품,네일케어도구,네이처리퍼블릭)네이처리퍼블릭56골드커플링,네이처리퍼블릭,1개입
46143,Training|Validation,이/미용,화장품,네일케어도구,네이처리퍼블릭)네이처리퍼블릭컬러앤네이처04블랙커런트,네이처리퍼블릭,1개
66265,Training|Validation,이/미용,화장품,네일케어도구,네이처리퍼블릭)네이처리퍼블릭컬러앤네이처06다크그린,네이처리퍼블릭,1개입
66264,Training|Validation,이/미용,화장품,네일케어도구,네이처리퍼블릭)네이처리퍼블릭컬러앤네이처07인디고블루,네이처리퍼블릭,1개입
66266,Training|Validation,이/미용,화장품,네일케어도구,네이처리퍼블릭)네이처리퍼블릭컬러앤네이처16애쉬퍼플,네이처리퍼블릭,1개입
66267,Training|Validation,이/미용,화장품,네일케어도구,네이처리퍼블릭)네이처리퍼블릭컬러앤네이처25로제와인,네이처리퍼블릭,1개입
46144,Training|Validation,이/미용,화장품,네일케어도구,네이처리퍼블릭)네이처리퍼블릭컬러앤네이처30에브리데이,네이처리퍼블릭,1개
46145,Training|Validation,이/미용,화장품,네일케어도구,네이처리퍼블릭)네이처리퍼블릭컬러앤네이처38브릭로즈,네이처리퍼블릭,1개
46157,Training|Validation,이/미용,화장품,네일케어도구,네이처리퍼블릭)네이처리퍼블릭컬러앤네이처51드림걸즈,네이처리퍼블릭,1개
46158,Training|Validation,이/미용,화장품,네일케어도구,네이처리퍼블릭)네이처리퍼블릭컬러앤네이처52핑크블룸,네이처리퍼블릭,1개
46146,Training|Validation,이/미용,화장품,네일케어도구,네이처리퍼블릭)네이처리퍼블릭컬러앤네이처59이브닝나잇,네이처리퍼블릭,1개
46142,Training|Validation,이/미용,화장품,네일케어도구,네이처리퍼블릭)네이처리퍼블릭컬러앤네이처탑코트,네이처리퍼블릭,1개
46160,Training|Validation,이/미용,화장품,네일케어도구,네이처리퍼블릭)네이처리퍼블릭컬러왈츠06그린팝,네이처리퍼블릭,1개
46159,Training|Validation,이/미용,화장품,네일케어도구,네이처리퍼블릭)네이처리퍼블릭컬러왈츠10퍼플팝,네이처리퍼블릭,1개
16093,Training|Validation,이/미용,화장품,네일케어도구,더샘 네일웨어03화사한핑크,더샘,1개입
16094,Training|Validation,이/미용,화장품,네일케어도구,더샘 네일웨어04뜨거운핑크,더샘,1개입
16095,Training|Validation,이/미용,화장품,네일케어도구,더샘 네일웨어05명랑레드,더샘,1개입
26140,Training|Validation,이/미용,화장품,네일케어도구,더샘 네일웨어07레드쇼,더샘,1개
16096,Training|Validation,이/미용,화장품,네일케어도구,더샘 네일웨어08정열레드,더샘,1개입
16037,Training|Validation,이/미용,화장품,네일케어도구,더샘 네일웨어100코랄유니버스,더샘,1개
26148,Training|Validation,이/미용,화장품,네일케어도구,더샘 네일웨어101바닐라시럽,더샘,1개
16099,Training|Validation,이/미용,화장품,네일케어도구,더샘 네일웨어103블루밀크티,더샘,1개입
26093,Training|Validation,이/미용,화장품,네일케어도구,더샘 네일웨어105실버오페라,더샘,1개
26088,Training|Validation,이/미용,화장품,네일케어도구,더샘 네일웨어106봉숭아시럽,더샘,1개
16100,Training|Validation,이/미용,화장품,네일케어도구,더샘 네일웨어108연유시럽,더샘,1개입
16101,Training|Validation,이/미용,화장품,네일케어도구,더샘 네일웨어109로즈시럽,더샘,1개입
26091,Training|Validation,이/미용,화장품,네일케어도구,더샘 네일웨어10비비드자몽,더샘,1개
26139,Training|Validation,이/미용,화장품,네일케어도구,더샘 네일웨어14딥퍼플,더샘,1개
16102,Training|Validation,이/미용,화장품,네일케어도구,더샘 네일웨어152정열의파워블루,더샘,1개입
26141,Training|Validation,이/미용,화장품,네일케어도구,더샘 네일웨어16누드아몬드,더샘,1개
16097,Training|Validation,이/미용,화장품,네일케어도구,더샘 네일웨어17브라운터틀넥,더샘,1개입
26142,Training|Validation,이/미용,화장품,네일케어도구,더샘 네일웨어20딥브라운,더샘,1개
26143,Training|Validation,이/미용,화장품,네일케어도구,더샘 네일웨어24파스텔민트,더샘,1개
26144,Training|Validation,이/미용,화장품,네일케어도구,더샘 네일웨어30진한블루,더샘,1개
26145,Training|Validation,이/미용,화장품,네일케어도구,더샘 네일웨어31비비드네이비,더샘,1개
16038,Training|Validation,이/미용,화장품,네일케어도구,더샘 네일웨어32화이트셔츠,더샘,1개
16044,Training|Validation,이/미용,화장품,네일케어도구,더샘 네일웨어35비비드블랙,더샘,1개
26146,Training|Validation,이/미용,화장품,네일케어도구,더샘 네일웨어38실버다이아,더샘,1개
26095,Training|Validation,이/미용,화장품,네일케어도구,더샘 네일웨어41사파이어,더샘,1개
26089,Training|Validation,이/미용,화장품,네일케어도구,더샘 네일웨어47설레이는오로라,더샘,1개
16042,Training|Validation,이/미용,화장품,네일케어도구,더샘 네일웨어51우주블랙,더샘,1개
26129,Training|Validation,이/미용,화장품,네일케어도구,더샘 네일웨어54정열의파워연핑크,더샘,1개
26130,Training|Validation,이/미용,화장품,네일케어도구,더샘 네일웨어59프리즘오렌지,더샘,1개
26131,Training|Validation,이/미용,화장품,네일케어도구,더샘 네일웨어60프리즘레드,더샘,1개
26132,Training|Validation,이/미용,화장품,네일케어도구,더샘 네일웨어61프리즘로즈,더샘,1개
26094,Training|Validation,이/미용,화장품,네일케어도구,더샘 네일웨어64보스톤그레이,더샘,1개
16039,Training|Validation,이/미용,화장품,네일케어도구,더샘 네일웨어67레더브라운,더샘,1개
16041,Training|Validation,이/미용,화장품,네일케어도구,더샘 네일웨어68레더레드와인,더샘,1개
26090,Training|Validation,이/미용,화장품,네일케어도구,더샘 네일웨어72별,더샘,1개
16036,Training|Validation,이/미용,화장품,네일케어도구,더샘 네일웨어75도트블랙,더샘,1개
26133,Training|Validation,이/미용,화장품,네일케어도구,더샘 네일웨어77블링크핑크,더샘,1개
26134,Training|Validation,이/미용,화장품,네일케어도구,더샘 네일웨어81레트로와인,더샘,1개
16098,Training|Validation,이/미용,화장품,네일케어도구,더샘 네일웨어82드라이로즈,더샘,1개입
26086,Training|Validation,이/미용,화장품,네일케어도구,더샘 네일웨어83캡틴스웨터,더샘,1개
26135,Training|Validation,이/미용,화장품,네일케어도구,더샘 네일웨어85퍼시몬오렌지,더샘,1개
26136,Training|Validation,이/미용,화장품,네일케어도구,더샘 네일웨어86정글민트,더샘,1개
26147,Training|Validation,이/미용,화장품,네일케어도구,더샘 네일웨어87프레쉬올리브,더샘,1개
26137,Training|Validation,이/미용,화장품,네일케어도구,더샘 네일웨어89딥그린,더샘,1개
26138,Training|Validation,이/미용,화장품,네일케어도구,더샘 네일웨어92딥네이비,더샘,1개
16035,Training|Validation,이/미용,화장품,네일케어도구,더샘 네일웨어95더스티코랄,더샘,1개
26087,Training|Validation,이/미용,화장품,네일케어도구,더샘 네일웨어97헬시코랄,더샘,1개
26092,Training|Validation,이/미용,화장품,네일케어도구,더샘 네일웨어99자몽코랄,더샘,1개
16040,Training|Validation,이/미용,화장품,네일케어도구,더샘 네일웨어베이스코트,더샘,1개
16043,Training|Validation,이/미용,화장품,네일케어도구,더샘 네일웨어젤탑코트,더샘,1개
36086,Training|Validation,이/미용,화장품,네일케어도구,더샘인터내셔날)더샘네일웨어#71베리믹스,더샘인터내셔날,1개
36096,Training|Validation,이/미용,화장품,네일케어도구,더샘인터내셔날)더샘네일웨어#73블라썸,더샘인터내셔날,1개
36023,Training|Validation,이/미용,화장품,네일케어도구,더샘인터내셔날)더샘네일웨어02패션왕핑크,더샘인터내셔날,1개
36083,Training|Validation,이/미용,화장품,네일케어도구,더샘인터내셔날)더샘네일웨어06패션왕레드,더샘인터내셔날,1개
36031,Training|Validation,이/미용,화장품,네일케어도구,더샘인터내셔날)더샘네일웨어102아쿠아민트,더샘인터내셔날,1개
46132,Training|Validation,이/미용,화장품,네일케어도구,더샘인터내셔날)더샘네일웨어104블루웨이브,더샘인터내셔날,1개
36032,Training|Validation,이/미용,화장품,네일케어도구,더샘인터내셔날)더샘네일웨어107자몽시럽,더샘인터내셔날,1개
36089,Training|Validation,이/미용,화장품,네일케어도구,더샘인터내셔날)더샘네일웨어11비비드오렌지,더샘인터내셔날,1개
46124,Training|Validation,이/미용,화장품,네일케어도구,더샘인터내셔날)더샘네일웨어13옐로우오렌지,더샘인터내셔날,1개
36090,Training|Validation,이/미용,화장품,네일케어도구,더샘인터내셔날)더샘네일웨어15편안한베이지,더샘인터내셔날,1개
36095,Training|Validation,이/미용,화장품,네일케어도구,더샘인터내셔날)더샘네일웨어18레드빈브라운,더샘인터내셔날,1개
36085,Training|Validation,이/미용,화장품,네일케어도구,더샘인터내셔날)더샘네일웨어19초콜렛브라운,더샘인터내셔날,1개
36087,Training|Validation,이/미용,화장품,네일케어도구,더샘인터내셔날)더샘네일웨어21초코타르트,더샘인터내셔날,1개
36024,Training|Validation,이/미용,화장품,네일케어도구,더샘인터내셔날)더샘네일웨어23개나리옐로우,더샘인터내셔날,1개
36025,Training|Validation,이/미용,화장품,네일케어도구,더샘인터내셔날)더샘네일웨어25파스텔그린,더샘인터내셔날,1개
36092,Training|Validation,이/미용,화장품,네일케어도구,더샘인터내셔날)더샘네일웨어26그린,더샘인터내셔날,1개
36091,Training|Validation,이/미용,화장품,네일케어도구,더샘인터내셔날)더샘네일웨어27딥카키,더샘인터내셔날,1개
36026,Training|Validation,이/미용,화장품,네일케어도구,더샘인터내셔날)더샘네일웨어29파스텔블루,더샘인터내셔날,1개
46125,Training|Validation,이/미용,화장품,네일케어도구,더샘인터내셔날)더샘네일웨어34그레이맨투맨,더샘인터내셔날,1개
46126,Training|Validation,이/미용,화장품,네일케어도구,더샘인터내셔날)더샘네일웨어48반짝이는실버,더샘인터내셔날,1개
46127,Training|Validation,이/미용,화장품,네일케어도구,더샘인터내셔날)더샘네일웨어49화려한골드,더샘인터내셔날,1개
46128,Training|Validation,이/미용,화장품,네일케어도구,더샘인터내셔날)더샘네일웨어50완벽한핑크,더샘인터내셔날,1개
46129,Training|Validation,이/미용,화장품,네일케어도구,더샘인터내셔날)더샘네일웨어69레더누드베이지,더샘인터내셔날,1개
36027,Training|Validation,이/미용,화장품,네일케어도구,더샘인터내셔날)더샘네일웨어78인디핑크,더샘인터내셔날,1개
36028,Training|Validation,이/미용,화장품,네일케어도구,더샘인터내셔날)더샘네일웨어79로지레드,더샘인터내셔날,1개
36029,Training|Validation,이/미용,화장품,네일케어도구,더샘인터내셔날)더샘네일웨어80로즈버건디,더샘인터내셔날,1개
36088,Training|Validation,이/미용,화장품,네일케어도구,더샘인터내셔날)더샘네일웨어84셀럽샐먼,더샘인터내셔날,1개
36030,Training|Validation,이/미용,화장품,네일케어도구,더샘인터내셔날)더샘네일웨어88고요한그린,더샘인터내셔날,1개
36084,Training|Validation,이/미용,화장품,네일케어도구,더샘인터내셔날)더샘네일웨어94밀키라벤더,더샘인터내셔날,1개
46130,Training|Validation,이/미용,화장품,네일케어도구,더샘인터내셔날)더샘네일웨어96오렌지코랄,더샘인터내셔날,1개
46131,Training|Validation,이/미용,화장품,네일케어도구,더샘인터내셔날)더샘네일웨어98코지코랄,더샘인터내셔날,1개
46123,Training|Validation,이/미용,화장품,네일케어도구,더샘인터내셔날)더샘네일웨어손톱강화제,더샘인터내셔날,1개
65595,Training|Validation,이/미용,화장품,네일케어도구,더페이스샵리페어네일03퀵드라이탑코트,더페이스샵,10ML
55582,Training|Validation,이/미용,화장품,네일케어도구,더페이스샵리페어네일05핑크네일영양제,더페이스샵,10ML
65593,Training|Validation,이/미용,화장품,네일케어도구,더페이스샵리페어네일06다이아네일강화제,더페이스샵,10ML
65596,Training|Validation,이/미용,화장품,네일케어도구,더페이스샵리페어네일08큐티클리무버,더페이스샵,10ML
65612,Training|Validation,이/미용,화장품,네일케어도구,더페이스샵스타일네일귤잼바른토스18OR,더페이스샵,7ML
65610,Training|Validation,이/미용,화장품,네일케어도구,더페이스샵스타일네일그레이샌드스톤27GY,더페이스샵,7ML
55558,Training|Validation,이/미용,화장품,네일케어도구,더페이스샵스타일네일라벤더플라워한다발26PP,더페이스샵,7ML
65609,Training|Validation,이/미용,화장품,네일케어도구,더페이스샵스타일네일레인보우필터효과5GLI,더페이스샵,7ML
55548,Training|Validation,이/미용,화장품,네일케어도구,더페이스샵스타일네일몰드에서빼낸초콜렛30BR,더페이스샵,7ML
55544,Training|Validation,이/미용,화장품,네일케어도구,더페이스샵스타일네일부서지는햇살한조각4GLI,더페이스샵,7ML
55543,Training|Validation,이/미용,화장품,네일케어도구,더페이스샵스타일네일블랙아메리카노2BK,더페이스샵,7ML
55550,Training|Validation,이/미용,화장품,네일케어도구,더페이스샵스타일네일블루베리요거트스무디25GLI,더페이스샵,7ML
55560,Training|Validation,이/미용,화장품,네일케어도구,더페이스샵스타일네일블루비타민22BL,더페이스샵,7ML
55546,Training|Validation,이/미용,화장품,네일케어도구,더페이스샵스타일네일뽀득하게닦은유리창1CL,더페이스샵,7ML
55542,Training|Validation,이/미용,화장품,네일케어도구,더페이스샵스타일네일서울숲가을낙염28GR,더페이스샵,7ML
55559,Training|Validation,이/미용,화장품,네일케어도구,더페이스샵스타일네일쉬머펄파우치9GLI,더페이스샵,7ML
55553,Training|Validation,이/미용,화장품,네일케어도구,더페이스샵스타일네일실버쥬얼리샵8GLI,더페이스샵,7ML
55552,Training|Validation,이/미용,화장품,네일케어도구,더페이스샵스타일네일아라비안나이트7GLI,더페이스샵,7ML
55554,Training|Validation,이/미용,화장품,네일케어도구,더페이스샵스타일네일올어바웃블루23BL,더페이스샵,7ML
55555,Training|Validation,이/미용,화장품,네일케어도구,더페이스샵스타일네일와인마르살라29RD,더페이스샵,7ML
55551,Training|Validation,이/미용,화장품,네일케어도구,더페이스샵스타일네일우주에남은별의흔적24GLI,더페이스샵,7ML
55561,Training|Validation,이/미용,화장품,네일케어도구,더페이스샵스타일네일자몽과오렌지17OR,더페이스샵,7ML
55556,Training|Validation,이/미용,화장품,네일케어도구,더페이스샵스타일네일점점반짝이는야경6GLI,더페이스샵,7ML
55547,Training|Validation,이/미용,화장품,네일케어도구,더페이스샵스타일네일칵테일레시피16RD,더페이스샵,7ML
55541,Training|Validation,이/미용,화장품,네일케어도구,더페이스샵스타일네일코지로지쿠션12PK,더페이스샵,7ML
65611,Training|Validation,이/미용,화장품,네일케어도구,더페이스샵스타일네일터치오브체리15RD,더페이스샵,7ML
55557,Training|Validation,이/미용,화장품,네일케어도구,더페이스샵스타일네일파스텔마카롱꼬끄19CR,더페이스샵,7ML
55549,Training|Validation,이/미용,화장품,네일케어도구,더페이스샵스타일네일핑크장미를두른케이크10GLI,더페이스샵,7ML
55540,Training|Validation,이/미용,화장품,네일케어도구,더페이스샵스타일네일하와이안플라밍고14PK,더페이스샵,7ML
55545,Training|Validation,이/미용,화장품,네일케어도구,더페이스샵스타일네일화이트클래식3WH,더페이스샵,7ML
55593,Training|Validation,이/미용,화장품,네일케어도구,더페이스샵이지젤(19)24리빙코랄,더페이스샵,10ML
55586,Training|Validation,이/미용,화장품,네일케어도구,더페이스샵이지젤(19)34포인트반다나핑크,더페이스샵,10ML
65604,Training|Validation,이/미용,화장품,네일케어도구,더페이스샵이지젤(19)골든판타지5GLI,더페이스샵,10ML
65601,Training|Validation,이/미용,화장품,네일케어도구,더페이스샵이지젤(19)그레이무드2GY,더페이스샵,10ML
55562,Training|Validation,이/미용,화장품,네일케어도구,더페이스샵이지젤(19)그린마켓19GR,더페이스샵,10ML
55563,Training|Validation,이/미용,화장품,네일케어도구,더페이스샵이지젤(19)대즐링모먼트17GLI,더페이스샵,10ML
55569,Training|Validation,이/미용,화장품,네일케어도구,더페이스샵이지젤(19)데일리베이지6BE,더페이스샵,10ML
65597,Training|Validation,이/미용,화장품,네일케어도구,더페이스샵이지젤(19)라일락가든15PP,더페이스샵,10ML
55589,Training|Validation,이/미용,화장품,네일케어도구,더페이스샵이지젤(19)레드인레드12RD,더페이스샵,10ML
65598,Training|Validation,이/미용,화장품,네일케어도구,더페이스샵이지젤(19)매트탑코트,더페이스샵,10ML
55599,Training|Validation,이/미용,화장품,네일케어도구,더페이스샵이지젤(19)버건디센트13RD,더페이스샵,10ML
55564,Training|Validation,이/미용,화장품,네일케어도구,더페이스샵이지젤(19)블랙오버1BK,더페이스샵,10ML
55590,Training|Validation,이/미용,화장품,네일케어도구,더페이스샵이지젤(19)스트로베리밀크9PK,더페이스샵,10ML
65606,Training|Validation,이/미용,화장품,네일케어도구,더페이스샵이지젤(19)실버샤워4GLI,더페이스샵,10ML
65607,Training|Validation,이/미용,화장품,네일케어도구,더페이스샵이지젤(19)웜브리즈18GR,더페이스샵,10ML
55598,Training|Validation,이/미용,화장품,네일케어도구,더페이스샵이지젤(19)코랄플레이8CR,더페이스샵,10ML
55585,Training|Validation,이/미용,화장품,네일케어도구,더페이스샵이지젤(19)키스더핑크14PK,더페이스샵,10ML
65599,Training|Validation,이/미용,화장품,네일케어도구,더페이스샵이지젤(19)프루티베이지7BE,더페이스샵,10ML
65603,Training|Validation,이/미용,화장품,네일케어도구,더페이스샵이지젤(19)핑크뮤즈10GLI,더페이스샵,10ML
55568,Training|Validation,이/미용,화장품,네일케어도구,더페이스샵이지젤(19)화이트위시3WH,더페이스샵,10ML
55587,Training|Validation,이/미용,화장품,네일케어도구,더페이스샵이지젤(20)42메이플핑크,더페이스샵,10ML
55596,Training|Validation,이/미용,화장품,네일케어도구,더페이스샵이지젤(20)43허니드롭오렌지,더페이스샵,10ML
55595,Training|Validation,이/미용,화장품,네일케어도구,더페이스샵이지젤(20)44자몽시럽코랄,더페이스샵,10ML
55591,Training|Validation,이/미용,화장품,네일케어도구,더페이스샵이지젤(20)45팝씨클오렌지,더페이스샵,10ML
65600,Training|Validation,이/미용,화장품,네일케어도구,더페이스샵이지젤(20)47스프링클핑크,더페이스샵,10ML
55583,Training|Validation,이/미용,화장품,네일케어도구,더페이스샵이지젤(20)48핑크플럼젤리,더페이스샵,10ML
55566,Training|Validation,이/미용,화장품,네일케어도구,더페이스샵이지젤(20)52네온블루,더페이스샵,10ML
55565,Training|Validation,이/미용,화장품,네일케어도구,더페이스샵이지젤(20)53클래식블루,더페이스샵,10ML
55597,Training|Validation,이/미용,화장품,네일케어도구,더페이스샵이지젤(20)55래디언트퍼플,더페이스샵,10ML
55592,Training|Validation,이/미용,화장품,네일케어도구,더페이스샵이지젤(20)56쿨핑크필터,더페이스샵,10ML
55588,Training|Validation,이/미용,화장품,네일케어도구,더페이스샵이지젤(20)57네온핑크,더페이스샵,10ML
55594,Training|Validation,이/미용,화장품,네일케어도구,더페이스샵이지젤(20)58네온오렌지,더페이스샵,10ML
55584,Training|Validation,이/미용,화장품,네일케어도구,더페이스샵이지젤(20)59졸리오렌지,더페이스샵,10ML
55567,Training|Validation,이/미용,화장품,네일케어도구,더페이스샵이지젤(20)탑코트,더페이스샵,10ML
65608,Training|Validation,이/미용,화장품,네일케어도구,더페이스샵이지젤72레이지퍼플,더페이스샵,10ML
55516,Training|Validation,이/미용,화장품,네일케어도구,데싱디바매직프레스미모사골드,데싱디바,1개입
55572,Training|Validation,이/미용,화장품,네일케어도구,데싱디바매직프레스베리유,데싱디바,1개입
55513,Training|Validation,이/미용,화장품,네일케어도구,데싱디바매직프레스오렌지레드,데싱디바,1개입
55512,Training|Validation,이/미용,화장품,네일케어도구,데싱디바매직프레스코발트그린,데싱디바,1개입
55515,Training|Validation,이/미용,화장품,네일케어도구,데싱디바매직프레스코발트블루,데싱디바,1개입
55570,Training|Validation,이/미용,화장품,네일케어도구,데싱디바매직프레스팜비치,데싱디바,1개입
65580,Training|Validation,이/미용,화장품,네일케어도구,데싱디바매직프레스팝핑스마일,데싱디바,1개입
65579,Training|Validation,이/미용,화장품,네일케어도구,데싱디바매직프레스퍼스트허그,데싱디바,1개입
65525,Training|Validation,이/미용,화장품,네일케어도구,데싱디바매직프레스페디큐어그린서퍼,데싱디바,1개입
55517,Training|Validation,이/미용,화장품,네일케어도구,데싱디바매직프레스페디큐어아이리쉬블루,데싱디바,1개입
55574,Training|Validation,이/미용,화장품,네일케어도구,데싱디바매직프레스퓨어블랑,데싱디바,1개입
55573,Training|Validation,이/미용,화장품,네일케어도구,데싱디바매직프레스프렌치캔버스,데싱디바,1개입
55514,Training|Validation,이/미용,화장품,네일케어도구,데싱디바매직프레스피치핑크,데싱디바,1개입
55571,Training|Validation,이/미용,화장품,네일케어도구,데싱디바매직프레스핑크스파클링,데싱디바,1개입
15557,Training|Validation,이/미용,화장품,네일케어도구,미샤 셀프네일살롱리무버아세톤프리 110ML,미샤,110ML
35484,Training|Validation,이/미용,화장품,네일케어도구,미샤)미샤셀프네일살롱컬러룩OR05망고칵테일,미샤,1개
35482,Training|Validation,이/미용,화장품,네일케어도구,미샤)미샤셀프네일살롱케어룩네일헬퍼,미샤,1개
35481,Training|Validation,이/미용,화장품,네일케어도구,미샤)미샤셀프네일살롱케어룩샤인탑코트,미샤,1개
35483,Training|Validation,이/미용,화장품,네일케어도구,미샤)미샤셀프네일살롱케어룩에센셜베이스코트,미샤,1개
36034,Training|Validation,이/미용,화장품,네일케어도구,비엔씨)네이처리퍼블릭컬러앤네이처09아일랜드,비엔씨,1개
36035,Training|Validation,이/미용,화장품,네일케어도구,비엔씨)네이처리퍼블릭컬러앤네이처10스카이웨이,비엔씨,1개
36036,Training|Validation,이/미용,화장품,네일케어도구,비엔씨)네이처리퍼블릭컬러앤네이처19코지핑크,비엔씨,1개
36037,Training|Validation,이/미용,화장품,네일케어도구,비엔씨)네이처리퍼블릭컬러앤네이처43웜그레이,비엔씨,1개
36033,Training|Validation,이/미용,화장품,네일케어도구,비엔씨)네이처리퍼블릭컬러앤네이처베이스코트,비엔씨,1개
16089,Training|Validation,이/미용,화장품,네일케어도구,씨제이올리브영 웨이크메이크네일건08킹스걸,씨제이올리브영,1개입
16091,Training|Validation,이/미용,화장품,네일케어도구,씨제이올리브영 웨이크메이크네일건48프렌치버건디,씨제이올리브영,1개입
16086,Training|Validation,이/미용,화장품,네일케어도구,씨제이올리브영 웨이크메이크네일건글리터02오로라핑크,씨제이올리브영,1개입
16087,Training|Validation,이/미용,화장품,네일케어도구,씨제이올리브영 웨이크메이크네일건글리터07플래티넘핑크,씨제이올리브영,1개입
16088,Training|Validation,이/미용,화장품,네일케어도구,씨제이올리브영 웨이크메이크네일건글리터08VVIP핑크,씨제이올리브영,1개입
16090,Training|Validation,이/미용,화장품,네일케어도구,씨제이올리브영 웨이크메이크네일건글리터31핑크베일,씨제이올리브영,1개입
55953,Training|Validation,이/미용,화장품,네일케어도구,씨제이올리브영)웨이크메이크네일건06칠리코랄,씨제이올리브영,1개입
66054,Training|Validation,이/미용,화장품,네일케어도구,씨제이올리브영)웨이크메이크네일건46모브브라운,씨제이올리브영,1개입
66057,Training|Validation,이/미용,화장품,네일케어도구,씨제이올리브영)웨이크메이크네일건47멜로우브라운,씨제이올리브영,1개입
55954,Training|Validation,이/미용,화장품,네일케어도구,씨제이올리브영)웨이크메이크네일건글리터43미드나잇실버,씨제이올리브영,1개입
65961,Training|Validation,이/미용,화장품,네일케어도구,씨제이올리브영)웨이크메이크네일건데미지프로텍터8ML,씨제이올리브영,8ML
65962,Training|Validation,이/미용,화장품,네일케어도구,씨제이올리브영)웨이크메이크네일건롱웨어스티키코트8ML,씨제이올리브영,8ML
66055,Training|Validation,이/미용,화장품,네일케어도구,씨제이올리브영)웨이크메이크네일건탑앤케어플럼핑탑,씨제이올리브영,1개입
65990,Training|Validation,이/미용,화장품,네일케어도구,씨제이올리브영)웨이크메이크스피디젤네일베이직01로지화이트,씨제이올리브영,1개입
65989,Training|Validation,이/미용,화장품,네일케어도구,씨제이올리브영)웨이크메이크스피디젤네일베이직03유니크모카,씨제이올리브영,1개입
66056,Training|Validation,이/미용,화장품,네일케어도구,씨제이올리브영웨이크메이크네일건49로지브라운,씨제이올리브영,1개입
46008,Training|Validation,이/미용,화장품,네일케어도구,씨제이)웨이크메이크네일건15블러드나잇,씨제이제일제당,6G
46007,Training|Validation,이/미용,화장품,네일케어도구,씨제이)웨이크메이크네일건44페일퍼플,씨제이제일제당,6G
45891,Training|Validation,이/미용,화장품,네일케어도구,엔비코스매틱)디어러스원스텝젤D563,엔비코스매틱,5ML
45892,Training|Validation,이/미용,화장품,네일케어도구,엔비코스매틱)디어러스원스텝젤D567,엔비코스매틱,5ML
45893,Training|Validation,이/미용,화장품,네일케어도구,엔비코스매틱)디어러스원스텝젤D570,엔비코스매틱,5ML
45894,Training|Validation,이/미용,화장품,네일케어도구,엔비코스매틱)디어러스원스텝젤D574,엔비코스매틱,5ML
45895,Training|Validation,이/미용,화장품,네일케어도구,엔비코스매틱)디어러스원스텝젤D575,엔비코스매틱,5ML
45896,Training|Validation,이/미용,화장품,네일케어도구,엔비코스매틱)디어러스원스텝젤D582,엔비코스매틱,5ML
55518,Training|Validation,이/미용,화장품,네일케어도구,엔스컬러랩네일토닉울트라스트랭스너,엔스,10ML
55524,Training|Validation,이/미용,화장품,네일케어도구,엔스컬러랩네일토닉큐티클리무버,엔스,10ML
55520,Training|Validation,이/미용,화장품,네일케어도구,엔스컬러랩네일토닉파워트리트먼트,엔스,10ML
55519,Training|Validation,이/미용,화장품,네일케어도구,엔스컬러랩노엘토닉메가그로스,엔스,10ML
55523,Training|Validation,이/미용,화장품,네일케어도구,엔스컬러랩다이아탑코트,엔스,10ML
55521,Training|Validation,이/미용,화장품,네일케어도구,엔스컬러랩스티커밀착프라이머,엔스,10ML
55522,Training|Validation,이/미용,화장품,네일케어도구,엔스컬러랩씨씨탑코트2호청순핑크,엔스,10ML
55525,Training|Validation,이/미용,화장품,네일케어도구,엔스컬러랩씨씨탑코트3호러블리장미,엔스,10ML
55526,Training|Validation,이/미용,화장품,네일케어도구,엔스컬러랩퀵드라이탑코트,엔스,10ML
66208,Training|Validation,이/미용,화장품,네일케어도구,엔프라니)홀리카홀리카피스매칭네일즈BL01데님진,엔프라니,10ML
66205,Training|Validation,이/미용,화장품,네일케어도구,엔프라니)홀리카홀리카피스매칭네일즈BL02블루스웨이드,엔프라니,10ML
66204,Training|Validation,이/미용,화장품,네일케어도구,엔프라니)홀리카홀리카피스매칭네일즈BL03마린스트라이프,엔프라니,10ML
66207,Training|Validation,이/미용,화장품,네일케어도구,엔프라니)홀리카홀리카피스매칭네일즈GL01골드뱅글,엔프라니,10ML
66206,Training|Validation,이/미용,화장품,네일케어도구,엔프라니)홀리카홀리카피스매칭네일즈PK10체리블라썸,엔프라니,10ML
65083,Training|Validation,이/미용,화장품,네일케어도구,엘시시아트릭스핸드앤네일케어모이스춰라이저,엘시시,100ML
45593,Training|Validation,이/미용,화장품,네일케어도구,LG생활건강)더페이스샵리페어네일04칼슘밀크젤,엘지생활건강,10ML
45594,Training|Validation,이/미용,화장품,네일케어도구,LG생활건강)더페이스샵스타일네일설레는기프트박스,엘지생활건강,7ML
45537,Training|Validation,이/미용,화장품,네일케어도구,LG생활건강)더페이스샵이지젤60네온레몬크림,엘지생활건강,10ML
15541,Training|Validation,이/미용,화장품,네일케어도구,위미 컬러랩 글리터아웃리무버 60ML,위미,60ML
15517,Training|Validation,이/미용,화장품,네일케어도구,위미 컬러랩 네일락커C901 엣지블랙,위미,1개
15511,Training|Validation,이/미용,화장품,네일케어도구,위미 컬러랩 네일스트립P101 스트립팝스위트핑크,위미,1개
15514,Training|Validation,이/미용,화장품,네일케어도구,위미 컬러랩 네일스트립P102 스트립팝로즈골드,위미,1개
15515,Training|Validation,이/미용,화장품,네일케어도구,위미 컬러랩 네일스트립P601 미스로얄골드,위미,1개
15516,Training|Validation,이/미용,화장품,네일케어도구,위미 컬러랩 네일스트립P602 미스샴페인,위미,1개
15513,Training|Validation,이/미용,화장품,네일케어도구,위미 컬러랩 네일스트립P603 스트립팝믹스파티,위미,1개
15512,Training|Validation,이/미용,화장품,네일케어도구,위미 컬러랩 네일스트립P904 트롯딥샤인,위미,1개
25585,Training|Validation,이/미용,화장품,네일케어도구,위미 컬러랩 베이스코트 1개입,위미,1개입
25583,Training|Validation,이/미용,화장품,네일케어도구,위미 컬러랩 탑코트 1개입,위미,1개입
35477,Training|Validation,이/미용,화장품,네일케어도구,위미인터내셔날)컬러랩네일락커C406더스티네이비,위미인터내셔날,1개
35478,Training|Validation,이/미용,화장품,네일케어도구,위미인터내셔날)컬러랩네일스트립P301스트립팝퍼플,위미인터내셔날,1개
35479,Training|Validation,이/미용,화장품,네일케어도구,위미인터내셔날)컬러랩네일스트립P302트롯바이올렛,위미인터내셔날,1개
35476,Training|Validation,이/미용,화장품,네일케어도구,위미인터내셔날)컬러랩네일스트립P401스트립팝글램아쿠아,위미인터내셔날,1개
35474,Training|Validation,이/미용,화장품,네일케어도구,위미인터내셔날)컬러랩네일스트립P605미스글램핑크,위미인터내셔날,1개
35475,Training|Validation,이/미용,화장품,네일케어도구,위미인터내셔날)컬러랩네일스트립P801스트립팝스위트화이트,위미인터내셔날,1개
35473,Training|Validation,이/미용,화장품,네일케어도구,위미인터내셔날)컬러랩네일스트립P902스트립팝샤인,위미인터내셔날,1개
35480,Training|Validation,이/미용,화장품,네일케어도구,위미인터내셔날)컬러랩네일스트립베이스코트,위미인터내셔날,1개
65984,Training|Validation,이/미용,화장품,네일케어도구,이니스프리)그린네일04망고튤립한송이,이니스프리,1개입
65993,Training|Validation,이/미용,화장품,네일케어도구,이니스프리)네일큐티클리무버,이니스프리,1개입
65987,Training|Validation,이/미용,화장품,네일케어도구,이니스프리)리얼컬러네일21새하얀도화지,이니스프리,1개입
35911,Training|Validation,이/미용,화장품,네일케어도구,이니스프리)이니스프리그린네일01깨끗한흰셔츠,이니스프리,7ML
56137,Training|Validation,이/미용,화장품,네일케어도구,이니스프리)이니스프리그린네일02수줍은개나리,이니스프리,1개
46172,Training|Validation,이/미용,화장품,네일케어도구,이니스프리)이니스프리그린네일05노을쏟아지는시간,이니스프리,1개
56135,Training|Validation,이/미용,화장품,네일케어도구,이니스프리)이니스프리그린네일06드라이플라워,이니스프리,1개
46173,Training|Validation,이/미용,화장품,네일케어도구,이니스프리)이니스프리그린네일07은은한꽃가루,이니스프리,1개
56138,Training|Validation,이/미용,화장품,네일케어도구,이니스프리)이니스프리그린네일09로즈마리잎차,이니스프리,1개
56136,Training|Validation,이/미용,화장품,네일케어도구,이니스프리)이니스프리그린네일10곱게말린수국,이니스프리,1개
35910,Training|Validation,이/미용,화장품,네일케어도구,이니스프리)이니스프리그린네일11싱그러운포도알,이니스프리,7ML
46174,Training|Validation,이/미용,화장품,네일케어도구,이니스프리)이니스프리그린네일12코끝에자스민향기,이니스프리,1개
35909,Training|Validation,이/미용,화장품,네일케어도구,이니스프리)이니스프리그린네일13스치듯구름,이니스프리,7ML
35908,Training|Validation,이/미용,화장품,네일케어도구,이니스프리)이니스프리그린네일14상상속바닷가,이니스프리,7ML
46175,Training|Validation,이/미용,화장품,네일케어도구,이니스프리)이니스프리그린네일15하늘에구름동동,이니스프리,1개
46009,Training|Validation,이/미용,화장품,네일케어도구,이니스프리)이니스프리그린네일17린넨앞치마,이니스프리,7ML
56139,Training|Validation,이/미용,화장품,네일케어도구,이니스프리)이니스프리그린네일18올리브그린,이니스프리,1개
35912,Training|Validation,이/미용,화장품,네일케어도구,이니스프리)이니스프리그린네일19붉게익은체리,이니스프리,7ML
46176,Training|Validation,이/미용,화장품,네일케어도구,이니스프리)이니스프리그린네일20고요한밤거리,이니스프리,1개
66119,Training|Validation,이/미용,화장품,네일케어도구,이니스프리)이니스프리네일강화제제주감귤오일성분함유,이니스프리,1개
66118,Training|Validation,이/미용,화장품,네일케어도구,이니스프리)이니스프리네일베이스코트,이니스프리,1개
66127,Training|Validation,이/미용,화장품,네일케어도구,이니스프리)이니스프리네일세럼제주녹차씨오일성분함유,이니스프리,1개
66121,Training|Validation,이/미용,화장품,네일케어도구,이니스프리)이니스프리네일젤탑코트,이니스프리,1개
35850,Training|Validation,이/미용,화장품,네일케어도구,이니스프리)이니스프리네일큐티클오일,이니스프리,7.5ML
66051,Training|Validation,이/미용,화장품,네일케어도구,이니스프리)이니스프리네일탑코트,이니스프리,1개입
46010,Training|Validation,이/미용,화장품,네일케어도구,이니스프리)이니스프리네일필오프베이스코트,이니스프리,6G
35907,Training|Validation,이/미용,화장품,네일케어도구,이니스프리)이니스프리리네일매트탑코트,이니스프리,6G
56144,Training|Validation,이/미용,화장품,네일케어도구,이니스프리)이니스프리리얼컬러네일10화단가득채송화,이니스프리,1개
66052,Training|Validation,이/미용,화장품,네일케어도구,이니스프리)이니스프리리얼컬러네일11한입베어문체리,이니스프리,1개입
66050,Training|Validation,이/미용,화장품,네일케어도구,이니스프리)이니스프리리얼컬러네일14유채꽃필무렵,이니스프리,1개입
46016,Training|Validation,이/미용,화장품,네일케어도구,이니스프리)이니스프리리얼컬러네일16행복한세잎클로버,이니스프리,6G
66049,Training|Validation,이/미용,화장품,네일케어도구,이니스프리)이니스프리리얼컬러네일18설레는봄나들이,이니스프리,1개입
35903,Training|Validation,이/미용,화장품,네일케어도구,이니스프리)이니스프리리얼컬러네일23하늘거리는린넨셔츠,이니스프리,6G
46012,Training|Validation,이/미용,화장품,네일케어도구,이니스프리)이니스프리리얼컬러네일25여름향민트캔디,이니스프리,6G
66122,Training|Validation,이/미용,화장품,네일케어도구,이니스프리)이니스프리리얼컬러네일26손에물든쪽빛바다,이니스프리,1개
56140,Training|Validation,이/미용,화장품,네일케어도구,이니스프리)이니스프리리얼컬러네일29파란월정리앞바다,이니스프리,1개
46167,Training|Validation,이/미용,화장품,네일케어도구,이니스프리)이니스프리리얼컬러네일2살랑살랑핑크,이니스프리,1개
66126,Training|Validation,이/미용,화장품,네일케어도구,이니스프리)이니스프리리얼컬러네일32시원한워싱진,이니스프리,1개
56143,Training|Validation,이/미용,화장품,네일케어도구,이니스프리)이니스프리리얼컬러네일33찢어진데님진,이니스프리,1개
66125,Training|Validation,이/미용,화장품,네일케어도구,이니스프리)이니스프리리얼컬러네일34포로롱물거품,이니스프리,1개
35904,Training|Validation,이/미용,화장품,네일케어도구,이니스프리)이니스프리리얼컬러네일44따스한정오햇살,이니스프리,6G
46015,Training|Validation,이/미용,화장품,네일케어도구,이니스프리)이니스프리리얼컬러네일46비맞은가을잔디,이니스프리,6G
66123,Training|Validation,이/미용,화장품,네일케어도구,이니스프리)이니스프리리얼컬러네일47포근한사려나숲길,이니스프리,1개
46014,Training|Validation,이/미용,화장품,네일케어도구,이니스프리)이니스프리리얼컬러네일48낙엽밟히는흙길,이니스프리,6G
35905,Training|Validation,이/미용,화장품,네일케어도구,이니스프리)이니스프리리얼컬러네일49노을이감싼하늘,이니스프리,6G
66053,Training|Validation,이/미용,화장품,네일케어도구,이니스프리)이니스프리리얼컬러네일4새콤한자몽코랄티,이니스프리,1개입
46168,Training|Validation,이/미용,화장품,네일케어도구,이니스프리)이니스프리리얼컬러네일51붉게물든단풍나무,이니스프리,1개
56141,Training|Validation,이/미용,화장품,네일케어도구,이니스프리)이니스프리리얼컬러네일54저물어가는아쉬운태양,이니스프리,1개
46013,Training|Validation,이/미용,화장품,네일케어도구,이니스프리)이니스프리리얼컬러네일56짙은플럼베리,이니스프리,6G
55937,Training|Validation,이/미용,화장품,네일케어도구,이니스프리)이니스프리리얼컬러네일57찬란한노을빛,이니스프리,1개입
66124,Training|Validation,이/미용,화장품,네일케어도구,이니스프리)이니스프리리얼컬러네일61서리낀유리창,이니스프리,1개
46169,Training|Validation,이/미용,화장품,네일케어도구,이니스프리)이니스프리리얼컬러네일62겨울이품은섬,이니스프리,1개
65994,Training|Validation,이/미용,화장품,네일케어도구,이니스프리)이니스프리리얼컬러네일63저녁7시,이니스프리,1개입
46170,Training|Validation,이/미용,화장품,네일케어도구,이니스프리)이니스프리리얼컬러네일64새벽2시,이니스프리,1개
35906,Training|Validation,이/미용,화장품,네일케어도구,이니스프리)이니스프리리얼컬러네일66깜깜한밤,이니스프리,6G
46171,Training|Validation,이/미용,화장품,네일케어도구,이니스프리)이니스프리리얼컬러네일71홀로그램별무리,이니스프리,1개
46011,Training|Validation,이/미용,화장품,네일케어도구,이니스프리)이니스프리리얼컬러네일73별빛한모금,이니스프리,6G
66120,Training|Validation,이/미용,화장품,네일케어도구,이니스프리)이니스프리리얼컬러네일74달보드레,이니스프리,1개
56142,Training|Validation,이/미용,화장품,네일케어도구,이니스프리)이니스프리리얼컬러네일75달콤한오르골멜로디,이니스프리,1개
45571,Training|Validation,이/미용,화장품,네일케어도구,제이씨)데싱디바매직프레스(네이커웨이브),제이씨코리아,1개
45567,Training|Validation,이/미용,화장품,네일케어도구,제이씨)데싱디바매직프레스(대즐링블루),제이씨코리아,1개
45548,Training|Validation,이/미용,화장품,네일케어도구,제이씨)데싱디바매직프레스(빈티지블라썸),제이씨코리아,1개
45568,Training|Validation,이/미용,화장품,네일케어도구,제이씨)데싱디바매직프레스(에메랄드웨이브),제이씨코리아,1개
45549,Training|Validation,이/미용,화장품,네일케어도구,제이씨)데싱디바매직프레스(웜마블),제이씨코리아,1개
45570,Training|Validation,이/미용,화장품,네일케어도구,제이씨)데싱디바매직프레스(인더클럽),제이씨코리아,1개
45569,Training|Validation,이/미용,화장품,네일케어도구,제이씨)데싱디바매직프레스(플럼스파클),제이씨코리아,1개
45943,Training|Validation,이/미용,화장품,네일케어도구,제이씨코리아)데싱디바글로스마이컬러젤네일스트립,제이씨코리아,4매입
35470,Training|Validation,이/미용,화장품,네일케어도구,제이씨코리아)데싱디바매직프레스페디큐어(네이비프리즘),제이씨코리아,1개
35471,Training|Validation,이/미용,화장품,네일케어도구,제이씨코리아)데싱디바매직프레스페디큐어(라일락새틴),제이씨코리아,1개
45517,Training|Validation,이/미용,화장품,네일케어도구,제이씨코리아)데싱디바매직프레스페디큐어(보헤미안드레스),제이씨코리아,1개
35472,Training|Validation,이/미용,화장품,네일케어도구,제이씨코리아)데싱디바매직프레스페디큐어(센딩하트),제이씨코리아,1개
45516,Training|Validation,이/미용,화장품,네일케어도구,제이씨코리아)데싱디바매직프레스페디큐어(저스트스마일),제이씨코리아,1개
65991,Training|Validation,이/미용,화장품,네일케어도구,코코)릴리바이레드스태리아이즈나인투나인젤아이라이너04핑크골드,코코,0.5G
65992,Training|Validation,이/미용,화장품,네일케어도구,코코)릴리바이레드스태리아이즈나인투나인젤아이라이너07매트브라운,코코,0.5G
65524,Training|Validation,이/미용,화장품,네일케어도구,키스뉴욕프레스앤고네일팁쿨민트,키스뉴욕프레스,1개입
26155,Training|Validation,이/미용,화장품,네일케어도구,홀리카홀리카 피스매칭네일즈BK01블랙스완,홀리카홀리카,1개
26154,Training|Validation,이/미용,화장품,네일케어도구,홀리카홀리카 피스매칭네일즈BL10프로즌웨이브,홀리카홀리카,1개
26153,Training|Validation,이/미용,화장품,네일케어도구,홀리카홀리카 피스매칭네일즈BR01브라우니,홀리카홀리카,1개
26158,Training|Validation,이/미용,화장품,네일케어도구,홀리카홀리카 피스매칭네일즈CC네일프라이머,홀리카홀리카,1개
26149,Training|Validation,이/미용,화장품,네일케어도구,홀리카홀리카 피스매칭네일즈OR07탠저린블라스트,홀리카홀리카,1개
26150,Training|Validation,이/미용,화장품,네일케어도구,홀리카홀리카 피스매칭네일즈PK03로즈리본,홀리카홀리카,1개
26152,Training|Validation,이/미용,화장품,네일케어도구,홀리카홀리카 피스매칭네일즈PP01뱅쇼,홀리카홀리카,1개
26151,Training|Validation,이/미용,화장품,네일케어도구,홀리카홀리카 피스매칭네일즈RD01버건디하이힐,홀리카홀리카,1개
26156,Training|Validation,이/미용,화장품,네일케어도구,홀리카홀리카 피스매칭네일즈WH01화이트원피스,홀리카홀리카,1개
26157,Training|Validation,이/미용,화장품,네일케어도구,홀리카홀리카 피스매칭네일즈WH02크리스탈슈즈,홀리카홀리카,1개
16092,Training|Validation,이/미용,화장품,네일케어도구,홀리카홀리카 피스매칭네일즈퀵탑코트,홀리카홀리카,1개입
46077,Training|Validation,이/미용,위생용품,데오드란트,네이처리퍼블릭)네이처리퍼블릭프레시데오드란트스틱플로랄,네이처리퍼블릭,45G
46083,Training|Validation,이/미용,위생용품,데오드란트,네이처리퍼블릭)네이처리퍼블릭프레시데오드란트스프레이아쿠아,네이처리퍼블릭,150ML
66176,Training|Validation,이/미용,위생용품,데오드란트,더샘인터내셔날)더샘애니퍼퓸데오드란트스프레이코튼브리즈,더샘인터내셔날,100ML
66177,Training|Validation,이/미용,위생용품,데오드란트,더샘인터내셔날)더샘애니퍼퓸데오드란트스프레이프레쉬브리즈,더샘인터내셔날,100ML
45922,Training|Validation,이/미용,위생용품,데오드란트,바이어스도르프)니베아맨데오드란트스프레이쿨킥,바이어스도르프코리아,200ML
25897,Training|Validation,이/미용,위생용품,데오드란트,바이어스도르프코리아 니베아맨데오드란트롤온드라이임팩트상쾌한파우더향50ML,바이어스도르프코리아,50ML
25896,Training|Validation,이/미용,위생용품,데오드란트,바이어스도르프코리아 니베아맨데오드란트롤온쿨킥시원한마린향50ML,바이어스도르프코리아,50ML
15565,Training|Validation,이/미용,위생용품,데오드란트,씨엔텍 미스44슈퍼쿨링파우더시트 15매,씨앤텍,15매
55494,Training|Validation,이/미용,위생용품,데오드란트,코리아코스멈칫데오티슈,코리아코스팩,115G
45645,Training|Validation,이/미용,위생용품,렌즈관리용품,한국알콘)옵티프리익스프레스액,한국알콘,120ML
45937,Training|Validation,이/미용,화장품,리무버,나우코스)컬러그램퍼펙트클리어립앤아이리무버,나우코스,150ML
16005,Training|Validation,이/미용,화장품,리무버,네이처리퍼블릭 제주탄산클렌징워터510ML,네이처리퍼블릭,510ML
66232,Training|Validation,이/미용,화장품,리무버,네이처리퍼블릭)네이처리퍼블릭초강력네일리무버,네이처리퍼블릭,100ML
56086,Training|Validation,이/미용,화장품,리무버,네이처리퍼블릭)네이처리퍼블릭포레스트가든프로메이크업리무버,네이처리퍼블릭,150ML
55253,Training|Validation,이/미용,화장품,리무버,뉴트로지나딥클린미셀라퓨리파잉워터,뉴트로지나,400ML
46112,Training|Validation,이/미용,화장품,리무버,더샘인터내셔날)더샘네일웨어리무버,더샘인터내셔날,100ML
46113,Training|Validation,이/미용,화장품,리무버,더샘인터내셔날)더샘네일웨어스트롱리무버,더샘인터내셔날,150ML
36014,Training|Validation,이/미용,화장품,리무버,더샘인터내셔날)더샘힐링티가든그린티립앤아이리무버,더샘인터내셔날,150ML
56056,Training|Validation,이/미용,화장품,리무버,더샘인터내셔날)더샘힐링티가든그린티클렌징워터(촉촉보습),더샘인터내셔날,300ML
36015,Training|Validation,이/미용,화장품,리무버,더샘인터내셔날)더샘힐링티가든화이트티립앤아이리무버,더샘인터내셔날,150ML
56059,Training|Validation,이/미용,화장품,리무버,더샘인터내셔날)더샘힐링티가든화이트티클렌징워터(투명광채),더샘인터내셔날,300ML
45622,Training|Validation,이/미용,화장품,리무버,맨담코리아)비페스타클렌징워터모이스트,맨담코리아,300ML
15555,Training|Validation,이/미용,화장품,리무버,미샤 퍼펙트립앤아이메이크업리무버 155ML,미샤,155ML
45945,Training|Validation,이/미용,화장품,리무버,뷰티팩토리)아리얼스트레스릴리빙미셀라립앤아이리무버,뷰티팩토리,100ML
45921,Training|Validation,이/미용,화장품,리무버,비엔씨코리아)디어러스젤리무버,비엔씨코리아,100ML
25482,Training|Validation,이/미용,화장품,리무버,아모레 일리윤프레쉬모이스처 립앤아이리무버100ML,아모레퍼시픽,100ML
25474,Training|Validation,이/미용,화장품,리무버,애경 포인트딥클린 립앤아이리무버 140ML(단품),애경,140ML
10278,Training|Validation,이/미용,화장품,리무버,애경케리시스데미지클리닉오리지널컨디셔너,애경,180ML
55894,Training|Validation,이/미용,화장품,리무버,에스유알코리아디어러스젤클렌저,에스유알코리아,100ML
35459,Training|Validation,이/미용,화장품,리무버,에이블씨엔씨)미샤셀프네일살롱리무버베이직,에이블씨앤씨,110ML
45621,Training|Validation,이/미용,화장품,리무버,에이블씨엔씨)미샤셀프네일살롱리무버베이직,에이블씨앤씨,110ML
45619,Training|Validation,이/미용,화장품,리무버,에이블씨엔씨)미샤오늘박하쏙클렌징오일,에이블씨앤씨,150ML
35458,Training|Validation,이/미용,화장품,리무버,에이블씨엔씨)미샤퍼펙트립앤아이메이크업리무버(워터프루프),에이블씨앤씨,100ML
45646,Training|Validation,이/미용,화장품,리무버,엔스)데싱디바매직오프,엔스,60ML
35847,Training|Validation,이/미용,화장품,리무버,엔스)이니스프리네일리무버,엔스,100ML
45480,Training|Validation,이/미용,화장품,리무버,엔스)컬러랩로즈워터네일리무버,엔스,250ML
55528,Training|Validation,이/미용,화장품,리무버,엔스컬러랩아세톤프리네일리무버,엔스,150ML
55507,Training|Validation,이/미용,화장품,리무버,엔스컬러랩에센스네일리무버,엔스,100ML
46103,Training|Validation,이/미용,화장품,리무버,엔프라니)홀리카홀리카데일리프레시촉촉올리브립&아이리무버,엔프라니,200ML
46111,Training|Validation,이/미용,화장품,리무버,엔프라니)홀리카홀리카피스매칭네일리무버,엔프라니,100ML
45620,Training|Validation,이/미용,화장품,리무버,LG생활건강)라끄베르딥앤모이스트더블액션립앤아이리무버,엘지생활건강,200ML
45263,Training|Validation,이/미용,화장품,리무버,유한킴벌리)그린핑거퓨어클렌징워터200ML,유한킴벌리,200ML
25522,Training|Validation,이/미용,화장품,리무버,컬러랩 비타 네일 리무버 100ML,컬러랩,100ML
45916,Training|Validation,이/미용,화장품,리무버,코스비전)이니스프리애플씨드립앤아이메이크업리무버,코스비전,100ML
65526,Training|Validation,이/미용,화장품,리무버,토니모리토니네일리무버,토니모리,150ML
65515,Training|Validation,이/미용,화장품,리무버,토니모리프로클린스모키립앤아이리무버,토니모리,250ML
65516,Training|Validation,이/미용,화장품,리무버,토니모리프로클린스모키립앤아이리무버,토니모리,100ML
45925,Training|Validation,이/미용,화장품,리무버,트리샤)웨이크메이크네일리무버,트리샤,100ML
45926,Training|Validation,이/미용,화장품,리무버,한국존슨앤드존슨)뉴트로지나딥클린립앤아이리무버,한국존슨앤드존슨,112ML
66180,Training|Validation,이/미용,두발용품,린스/컨디셔너,더샘인터내셔날)더샘실크헤어리프레쉬컨디셔너,더샘인터내셔날,320ML
75143,Training|Validation,이/미용,두발용품,린스/컨디셔너,두리댕기머리애린스칼프케어컨디셔너,두리화장품,200ML
66476,Training|Validation,이/미용,두발용품,린스/컨디셔너,두리화장품댕기머리애린스칼프헤어컨디셔너200ML,두리화장품,200ML
55137,Training|Validation,이/미용,두발용품,린스/컨디셔너,미쟝센에이징케어파워베리린스,미쟝센,680ML
45946,Training|Validation,이/미용,두발용품,린스/컨디셔너,씨제이올리브영)이브로쉐샤인린싱비네가위드라즈베리덜헤어(모든모발용),씨제이올리브영,150ML
25138,Training|Validation,이/미용,두발용품,린스/컨디셔너,아모레 려 청아 두피딥클렌징컨디셔너500ML,아모레퍼시픽,500ML
15156,Training|Validation,이/미용,두발용품,린스/컨디셔너,아모레 려 함빛 극손상케어컨디셔너500ML,아모레퍼시픽,500ML
15155,Training|Validation,이/미용,두발용품,린스/컨디셔너,아모레 미쟝센 데미지케어로즈프로틴린스 680ML,아모레퍼시픽,680ML
25145,Training|Validation,이/미용,두발용품,린스/컨디셔너,아모레 미쟝센 제주프로폴리스영양린스780ML,아모레퍼시픽,780ML
15154,Training|Validation,이/미용,두발용품,린스/컨디셔너,아모레 미쟝센 체리불라썸퍼퓸컨디셔너1100ML,아모레퍼시픽,1100ML
15150,Training|Validation,이/미용,두발용품,린스/컨디셔너,아모레 미쟝센 퍼펙트세럼스타일링컨디셔너 680ML,아모레퍼시픽,680ML
25978,Training|Validation,이/미용,두발용품,린스/컨디셔너,아모레 미쟝센펄클래식모이스처린스1100ML,아모레퍼시픽,1100ML
35149,Training|Validation,이/미용,두발용품,린스/컨디셔너,아모레퍼시픽)려청아두피클렌징컨디셔너500ML,아모레퍼시픽,500ML
45154,Training|Validation,이/미용,두발용품,린스/컨디셔너,아모레퍼시픽)미장센 5시드 집중영양 트리트먼트530ML,아모레퍼시픽,530ML
45140,Training|Validation,이/미용,두발용품,린스/컨디셔너,아모레퍼시픽)미장센 세럼 슈퍼린스 컨디셔너680ML,아모레퍼시픽,680ML
55629,Training|Validation,이/미용,두발용품,린스/컨디셔너,아모레퍼시픽댄트롤쿨링&모이스처멘톨탄산수린스,아모레퍼시픽,820ML
35603,Training|Validation,이/미용,두발용품,린스/컨디셔너,애경 더마앤모어 시카너리싱민감두피손상모케어컨디셔너 600ML,애경,600ML
25976,Training|Validation,이/미용,두발용품,린스/컨디셔너,애경 케라시스데미지클리닉오리지널컨디셔너750ML,애경,750ML
85033,Training|Validation,이/미용,두발용품,린스/컨디셔너,애경 케라시스러블리엔젤퍼퓸린스 600ML,애경,600ML
85032,Training|Validation,이/미용,두발용품,린스/컨디셔너,애경 케라시스모이스춰클리닉오리지널컨디셔너 1L,애경,1L
26029,Training|Validation,이/미용,두발용품,린스/컨디셔너,애경 케라시스플로랄가든뉴퍼퓸린스1000ML,애경,1000ML
45713,Training|Validation,이/미용,두발용품,린스/컨디셔너,애경)케라시스데미지클리닉오리지널컨디셔너,애경,1L
75015,Training|Validation,이/미용,두발용품,린스/컨디셔너,애경)케라시스퍼퓨머리퀸엘레강스퍼퓸린스,애경,600ML
35142,Training|Validation,이/미용,두발용품,린스/컨디셔너,LG생활건강)오가니스트체리블라썸수분컨디셔너500ML,엘지생활건강,500ML
55131,Training|Validation,이/미용,두발용품,린스/컨디셔너,엘라스틴내추럴에센셜퍼퓸컨디셔너,엘지생활건강,1.1L
15934,Training|Validation,이/미용,두발용품,린스/컨디셔너,엘지 엘라스틴데일리모이스처컨디셔너1500ML,엘지생활건강,1500ML
25149,Training|Validation,이/미용,두발용품,린스/컨디셔너,엘지 오가니스트 아보카도퀴노아모근영양컨디셔너500ML,엘지생활건강,500ML
60285,Training|Validation,이/미용,두발용품,린스/컨디셔너,엘지 오가니스트 체리블라썸 수분 컨디셔너,엘지생활건강,200ML
15148,Training|Validation,이/미용,두발용품,린스/컨디셔너,엘지생활건강 오가니스트 모로코 아르간오일윤기영양컨디셔너500ML,엘지생활건강,500ML
45139,Training|Validation,이/미용,두발용품,린스/컨디셔너,엘지생활건강)리엔 보음경옥액 린스500ML,엘지생활건강,500ML
45143,Training|Validation,이/미용,두발용품,린스/컨디셔너,엘지생활건강)리엔자생공진액 린스500ML,엘지생활건강,500ML
45151,Training|Validation,이/미용,두발용품,린스/컨디셔너,엘지생활건강)실크페어 퍼펙트 샤이닝 골드시크 컨디셔너1200G,엘지생활건강,1200G
45147,Training|Validation,이/미용,두발용품,린스/컨디셔너,엘지생활건강)엘라스틴 퍼퓸 컨디셔너 러브미600ML,엘지생활건강,600ML
55666,Training|Validation,이/미용,두발용품,린스/컨디셔너,엘지생활건강리엔효윤고모근모발영양컨디셔너,엘지생활건강,1350ML
55631,Training|Validation,이/미용,두발용품,린스/컨디셔너,엘지생활건강실크리페어퍼펙트샤이닝골드실크컨디셔너,엘지생활건강,550ML
65139,Training|Validation,이/미용,두발용품,린스/컨디셔너,엘지생활건강엘라스틴모로칸아르간오일집중영양컨디셔너,엘지생활건강,680ML
65212,Training|Validation,이/미용,두발용품,린스/컨디셔너,엘지생활건강엘라스틴모이스처라이징컨디셔너,엘지생활건강,50ML
66475,Training|Validation,이/미용,두발용품,린스/컨디셔너,엘지오리엔탈리엔보양진컨디셔너430ML,엘지생활건강,430ML
55144,Training|Validation,이/미용,두발용품,린스/컨디셔너,팬틴브로브이엑스트라볼륨,팬틴,220ML
55145,Training|Validation,이/미용,두발용품,린스/컨디셔너,팬틴프로브이극손상케어,팬틴,220ML
45703,Training|Validation,이/미용,두발용품,린스/컨디셔너,헨켄)샤우마7블로썸오일컨디셔너,헨켄,250ML
66270,Training|Validation,이/미용,화장품,립,엔프라니)홀리카홀리카홀리팝워터틴트03수박수박,엔프라니,9ML
16105,Training|Validation,이/미용,화장품,립글로즈/틴트,네이처리퍼블릭 바이플라워트리플머랭틴트01로즈마카롱,네이처리퍼블릭,1개입
16104,Training|Validation,이/미용,화장품,립글로즈/틴트,네이처리퍼블릭 바이플라워트리플무스틴트01레드무스,네이처리퍼블릭,1개입
16067,Training|Validation,이/미용,화장품,립글로즈/틴트,네이처리퍼블릭 바이플라워트리플무스틴트05브릭레드무슾,네이처리퍼블릭,1개입
16074,Training|Validation,이/미용,화장품,립글로즈/틴트,네이처리퍼블릭 에코크레옹립벨벳02핑크브리즈,네이처리퍼블릭,1개입
16073,Training|Validation,이/미용,화장품,립글로즈/틴트,네이처리퍼블릭 에코크레용립벨벳01엔젤블러쉬,네이처리퍼블릭,1개입
16075,Training|Validation,이/미용,화장품,립글로즈/틴트,네이처리퍼블릭 에코크레용립벨벳03히비스커스,네이처리퍼블릭,1개입
16076,Training|Validation,이/미용,화장품,립글로즈/틴트,네이처리퍼블릭 에코크레용립벨벳04칠리레드,네이처리퍼블릭,1개입
16106,Training|Validation,이/미용,화장품,립글로즈/틴트,네이처리퍼블릭 에코크레용립벨벳05다즐링라떼,네이처리퍼블릭,1개입
16002,Training|Validation,이/미용,화장품,립글로즈/틴트,네이처리퍼블릭 엑소에디션워터틴트02피크닉피치(첸)1개입,네이처리퍼블릭,1개입
46166,Training|Validation,이/미용,화장품,립글로즈/틴트,네이처리퍼블릭)네이처리퍼블릭리얼듀드롭벨벳립04체스트로즈,네이처리퍼블릭,1개
46165,Training|Validation,이/미용,화장품,립글로즈/틴트,네이처리퍼블릭)네이처리퍼블릭리얼듀드롭벨벳립05페이드코랄,네이처리퍼블릭,1개
46164,Training|Validation,이/미용,화장품,립글로즈/틴트,네이처리퍼블릭)네이처리퍼블릭리얼립플래쉬04레드글램,네이처리퍼블릭,1개
46162,Training|Validation,이/미용,화장품,립글로즈/틴트,네이처리퍼블릭)네이처리퍼블릭바이플라워트리플무스틴트02오렌지무스,네이처리퍼블릭,1개
46163,Training|Validation,이/미용,화장품,립글로즈/틴트,네이처리퍼블릭)네이처리퍼블릭바이플라워트리플무스틴트11번트레드무스,네이처리퍼블릭,1개
36076,Training|Validation,이/미용,화장품,립글로즈/틴트,네이처리퍼블릭)리얼듀드롭벨벳립02메이플레드,네이처리퍼블릭,3.5G
36077,Training|Validation,이/미용,화장품,립글로즈/틴트,네이처리퍼블릭)리얼듀드롭벨벳립04체스트로즈,네이처리퍼블릭,3.5G
36063,Training|Validation,이/미용,화장품,립글로즈/틴트,네이처리퍼블릭)퓨어사인립스틱02루시드푸시아,네이처리퍼블릭,1개
16082,Training|Validation,이/미용,화장품,립글로즈/틴트,더샘 샘물무스캔디틴트04자몽주스,더샘,1개입
16083,Training|Validation,이/미용,화장품,립글로즈/틴트,더샘 샘물무스캔디틴트07다크체리주스,더샘,1개입
16084,Training|Validation,이/미용,화장품,립글로즈/틴트,더샘 샘물무스캔디틴트09땅콩무스,더샘,1개입
16085,Training|Validation,이/미용,화장품,립글로즈/틴트,더샘 샘물무스캔디틴트12사과무스,더샘,1개입
26098,Training|Validation,이/미용,화장품,립글로즈/틴트,더샘 샘물세럼립글로스OR01오렌지샷,더샘,1개
26097,Training|Validation,이/미용,화장품,립글로즈/틴트,더샘 샘물세럼립글로스PK02딥핑크,더샘,1개
26096,Training|Validation,이/미용,화장품,립글로즈/틴트,더샘 샘물세럼립글로스RD01체리레드,더샘,1개
16047,Training|Validation,이/미용,화장품,립글로즈/틴트,더샘 샘물스머지립크레용BE01주말이면극한알바베이지,더샘,1개
16045,Training|Validation,이/미용,화장품,립글로즈/틴트,더샘 샘물스머지립크레용CR01시험전날벼락치기코랄,더샘,1개
16046,Training|Validation,이/미용,화장품,립글로즈/틴트,더샘 샘물스머지립크레용OR01여름방학토익공부오렌지,더샘,1개
16051,Training|Validation,이/미용,화장품,립글로즈/틴트,더샘 샘물스머지립크레용OR02목요일엔소개팅오렌지,더샘,1개
16052,Training|Validation,이/미용,화장품,립글로즈/틴트,더샘 샘물스머지립크레용PK01내일부터다이어트핑크,더샘,1개
16049,Training|Validation,이/미용,화장품,립글로즈/틴트,더샘 샘물스머지립크레용PK02지각5분전핑크,더샘,1개
16050,Training|Validation,이/미용,화장품,립글로즈/틴트,더샘 샘물스머지립크레용RD01금요일밤클럽레드,더샘,1개
16048,Training|Validation,이/미용,화장품,립글로즈/틴트,더샘 샘물스머지립크레용RD02겨울방학베낭여행레드,더샘,1개
16077,Training|Validation,이/미용,화장품,립글로즈/틴트,더샘 샘물워터캔디틴트04홍시,더샘,1개입
16078,Training|Validation,이/미용,화장품,립글로즈/틴트,더샘 샘물젤리캔디틴트02홍차,더샘,1개입
16080,Training|Validation,이/미용,화장품,립글로즈/틴트,더샘 샘물젤리캔디틴트05구름사탕,더샘,1개입
36066,Training|Validation,이/미용,화장품,립글로즈/틴트,더샘인터내셔날)더샘샘물세럼립글로스CR01,더샘인터내셔날,1개
36094,Training|Validation,이/미용,화장품,립글로즈/틴트,더샘인터내셔날)더샘샘물세럼립글로스PK01핫핑크,더샘인터내셔날,1개
36093,Training|Validation,이/미용,화장품,립글로즈/틴트,더샘인터내셔날)더샘샘물세럼립글로스WH01,더샘인터내셔날,1개
25545,Training|Validation,이/미용,화장품,립글로즈/틴트,더페이스샵 루즈새틴모이스처 BR01트렌치브라운 3.6G,더페이스샵,3.6G
25544,Training|Validation,이/미용,화장품,립글로즈/틴트,더페이스샵 루즈새틴모이스처 CR02키스더코랄 3.6G,더페이스샵,3.6G
25546,Training|Validation,이/미용,화장품,립글로즈/틴트,더페이스샵 루즈새틴모이스처 OR02타히티오렌지 3.6G,더페이스샵,3.6G
25543,Training|Validation,이/미용,화장품,립글로즈/틴트,더페이스샵 루즈샤인비비드 01시트론베이지 4.8G,더페이스샵,4..8G
25565,Training|Validation,이/미용,화장품,립글로즈/틴트,더페이스샵 루즈샤인비비드 06레드가든 4.8G,더페이스샵,4.8G
25547,Training|Validation,이/미용,화장품,립글로즈/틴트,더페이스샵 루즈파우더매트 01베이지파우더 3.2G,더페이스샵,3.2G
15570,Training|Validation,이/미용,화장품,립글로즈/틴트,더페이스샵 루즈파우더매트04레드파우더 3.2G,더페이스샵,3.2G
25551,Training|Validation,이/미용,화장품,립글로즈/틴트,더페이스샵 워터핏틴트 03피크닉레드 5G,더페이스샵,5G
25552,Training|Validation,이/미용,화장품,립글로즈/틴트,더페이스샵 워터핏틴트 04레드시그널 5G,더페이스샵,5G
25553,Training|Validation,이/미용,화장품,립글로즈/틴트,더페이스샵 워터핏틴트 05체리키스 5G,더페이스샵,5G
25566,Training|Validation,이/미용,화장품,립글로즈/틴트,더페이스샵 잉크젤펜슬라이너 09피치시나몬 0.5G,더페이스샵,0.5G
65576,Training|Validation,이/미용,화장품,립글로즈/틴트,더페이스샵루즈새틴모이스처로지브라운BR02,더페이스샵,3.6G
55576,Training|Validation,이/미용,화장품,립글로즈/틴트,더페이스샵루즈새틴모이스처스트리트코랄CR03,더페이스샵,3.6G
65578,Training|Validation,이/미용,화장품,립글로즈/틴트,더페이스샵루즈새틴모이스처커버오렌지OR1,더페이스샵,3.6G
65577,Training|Validation,이/미용,화장품,립글로즈/틴트,더페이스샵루즈새틴모이스처코랄뮤즈CR05,더페이스샵,3.6G
65575,Training|Validation,이/미용,화장품,립글로즈/틴트,더페이스샵루즈새틴모이스처코지베이지BE01,더페이스샵,3.6G
55577,Training|Validation,이/미용,화장품,립글로즈/틴트,더페이스샵루즈새틴모이스처티어코랄CR04,더페이스샵,3.6G
65591,Training|Validation,이/미용,화장품,립글로즈/틴트,더페이스샵워터핏틴트01로즈핑크,더페이스샵,5G
25497,Training|Validation,이/미용,화장품,립글로즈/틴트,마몽드 크리미틴트컬러밤인텐스 24넥타코랄 2.5G,마몽드,2.5G
25496,Training|Validation,이/미용,화장품,립글로즈/틴트,마몽드 크리미틴트컬러밤인텐스 29레드바이브 2.5G,마몽드,2.5G
25495,Training|Validation,이/미용,화장품,립글로즈/틴트,마몽드 크리미틴트컬러밤인텐스 30크러쉬레드 2.5G,마몽드,2.5G
65571,Training|Validation,이/미용,화장품,립글로즈/틴트,마몽드크리미틴트컬러밤인텐스06베이비로즈,마몽드,2.5G
65572,Training|Validation,이/미용,화장품,립글로즈/틴트,마몽드크리미틴트컬러밤인텐스21레드소울,마몽드,2.5G
15500,Training|Validation,이/미용,화장품,립글로즈/틴트,미샤 래스팅 페인팅틴트 사루비아 1개입,미샤,1개입
15498,Training|Validation,이/미용,화장품,립글로즈/틴트,미샤 펄인러브글로스 비마이포에버 5.3ML,미샤,5.3ML
15499,Training|Validation,이/미용,화장품,립글로즈/틴트,미샤 펄인러브글로스 올어바웃유 5.3ML,미샤,5.3ML
15510,Training|Validation,이/미용,화장품,립글로즈/틴트,삐아 라스트립스틱05강적 3.5G,삐아,3.5G
15509,Training|Validation,이/미용,화장품,립글로즈/틴트,삐아 라스트립스틱09고혹적 3.5G,삐아,3.5G
15508,Training|Validation,이/미용,화장품,립글로즈/틴트,삐아 라스트립스틱13예술적 3.5G,삐아,3.5G
15507,Training|Validation,이/미용,화장품,립글로즈/틴트,삐아 라스트립스틱15성공적 3.5G,삐아,3.5G
15504,Training|Validation,이/미용,화장품,립글로즈/틴트,삐아 라스트립스틱16서정적 3.5G,삐아,3.5G
15506,Training|Validation,이/미용,화장품,립글로즈/틴트,삐아 라스트립스틱17사교적 3.5G,삐아,3.5G
15503,Training|Validation,이/미용,화장품,립글로즈/틴트,삐아 라스트립스틱18고전적 3.5G,삐아,3.5G
15505,Training|Validation,이/미용,화장품,립글로즈/틴트,삐아 라스트립스틱20본능적 3.5G,삐아,3.5G
15501,Training|Validation,이/미용,화장품,립글로즈/틴트,삐아 파이널틴트01수다왕 4.3G,삐아,4.3G
15502,Training|Validation,이/미용,화장품,립글로즈/틴트,삐아 파이널틴트05케미왕 4.3G,삐아,4.3G
65967,Training|Validation,이/미용,화장품,립글로즈/틴트,씨제이올리브영)페리페라잉크더에어리벨벳07심장폭격2020올리브영어워즈기획세트,씨제이올리브영,4G
45539,Training|Validation,이/미용,화장품,립글로즈/틴트,아모레퍼시픽)크리미틴트컬러밤인텐스10클래식버건디,아모레퍼시픽,1개
45540,Training|Validation,이/미용,화장품,립글로즈/틴트,아모레퍼시픽)크리미틴트컬러밤인텐스11벨벳레드,아모레퍼시픽,1개
45541,Training|Validation,이/미용,화장품,립글로즈/틴트,아모레퍼시픽)크리미틴트컬러밤인텐스13벨벳로즈,아모레퍼시픽,1개
45542,Training|Validation,이/미용,화장품,립글로즈/틴트,아모레퍼시픽)크리미틴트컬러밤인텐스17애플바이트,아모레퍼시픽,1개
45543,Training|Validation,이/미용,화장품,립글로즈/틴트,아모레퍼시픽)크리미틴트컬러밤인텐스23브릭로즈,아모레퍼시픽,1개
45596,Training|Validation,이/미용,화장품,립글로즈/틴트,에이블씨엔씨)어퓨과즙팡무스틴트CR03(자두자두졸려),에이블씨앤씨,5.5G
45562,Training|Validation,이/미용,화장품,립글로즈/틴트,에이블씨엔씨)어퓨과즙팡무스틴트PK01(맛있게구아바),에이블씨앤씨,1개
45595,Training|Validation,이/미용,화장품,립글로즈/틴트,에이블씨엔씨)어퓨과즙팡무스틴트RD01(사과의말씀),에이블씨앤씨,5.5G
66269,Training|Validation,이/미용,화장품,립글로즈/틴트,엔프라니)홀리카홀리카홀리팝워터틴트02자몽자몽,엔프라니,9ML
45576,Training|Validation,이/미용,화장품,립글로즈/틴트,엘오케이)슈퍼스테이매트잉크로즈플럼120아티스트,엘오케이,1개
35852,Training|Validation,이/미용,화장품,립글로즈/틴트,이니스프리)이니스프리비비드젤리틴트1체리레드,이니스프리,5.2G
35851,Training|Validation,이/미용,화장품,립글로즈/틴트,이니스프리)이니스프리비비드젤리틴트2오렌지레드,이니스프리,5.2G
45556,Training|Validation,이/미용,화장품,립글로즈/틴트,코스온)플린일루션코틴틴트302달리아오,코스온,1개
35465,Training|Validation,이/미용,화장품,립글로즈/틴트,코스온)플린일루션코팅틴트301릴리레드,코스온,3.2ML
35467,Training|Validation,이/미용,화장품,립글로즈/틴트,코스온)플린일루션코팅틴트305카라브라운,코스온,3.2ML
35466,Training|Validation,이/미용,화장품,립글로즈/틴트,코스온)플린일루션코팅틴트306샤이블로썸,코스온,3.2ML
45933,Training|Validation,이/미용,화장품,립글로즈/틴트,코코)릴리바이레드무드라이어벨벳틴트02단아한감귤인척,코코,4.2G
45919,Training|Validation,이/미용,화장품,립글로즈/틴트,코코)릴리바이레드무드라이어벨벳틴트04그윽한홍시인척,코코,4.2G
45934,Training|Validation,이/미용,화장품,립글로즈/틴트,코코)릴리바이레드무드라이어벨벳틴트05사연있는자두인척,코코,4.2G
45935,Training|Validation,이/미용,화장품,립글로즈/틴트,코코)릴리바이레드무드라이어벨벳틴트06치명적인석류인척,코코,4.2G
55907,Training|Validation,이/미용,화장품,립글로즈/틴트,클리오)페리페라잉크더에어리벨벳03만찢코랄,클리오,4G
45918,Training|Validation,이/미용,화장품,립글로즈/틴트,클리오)페리페라잉크더에어리벨벳08최애쁨템,클리오,4G
45589,Training|Validation,이/미용,화장품,립글로즈/틴트,퍼스트엘앤씨)플린일루션코팅틴트307레드커런트,퍼스트엘앤씨,2.7G
45588,Training|Validation,이/미용,화장품,립글로즈/틴트,퍼스트엘앤씨)플린일루션코팅틴트311비터스윗,퍼스트엘앤씨,2.7G
55470,Training|Validation,이/미용,위생용품,립밤/립스크럽,그레이스인터내셔날허바신카밀캐모마일립밤,그레이스인터내셔날,4.8G
26063,Training|Validation,이/미용,위생용품,립밤/립스크럽,네이처리퍼블릭 내추럴버터립밤04망고4G,네이처리퍼블릭,4G
16103,Training|Validation,이/미용,위생용품,립밤/립스크럽,네이처리퍼블릭 모이스트엔젤립밤01피치틴트밤,네이처리퍼블릭,1개입
16068,Training|Validation,이/미용,위생용품,립밤/립스크럽,네이처리퍼블릭 모이스트엔젤립밤02크랜베리틴트밤,네이처리퍼블릭,1개입
65504,Training|Validation,이/미용,위생용품,립밤/립스크럽,닥터벨머어드밴스드시카터치립밤레드,닥터벨머,5.5G
65499,Training|Validation,이/미용,위생용품,립밤/립스크럽,닥터벨머어드밴스트시카터치립밤핑크,닥터벨머,5.5G
36068,Training|Validation,이/미용,위생용품,립밤/립스크럽,더샘인터내셔날)더샘샘물에센셜틴트립밤CR01에센셜코랄,더샘인터내셔날,1개
36072,Training|Validation,이/미용,위생용품,립밤/립스크럽,더샘인터내셔날)더샘샘물에센셜틴트립밤OR01에센셜딸기,더샘인터내셔날,1개
36069,Training|Validation,이/미용,위생용품,립밤/립스크럽,더샘인터내셔날)더샘샘물에센셜틴트립밤PK02에센셜꽃잎,더샘인터내셔날,1개
36070,Training|Validation,이/미용,위생용품,립밤/립스크럽,더샘인터내셔날)더샘샘물에센셜틴트립밤RD01에센셜로즈,더샘인터내셔날,1개
36071,Training|Validation,이/미용,위생용품,립밤/립스크럽,더샘인터내셔날)더샘샘물에센셜틴트립밤WH01에센셜듀이,더샘인터내셔날,1개
36067,Training|Validation,이/미용,위생용품,립밤/립스크럽,더샘인터내셔날)더샘샘물컨디셔닝립밤01영양가득,더샘인터내셔날,1개
15583,Training|Validation,이/미용,위생용품,립밤/립스크럽,미샤 슈퍼푸드아보카도립밤 3.2G,미샤,3.2G
55895,Training|Validation,이/미용,위생용품,립밤/립스크럽,바이엘코리아)비판톨립크림7.5ML,바이엘코리아,7.5ML
15581,Training|Validation,이/미용,위생용품,립밤/립스크럽,아모레 한울 자연을닮은립밤 서리태 1개입,아모레퍼시픽,1개입
15580,Training|Validation,이/미용,위생용품,립밤/립스크럽,아모레 한울 자연을닮은립밤 쌀 1개입,아모레퍼시픽,1개입
25538,Training|Validation,이/미용,위생용품,립밤/립스크럽,아모레 한울 자연을닮은립밤 어린쑥 1개입,아모레퍼시픽,1개입
25534,Training|Validation,이/미용,위생용품,립밤/립스크럽,엘지 닥터밸머 어드밴스드시카터치립밤코랄5.5G,엘지생활건강,5.5G
56024,Training|Validation,이/미용,위생용품,립밤/립스크럽,이니스프리)이니스프리글로우틴트립밤1진달래,이니스프리,3.5G
56023,Training|Validation,이/미용,위생용품,립밤/립스크럽,이니스프리)이니스프리글로우틴트립밤2동백,이니스프리,3.5G
56022,Training|Validation,이/미용,위생용품,립밤/립스크럽,이니스프리)이니스프리글로우틴트립밤3복숭아,이니스프리,3.5G
45557,Training|Validation,이/미용,위생용품,립밤/립스크럽,지디케이)메디힐라보케어판테노립스힐밤,지디케이,1개
45951,Training|Validation,이/미용,위생용품,립밤/립스크럽,크로락스)버츠비비즈왁스립밤위드비타민E&페퍼민트,크로락스,4.25G
45917,Training|Validation,이/미용,위생용품,립밤/립스크럽,클라젠)마녀공장왓어멜론모이스처립세럼,클라젠,10ML
65545,Training|Validation,이/미용,위생용품,립밤/립스크럽,키스뉴욕프레스앤고네일팁체리밤,키스뉴욕프레스,1개
65510,Training|Validation,이/미용,위생용품,립밤/립스크럽,토니모리퍼펙트립스글로우케어스틱02꽃잎보습,토니모리,1개
65613,Training|Validation,이/미용,위생용품,립밤/립스크럽,토니모리퍼펙트립스글로우케어스틱03장미보습,토니모리,1개입
65511,Training|Validation,이/미용,위생용품,립밤/립스크럽,토니모리퍼펙트립스글로욱케어스틱01순수보습,토니모리,1개
35849,Training|Validation,이/미용,위생용품,립밤/립스크럽,한국콜마)이니스프리유채꿀립밤,한국콜마,3.5G
16071,Training|Validation,이/미용,화장품,메이크업브러쉬,네이처리퍼블릭 시크릿헤어라이너01블랙,네이처리퍼블릭,1개입
26064,Training|Validation,이/미용,화장품,메이크업브러쉬,네이처리퍼블릭 시크릿헤어라이너02브라운0.9G,네이처리퍼블릭,0.9G
36074,Training|Validation,이/미용,화장품,메이크업브러쉬,네이처리퍼블릭)스키니롱&컬마스카라,네이처리퍼블릭,3.5G
36075,Training|Validation,이/미용,화장품,메이크업브러쉬,네이처리퍼블릭)와일드마스카라01볼륨,네이처리퍼블릭,9G
16013,Training|Validation,이/미용,화장품,메이크업브러쉬,더샘 사선아이브로우브러쉬1개입,더샘,1개입
16012,Training|Validation,이/미용,화장품,메이크업브러쉬,더샘 사선치크컨투어브러쉬1개입,더샘,1개입
36065,Training|Validation,이/미용,화장품,메이크업브러쉬,더샘인터내셔날)더샘샘물빵빵볼륨마스카라,더샘인터내셔날,1개
15571,Training|Validation,이/미용,화장품,메이크업브러쉬,미샤 파워세팅마스카라픽서 5ML,미샤,5ML
25554,Training|Validation,이/미용,화장품,메이크업브러쉬,아이엔지화장품 래쉬톡립브러시 8P,아이앤지,8P
25555,Training|Validation,이/미용,화장품,메이크업브러쉬,아이엔지화장품 래쉬톡크림섀도우브러쉬 1개입,아이앤지,1개입
45592,Training|Validation,이/미용,화장품,메이크업브러쉬,아이티씨)래쉬톡아이섀도우브러쉬,아이티씨,1개
45573,Training|Validation,이/미용,화장품,메이크업브러쉬,아이티씨)래쉬톡크림섀도우브러쉬,아이티씨,1개
45552,Training|Validation,이/미용,화장품,메이크업브러쉬,아이티씨)래쉬톡포인트섀도우브러쉬,아이티씨,1개
15550,Training|Validation,이/미용,화장품,메이크업브러쉬,아이티씨코리아 래쉬톡 블렌딩브러쉬 1개입,아이티씨코리아,1개입
25586,Training|Validation,이/미용,화장품,메이크업브러쉬,아이티씨코리아 래쉬톡 아이섀도우브러쉬 1개입,아이티씨코리아,1개입
15551,Training|Validation,이/미용,화장품,메이크업브러쉬,아이티씨코리아 래쉬톡 젤아이라이너브러쉬 1개입,아이티씨코리아,1개입
15549,Training|Validation,이/미용,화장품,메이크업브러쉬,아이티씨코리아 래쉬톡 컨실러브러쉬 1개입,아이티씨코리아,1개입
25559,Training|Validation,이/미용,화장품,메이크업브러쉬,아이티씨코리아 래쉬톡 포인트섀도우브러쉬 1개입,아이티씨코리아,1개입
15552,Training|Validation,이/미용,화장품,메이크업브러쉬,아이티씨코리아 래쉬톡 하이라이터브러쉬 1개입,아이티씨코리아,1개입
55575,Training|Validation,이/미용,화장품,메이크업브러쉬,아이티씨코리아래쉬톡블랜딩브러쉬경계제로브러쉬가드2P내장,아이티씨코리아,1개입
35506,Training|Validation,이/미용,화장품,메이크업브러쉬,에이블씨엔씨)미샤3D마스카라,에이블씨앤씨,7G
35505,Training|Validation,이/미용,화장품,메이크업브러쉬,에이블씨엔씨)미샤4D마스카라,에이블씨앤씨,7G
15572,Training|Validation,이/미용,화장품,메이크업브러쉬,토니모리 딜라이트써클렌즈마스카라01볼륨써클 1개입,토니모리,1개입
15574,Training|Validation,이/미용,화장품,메이크업브러쉬,토니모리 딜라이트써클렌즈마스카라02컬링앤롱래쉬써클 1개입,토니모리,1개입
15573,Training|Validation,이/미용,화장품,메이크업브러쉬,토니모리 딜라이트써클렌즈마스카라03클리어써클 1개입,토니모리,1개입
55958,Training|Validation,이/미용,화장품,메이크업브러쉬,한국쉬즈라인)필리밀리립브러시,한국쉬즈라인,8개입
55959,Training|Validation,이/미용,화장품,메이크업브러쉬,한국쉬즈라인)필리밀리스크류브러시,한국쉬즈라인,8개입
15999,Training|Validation,이/미용,화장품,메이크업세트,네이처리퍼블릭 뷰티풀속눈썹01내추럴일자형1개입,네이처리퍼블릭,1개입
16000,Training|Validation,이/미용,화장품,메이크업세트,네이처리퍼블릭 뷰티풀속눈썹02풍성한X형1개입,네이처리퍼블릭,1개입
16001,Training|Validation,이/미용,화장품,메이크업세트,네이처리퍼블릭 뷰티풀속눈썹03풍성한날개형1개입,네이처리퍼블릭,1개입
36019,Training|Validation,이/미용,화장품,메이크업세트,더샘인터내셔날)더샘속눈썹풀,더샘인터내셔날,5ML
45890,Training|Validation,이/미용,화장품,메이크업세트,라이플러스)이니스프리속눈썹스페셜2세트,라이플러스,1ML
45889,Training|Validation,이/미용,화장품,메이크업세트,라이플러스)이니스프리풍성한속눈썹,라이플러스,1ML
25528,Training|Validation,이/미용,화장품,메이크업세트,미샤 시크릿래쉬 3호퍼피,미샤,1개입
25529,Training|Validation,이/미용,화장품,메이크업세트,미샤 시크릿래쉬 5호가젤,미샤,1개입
25523,Training|Validation,이/미용,화장품,메이크업세트,미샤 시크릿래쉬4호키타캣,미샤,1개입
25524,Training|Validation,이/미용,화장품,메이크업세트,미오시 속눈썹04내추럴,미오시,1개입
55981,Training|Validation,이/미용,화장품,메이크업세트,신영허브)시베리아차가버섯분말,신영허브,90G
45936,Training|Validation,이/미용,화장품,메이크업세트,씨제이올리브영)필리밀리다크니스속눈썹접착제(검정),씨제이올리브영,5ML
55881,Training|Validation,이/미용,화장품,메이크업세트,씨제이올리브영)필리밀리다크니스쌍커풀액5ML,씨제이올리브영,5ML
55883,Training|Validation,이/미용,화장품,메이크업세트,씨제이올리브영)필리밀리데일리부분아이래쉬10호,씨제이올리브영,1G
65556,Training|Validation,이/미용,화장품,메이크업세트,아이앤지화장품데일리뷰티툴즈프로아이래쉬02볼륨풍성한속눈썹,아이앤지,1쌍
65557,Training|Validation,이/미용,화장품,메이크업세트,아이앤지화장품데일리뷰티툴즈프로아이래쉬05비비드또렷한속눈썹,아이앤지,1쌍
65558,Training|Validation,이/미용,화장품,메이크업세트,아이앤지화장품데일리뷰티툴즈프로아이래쉬08스모키그윽한속눈썹,아이앤지,1쌍
65559,Training|Validation,이/미용,화장품,메이크업세트,아이앤지화장품데일리뷰티툴즈프로아이래쉬09리얼청순한속눈썹,아이앤지,1쌍
65555,Training|Validation,이/미용,화장품,메이크업세트,아이앤지화장품데일리뷰티툴즈프로아이래쉬10엣지고양이눈썹,아이앤지,1쌍
65554,Training|Validation,이/미용,화장품,메이크업세트,아이앤지화장품데일리뷰티툴즈프로아이래쉬12크로스글래머속눈썹,아이앤지,1쌍
25527,Training|Validation,이/미용,화장품,메이크업세트,아이엔지화장품 데일리뷰티툴즈프로아이래쉬11브라운,아이앤지,1개입
45555,Training|Validation,이/미용,화장품,메이크업세트,아이티씨)미오시3D속눈썹01글래머,아이티씨,2개
25530,Training|Validation,이/미용,화장품,메이크업세트,아이티씨코리아 미오시속눈썹02쿨시크,아이티씨코리아,1개입
35500,Training|Validation,이/미용,화장품,메이크업세트,아이티씨코리아)미오시속눈썹02Coolchic(쿨시크)1G,아이티씨코리아,2개입
15532,Training|Validation,이/미용,화장품,메이크업제품,도도레이블 얼굴형메이커 40개입,도도레이,40개입
25564,Training|Validation,이/미용,화장품,메탈미용소도구,미샤 프로페셔널아이래쉬컬러 1개입,미샤,1개입
55944,Training|Validation,이/미용,화장품,메탈미용소도구,씨제이올리브영)필리밀리3단아이래쉬컬러,씨제이올리브영,1개입
25532,Training|Validation,이/미용,화장품,메탈미용소도구,아이엔지화장품 데일리뷰티툴즈 아이래쉬뷰러 1개입,아이앤지,1개입
65925,Training|Validation,이/미용,화장품,메탈미용소도구,이니스프리)프리미엄뷰러,이니스프리,1개입
45551,Training|Validation,이/미용,화장품,메탈미용소도구,카이지루시)PC아일래쉬컬러,카이지루시,1개
45631,Training|Validation,이/미용,위생용품,메탈미용소도구,한국키스미)히로인메이크볼륨앤컬마스카라슈퍼워터프루프,한국키스미,6G
45650,Training|Validation,이/미용,화장품,메탈미용소도구,한국키스미)히로인메이크볼륨앤컬마스카라어드밴스드필름(02브라운),한국키스미,1개입
25516,Training|Validation,이/미용,화장품,면봉/화장솜,유어프리미엄면봉 150P,광동제약,150P
15280,Training|Validation,이/미용,화장품,면봉/화장솜,그린비 더순수한화장솜엠보코튼100% 210매,그린비,210매
65176,Training|Validation,이/미용,화장품,면봉/화장솜,그린에이드)클린라이프사각면봉200개입,그린에이드,200개입
16003,Training|Validation,이/미용,화장품,면봉/화장솜,네이처리퍼블릭 뷰티풀내추럴워터젯화장솜80매,네이처리퍼블릭,80매
16030,Training|Validation,이/미용,화장품,면봉/화장솜,네이처리퍼블릭 제주탄산클렌징티슈50매입,네이처리퍼블릭,50매입
16029,Training|Validation,이/미용,화장품,면봉/화장솜,네이처리퍼블릭 캘리포니아알로에베라클렌징티슈80매입,네이처리퍼블릭,80매입
66233,Training|Validation,이/미용,화장품,면봉/화장솜,네이처리퍼블릭)뷰티풀면봉300PCS,네이처리퍼블릭,300PCS
66372,Training|Validation,이/미용,화장품,면봉/화장솜,네이처리퍼블릭뷰티툴면봉300PCS,네이처리퍼블릭,300PCS
26070,Training|Validation,이/미용,화장품,면봉/화장솜,더샘 가든플래져카렌들라클렌징티슈100매,더샘,100매
26069,Training|Validation,이/미용,화장품,면봉/화장솜,더샘 가든플레져캐모마일클렌징티슈100매,더샘,100매
66194,Training|Validation,이/미용,화장품,면봉/화장솜,더샘인터내셔날)더샘힐링티가든그린티클렌징티슈,더샘인터내셔날,60매
66193,Training|Validation,이/미용,화장품,면봉/화장솜,더샘인터내셔날)더샘힐링티가든티트리클렌징티슈,더샘인터내셔날,60매
66195,Training|Validation,이/미용,화장품,면봉/화장솜,더샘인터내셔날)더샘힐링티가든티트리클렌징티슈,더샘인터내셔날,20매
15522,Training|Validation,이/미용,화장품,면봉/화장솜,더페이스샵 허브데이클렌징티슈 70매,더페이스샵,70매
45656,Training|Validation,이/미용,화장품,면봉/화장솜,더페이스샵)미감수브라이트클렌징티슈174G,더페이스샵,50매
15530,Training|Validation,이/미용,화장품,면봉/화장솜,신세대 데일리뷰티툴즈 실키앤소프트화장솜 80매,랄라블라,80매
15701,Training|Validation,이/미용,화장품,면봉/화장솜,신세대 데일리뷰티툴즈멀티5겹화장솜 80매,랄라블라,80매
35985,Training|Validation,이/미용,화장품,면봉/화장솜,신세대)홀리카홀리카순면화장솜,랄라블라,80매입
66169,Training|Validation,이/미용,화장품,면봉/화장솜,루트비)리얼베베세이프티베이비코튼면봉,루트비,520개
45655,Training|Validation,이/미용,화장품,면봉/화장솜,맨담코리아)비페스타클렌징시트브라이트닝241.2G,맨담코리아,46매
65933,Training|Validation,이/미용,화장품,면봉/화장솜,맨담코리아)비페스타클렌징시트오일인40매입,맨담코리아,40매입
25480,Training|Validation,이/미용,화장품,면봉/화장솜,미샤 면봉 300P,미샤,300P
65626,Training|Validation,이/미용,화장품,면봉/화장솜,미샤소프트5겹화장솜80매,미샤,80매입
55613,Training|Validation,이/미용,화장품,면봉/화장솜,미샤수퍼아쿠아울트라히알론클렌징오일티슈30매입,미샤,158ML
55635,Training|Validation,이/미용,화장품,면봉/화장솜,미샤수퍼아쿠아울트라히알론클렌징워터티슈30매입,미샤,139ML
25501,Training|Validation,이/미용,화장품,면봉/화장솜,뷰티팩토리 아리얼 스트레스릴리빙퓨어풀클렌징티슈 15매,뷰티팩토,15매
55891,Training|Validation,이/미용,화장품,면봉/화장솜,시너지플래닛츠)바디버든프로젝트바른화장솜80매,시너지플래닛츠,80매
35507,Training|Validation,이/미용,화장품,면봉/화장솜,씨앤텍)토니모리프로클린소프트클렌징티슈,씨앤텍,85G
15847,Training|Validation,이/미용,화장품,면봉/화장솜,씨제이올리브영 필리밀리엠보싱화장솜220매입,씨제이올리브영,220매입
15850,Training|Validation,이/미용,화장품,면봉/화장솜,씨제이올리브영 필리밀리프리미엄화장송60매입,씨제이올리브영,60매입
65934,Training|Validation,이/미용,화장품,면봉/화장솜,씨제이올리브영)필리밀리1/2화장솜80매,씨제이올리브영,80매입
45905,Training|Validation,이/미용,화장품,면봉/화장솜,씨제이올리브영)필리밀리개별듀얼면봉,씨제이올리브영,50개입
45952,Training|Validation,이/미용,화장품,면봉/화장솜,씨제이올리브영)필리밀리듀얼라운드화장솜,씨제이올리브영,60매입
65935,Training|Validation,이/미용,화장품,면봉/화장솜,씨제이올리브영)필리밀리멀티5겹화장솜80매입,씨제이올리브영,80매입
66000,Training|Validation,이/미용,화장품,면봉/화장솜,씨제이올리브영)필리밀리뽑아쓰는무표백화장솜80매입,씨제이올리브영,80매입
45897,Training|Validation,이/미용,화장품,면봉/화장솜,씨제이올리브영)필리밀리순면화장솜,씨제이올리브영,80매입
65938,Training|Validation,이/미용,화장품,면봉/화장솜,씨제이올리브영)필리밀리실키화장솜80매입,씨제이올리브영,80매입
65999,Training|Validation,이/미용,화장품,면봉/화장솜,씨제이올리브영)필리밀리티슈화장솜100매입,씨제이올리브영,100매입
65489,Training|Validation,이/미용,화장품,면봉/화장솜,애경포인트딥클린올인원클렌징티슈,애경,80매
66200,Training|Validation,이/미용,화장품,면봉/화장솜,엔프라니)홀리카홀리카데일리프레시촉촉올리브크렌징티슈60매*2개입,엔프라니,600G
45257,Training|Validation,이/미용,화장품,면봉/화장솜,LG생활건강)온더바디라이스테라피쌀눈미셀라클렌징티슈50매,엘지생활건강,50매
25508,Training|Validation,이/미용,화장품,면봉/화장솜,엘지 시루콧토후키토리 32매,엘지생활건강,32매
45915,Training|Validation,이/미용,화장품,면봉/화장솜,우일씨앤텍)슈렉아임더리얼알로에93%수딩데오티슈,우일씨앤텍,20매입
45914,Training|Validation,이/미용,화장품,면봉/화장솜,우일씨앤텍)식물나라제주탄산수딥클렌징티슈,우일씨앤텍,20매입
65940,Training|Validation,이/미용,화장품,면봉/화장솜,이니스프리)닦아쓰는손수건40매입,이니스프리,40매입
55990,Training|Validation,이/미용,면봉/화장솜,면봉/화장솜,일양약품주식회사)피로회복자양강장원비디,일양약품주식회사,120ML
25478,Training|Validation,이/미용,화장품,면봉/화장솜,제이트레이더스 압출면봉30개입,제이트레이더스,30개입
66001,Training|Validation,이/미용,화장품,면봉/화장솜,코스알엑스)코스알엑스원스텝오리지널클리어패드70매입,코스알엑스,135ML
15529,Training|Validation,이/미용,화장품,면봉/화장솜,토니모리 5겹압축화장솜400매,토니모리,400매
15527,Training|Validation,이/미용,화장품,면봉/화장솜,토니모리 각질정돈화장솜80매,토니모리,80매
15528,Training|Validation,이/미용,화장품,면봉/화장솜,토니모리 순면화장솜80매,토니모리,80매
15526,Training|Validation,이/미용,화장품,면봉/화장솜,토니모리 실크감촉화장솜80매,토니모리,80매
65550,Training|Validation,이/미용,화장품,면봉/화장솜,토니모리소프트클렌징티슈50매입,토니모리,280G
65498,Training|Validation,이/미용,화장품,면봉/화장솜,풍성기업피지쏘옥압출면봉,풍성기업,30개
26054,Training|Validation,이/미용,화장품,면봉/화장솜,홀리카홀리카 매직툴멀티5겹화장솜80P,홀리카홀리카,80P
66385,Training|Validation,이/미용,화장품,면봉/화장솜,홀리카홀리카데일리프레시촉촉올리브클렌징티슈60매입,홀리카홀리카,60매입
65968,Training|Validation,이/미용,화장품,면봉/화장솜,화이트래빗)항균엠보프리미엄화장솜전문브랜드210매,화이트래빗,210매
55890,Training|Validation,이/미용,화장품,면봉/화장솜,화이트래빗)화이트래빗홀타입100매,화이트래빗,100매
55889,Training|Validation,이/미용,화장품,면봉/화장솜,화이트래빗)화이트래빗화장솜100매,화이트래빗,100매
15716,Training|Validation,이/미용,화장지,물티슈,보령메디앙스 닥터아토클렌징&수딩티슈 20매,보령메디,20매
30244,Training|Validation,이/미용,화장품,미스트,과일나라탐나는복숭아바디미스트,과일나라,110ML
26078,Training|Validation,이/미용,화장품,미스트,네이처리퍼블릭 모멘트퍼퓸선셋트리퍼퓸미스트80ML,네이처리퍼블릭,80ML
46108,Training|Validation,이/미용,화장품,미스트,네이처리퍼블릭)네이처리퍼블릭모멘트퍼퓸그린스쿱퍼퓸미스트,네이처리퍼블릭,60ML
46109,Training|Validation,이/미용,화장품,미스트,네이처리퍼블릭)네이처리퍼블릭모멘트퍼퓸로맨틱페탈퍼퓸미스트,네이처리퍼블릭,60ML
46110,Training|Validation,이/미용,화장품,미스트,네이처리퍼블릭)네이처리퍼블릭모멘트퍼퓸캔디플로스퍼퓸미스트,네이처리퍼블릭,60ML
46080,Training|Validation,이/미용,화장품,미스트,네이처리퍼블릭)네이처리퍼블릭수딩앤모이스처알로에베라92%수딩젤미스트,네이처리퍼블릭,150ML
46114,Training|Validation,이/미용,화장품,미스트,네이처리퍼블릭)네이처리퍼블릭아르간에센셜수분헤어미스트,네이처리퍼블릭,220ML
55510,Training|Validation,이/미용,화장품,미스트,더마밀라르끄피엠04:00,더마밀,80ML
45617,Training|Validation,이/미용,화장품,미스트,더페이스샵)더페이스샵알로에후레쉬수딩미스트,더페이스샵,130ML
15559,Training|Validation,이/미용,화장품,미스트,미샤 데어바디미스트 깐자몽 105ML,미샤,105ML
15558,Training|Validation,이/미용,화장품,미스트,미샤 데어바디미스트 양재꽃시장 105ML,미샤,105ML
15560,Training|Validation,이/미용,화장품,미스트,미샤 데어바디미스트 푹잠유도제 105ML,미샤,105ML
15556,Training|Validation,이/미용,화장품,미스트,미샤 퍼퓸드샤워코롱 105ML,미샤,105ML
65614,Training|Validation,이/미용,화장품,미스트,미샤데어바디미스트산타모니카해변,미샤,105ML
70246,Training|Validation,이/미용,화장품,미스트,스킨팜무민헤어바디미스트,스킨팜무,50ML
55499,Training|Validation,이/미용,화장품,미스트,시세이도마쉐리퍼펙트샤워,시세이도,250ML
45643,Training|Validation,이/미용,화장품,미스트,신세계인터코스)심플앤모어피에이치5.5워터락미스트,신세계인터코스,100ML
25716,Training|Validation,이/미용,화장품,미스트,아모레 미쟝센스무스&실키모이스처미스트 200ML,아모레퍼시픽,200ML
25895,Training|Validation,이/미용,화장품,미스트,아모레 미쟝센풀&글래머러스볼륨미스트200ml,아모레퍼시픽,200ml
65811,Training|Validation,이/미용,화장품,미스트,아모레퍼시픽)미쟝센퍼펙트세럼미스트(분사형),아모레퍼시픽,150ML
55511,Training|Validation,이/미용,화장품,미스트,에이블씨앤씨어퓨라즈베리식초헤어미스트,에이블씨앤씨,105ML
45624,Training|Validation,이/미용,화장품,미스트,에이블씨엔씨)미샤데어바디미스트(5성급호텔침구),에이블씨앤씨,105ML
45634,Training|Validation,이/미용,화장품,미스트,에이블씨엔씨)미샤데어바디미스트(페어앤로즈),에이블씨앤씨,105ML
46104,Training|Validation,이/미용,화장품,미스트,엔프라니)홀리카홀리카굳세라수퍼세라마이드미스트,엔프라니,120ML
45494,Training|Validation,이/미용,화장품,미스트,엠앤코스)마이달리아바디미스트걸리쉬피치,엠앤코스,100ML
30293,Training|Validation,이/미용,화장품,미스트,오가닉 무민헤어바디미스트블루밍러브향,오가닉,50ML
55498,Training|Validation,이/미용,화장품,미스트,웰코스더스트제로필링미스트,웰코스,300ML
35549,Training|Validation,이/미용,화장품,미스트,코스맥스)이지듀데일리에센셜베리어미스트,코스맥스,50ML
35846,Training|Validation,이/미용,화장품,미스트,코스비전)이니스프리그린티미스트,코스비전,50ML
25476,Training|Validation,이/미용,화장품,미스트,티에스지컴퍼니 심플앤모어 세라마이드크림미스트 100ML,티에스지컴퍼니,100ML
15554,Training|Validation,이/미용,화장품,미스트,퍼퓸홀릭 마리퍼퓸홀릭미스트 50ML,퍼퓸홀릭,50ML
45653,Training|Validation,이/미용,화장품,미스트,퍼퓸홀릭)마리퍼퓸홀릭미스트,퍼퓸홀릭,50ML
35153,Training|Validation,이/미용,위생용품,바디보습,LCC)니베아인텐시브바디로션400ML,LCC,400ML
15489,Training|Validation,이/미용,위생용품,바디보습,바세린 오리지널 프로텍팅 젤리 100ML,기타,100ML
56104,Training|Validation,이/미용,위생용품,바디보습,네이처리퍼블릭)퍼퓸드네이처바디로션올데이릴리,네이처리퍼블릭,345ML
25150,Training|Validation,이/미용,위생용품,바디보습,니베아 바디오일로션 체리블로썸앤호호바오일400ML,니베아,400ML
15095,Training|Validation,이/미용,위생용품,바디보습,니베아 인텐시브 바디로션 모든피부용 125ML,니베아,125ML
10280,Training|Validation,이/미용,위생용품,바디보습,니베아맨딥쉐이빙젤,니베아,200ML
40272,Training|Validation,이/미용,위생용품,바디보습,니베아소프트리프레싱모이스처라이징크림75ML,니베아,75ML
55140,Training|Validation,이/미용,위생용품,바디보습,니베아익스프레스바디로션,니베아,400ML
16009,Training|Validation,이/미용,위생용품,바디보습,더샘 퍼퓸드바디모이스처라이저시어버터200ML,더샘,200ML
16007,Training|Validation,이/미용,위생용품,바디보습,더샘 퍼퓸드바디모이스처라이저프리지아200ML,더샘,200ML
16008,Training|Validation,이/미용,위생용품,바디보습,더샘 퍼퓸드바디모이스처라이저피오니200ML,더샘,200ML
66184,Training|Validation,이/미용,위생용품,바디보습,더샘인터내셔날)더샘바디앤소울라이트바디오일,더샘인터내셔날,230ML
46115,Training|Validation,이/미용,위생용품,바디보습,더샘인터내셔날)더샘바디앤소울스윗타이바디로션,더샘인터내셔날,300ML
66185,Training|Validation,이/미용,위생용품,바디보습,더샘인터내셔날)더샘바디앤소울스윗타이바디오일미스트,더샘인터내셔날,150ML
45635,Training|Validation,이/미용,위생용품,바디보습,더페이스샵)퍼퓸씨드리치바디오일,더페이스샵,225ML
65649,Training|Validation,이/미용,위생용품,바디보습,디앤케이코리아바이오오일스킨케어오일,디앤케이,60ML
56006,Training|Validation,이/미용,위생용품,바디보습,만앤슈리터유한회사)발레아바디핏바디토닉,만앤슈리터유한회사,400ML
35589,Training|Validation,이/미용,위생용품,바디보습,바이어스도르프코리아 아트릭스 프로페셔널리페어크림 100ML,바이어스도르프코리아,100ML
65153,Training|Validation,이/미용,위생용품,바디보습,바이어스도르프코리아니베아SOS케어바디로션,바이어스도르프코리아,400ML
65155,Training|Validation,이/미용,위생용품,바디보습,바이어스도르프코리아니베아스무드바디로션,바이어스도르프코리아,400ML
65154,Training|Validation,이/미용,위생용품,바디보습,바이어스도르프코리아니베아인샤워바디로션나리싱,바이어스도르프코리아,400ML
15157,Training|Validation,이/미용,위생용품,바디보습,아모레 해피바스 데일리퍼퓸로즈바디로션 450G,아모레퍼시픽,450G
25151,Training|Validation,이/미용,위생용품,바디보습,아모레 해피바스 데일리퍼퓸코튼프라워바디로션450G,아모레퍼시픽,450G
25152,Training|Validation,이/미용,위생용품,바디보습,아모레 해피바스 정말촉촉한바디밀크450ML,아모레퍼시픽,450ML
35155,Training|Validation,이/미용,위생용품,바디보습,아모레퍼시픽)데일리퍼품라벤더바디로션450G,아모레퍼시픽,450G
45157,Training|Validation,이/미용,위생용품,바디보습,아모레퍼시픽)해피바스 데일리퍼퓸 체리블라썸 바디로션450G,아모레퍼시픽,450G
55169,Training|Validation,이/미용,위생용품,바디보습,아모레퍼시픽해피바스정말순한바디오일,아모레퍼시픽,250ML
55168,Training|Validation,이/미용,위생용품,바디보습,아모레퍼시픽해피바스정말촉촉한바디오일,아모레퍼시픽,250ML
56103,Training|Validation,이/미용,위생용품,바디보습,엔프라니)네추어비내추럴에센스모이스춰라이징바디로션,엔프라니,340ML
45159,Training|Validation,이/미용,위생용품,바디보습,엘시시)니베아 내추럴 케어 바디로션400ML,엘시시,400ML
65168,Training|Validation,이/미용,위생용품,바디보습,엘시시)니베아리치나리싱바디오일200ML,엘시시,200ML
15158,Training|Validation,이/미용,위생용품,바디보습,엘지 온더바디 더내추럴아보카도오일바디로션400ML,엘지생활건강,400ML
15254,Training|Validation,이/미용,위생용품,바디보습,엘지 온더바디 아이리스너리싱바디로션 400ML,엘지생활건강,400ML
15255,Training|Validation,이/미용,위생용품,바디보습,엘지 온더바디 체리블라썸너리싱바디로션 400ML,엘지생활건강,400ML
15159,Training|Validation,이/미용,위생용품,바디보습,엘지 온더바디 코코넛오일바디로션400ML,엘지생활건강,400ML
15238,Training|Validation,이/미용,위생용품,바디보습,온더바디벨먼락토모이스처인텐시브바디크림,온더바디,300ML
15691,Training|Validation,이/미용,위생용품,바디보습,히말라야 너리싱바디로션 400ML,온더바디,400ML
36002,Training|Validation,이/미용,위생용품,바디보습,유니레버)바세린인텐시브케어알로에수드로션,유니레버,400ML
26034,Training|Validation,이/미용,위생용품,바디보습,유니레버코리아 바세린인텐시브케어어드밴스드리페어로션400ML,유니레버코리아,400ML
66161,Training|Validation,이/미용,위생용품,바디보습,유니레버코리아)바세린드라이스킨리페어로션,유니레버코리아,400ML
45158,Training|Validation,이/미용,위생용품,바디보습,한국존슨앤존슨)뉴트로지나 노르웨이젼 포뮬러 너리싱 노르딕 베리 바디 모이스춰라이저450ML,한국존슨앤존슨,450ML
26075,Training|Validation,이/미용,위생용품,바디스크럽,네이처리퍼블릭 매끈매끈복숭아때샤워250ML,네이처리퍼블릭,250ML
46082,Training|Validation,이/미용,위생용품,바디스크럽,네이처리퍼블릭)네이처리퍼블릭매끈매끈코튼때샤워,네이처리퍼블릭,250ML
35999,Training|Validation,이/미용,위생용품,바디스크럽,더샘인터내셔날)더샘바디앤소울스윗타이바디스크럽,더샘인터내셔날,200ML
35997,Training|Validation,이/미용,위생용품,바디스크럽,뷰티스킨)홀리카홀리카촉촉보들바디때필링,뷰티스킨,300ML
45459,Training|Validation,이/미용,위생용품,바디스크럽,제이앤제이)바이빠세더모샤워젤건성피부용,제이앤제이,1L
45466,Training|Validation,이/미용,위생용품,바디스크럽,제이앤제이)카레스샤워크림밀크프로테인,제이앤제이,1L
65502,Training|Validation,이/미용,위생용품,바디스크럽,토니모리프레스티지제주마유트리트먼트버블바디스크럽,토니모리,150ML
56099,Training|Validation,이/미용,위생용품,바디워시,네이처리퍼블릭)네이처리퍼블릭러브미버블배쓰앤샤워젤로맨틱피어니,네이처리퍼블릭,400ML
56101,Training|Validation,이/미용,위생용품,바디워시,네이처리퍼블릭)네이처리퍼블릭러브미버블배쓰앤샤워젤베르가못시트러스,네이처리퍼블릭,400ML
56100,Training|Validation,이/미용,위생용품,바디워시,네이처리퍼블릭)네이처리퍼블릭러브비버블배쓰앤샤워젤코튼베이비,네이처리퍼블릭,400ML
56107,Training|Validation,이/미용,위생용품,바디워시,네이처리퍼블릭)퍼퓸드네이처바디오일워시선샤인베리,네이처리퍼블릭,345ML
56106,Training|Validation,이/미용,위생용품,바디워시,네이처리퍼블릭)퍼퓸드네이처바디오일워시이브닝라벤더,네이처리퍼블릭,345ML
56105,Training|Validation,이/미용,위생용품,바디워시,네이처리퍼블릭)퍼퓸드네이처바디워시올데이릴리,네이처리퍼블릭,345ML
15685,Training|Validation,이/미용,위생용품,바디워시,뉴트로지나 데일리바디워시 500ML,뉴트로지나,500ML
46116,Training|Validation,이/미용,위생용품,바디워시,더샘인터내셔날)더샘바디앤소울스윗타이바디워시,더샘인터내셔날,300ML
45623,Training|Validation,이/미용,위생용품,바디워시,더페이스샵)퍼퓸씨드리치크림샤워,더페이스샵,300ML
45614,Training|Validation,이/미용,위생용품,바디워시,더페이스샵)퍼퓸씨드캡슐바디워시,더페이스샵,300ML
25784,Training|Validation,이/미용,위생용품,바디워시,무궁화 샤워때비누릴랙싱라벤더각질케어용바디워시700ML,무궁화,700ML
25785,Training|Validation,이/미용,위생용품,바디워시,무궁화 샤워때비누블루밍로즈각질케어용바디워시700ML,무궁화,700ML
26036,Training|Validation,이/미용,위생용품,바디워시,아모레 일리윤프레쉬모이스춰바디워시500ML,아모레퍼시픽,500ML
25140,Training|Validation,이/미용,위생용품,바디워시,아모레 해피바스 코지코튼플라워퍼퓸바디워시900G,아모레퍼시픽,900G
15938,Training|Validation,이/미용,위생용품,바디워시,아모레 해피바스보타닉프레시샤워바디워시1500G,아모레퍼시픽,1500G
15937,Training|Validation,이/미용,위생용품,바디워시,아모레 해피바스보타닉플로럴샤워바디워시1500G,아모레퍼시픽,1500G
26028,Training|Validation,이/미용,위생용품,바디워시,아모레 해피바스포에버퍼퓸바디워시허니&코코넛900G,아모레퍼시픽,900G
10279,Training|Validation,이/미용,위생용품,바디워시,아모레댄트롤딥클린박하솔트샴푸,아모레퍼시픽,180ML
66162,Training|Validation,이/미용,위생용품,바디워시,아모레퍼시픽)시암아로마오일바디워시,아모레퍼시픽,650ML
56065,Training|Validation,이/미용,위생용품,바디워시,아모레퍼시픽)시티오브바스스파바디워시,아모레퍼시픽,650ML
56070,Training|Validation,이/미용,위생용품,바디워시,아모레퍼시픽)일리윤세라마이드아토6.0탑투토워시,아모레퍼시픽,500ML
35138,Training|Validation,이/미용,위생용품,바디워시,아모레퍼시픽)포에버퍼품바디워시1300G,아모레퍼시픽,1300G
35673,Training|Validation,이/미용,위생용품,바디워시,아모레퍼시픽)해피바스정말달콤한바디워시,아모레퍼시픽,900G
35740,Training|Validation,이/미용,위생용품,바디워시,아모레퍼시픽)해피바스정말매끈한바디워시,아모레퍼시픽,900G
35532,Training|Validation,이/미용,위생용품,바디워시,아모레퍼시픽)해피바스정말순한바디워시,아모레퍼시픽,1100G
35531,Training|Validation,이/미용,위생용품,바디워시,아모레퍼시픽)해피바스정말촉촉한바디워시,아모레퍼시픽,1100G
65149,Training|Validation,이/미용,위생용품,바디워시,아모레퍼시픽해피바스내추럴정말순한바디밀크,아모레퍼시픽,450ML
65150,Training|Validation,이/미용,위생용품,바디워시,아모레퍼시픽해피바스로맨틱체리블러섬퍼퓸바디워시,아모레퍼시픽,900G
26032,Training|Validation,이/미용,위생용품,바디워시,애경 샤워메이트보타닉올리브바디워시1200G,애경,1200G
45150,Training|Validation,이/미용,위생용품,바디워시,애경)샤워메이트 클린코튼 바디워시1200G,애경,1200G
45711,Training|Validation,이/미용,위생용품,바디워시,애경)샤워메이트보타닉모링가바디워시,애경,1200G
35741,Training|Validation,이/미용,위생용품,바디워시,애경)샤워메이트보타닉버베나바디워시,애경,1200G
55130,Training|Validation,이/미용,위생용품,바디워시,애경샤워메이트유자바디워시,애경,1.2L
10277,Training|Validation,이/미용,위생용품,바디워시,애경케라시스데미지클리닉오리지널샴푸,애경,180ML
56096,Training|Validation,이/미용,위생용품,바디워시,엔프라니)네추어비내추럴에센스모이스춰라이징바디워시,엔프라니,500ML
25251,Training|Validation,이/미용,위생용품,바디워시,LG생활건강)더내추럴플러스레몬버베나바디워시50ML,엘지생활건강,50ML
35146,Training|Validation,이/미용,위생용품,바디워시,LG생활건강)온더바디더내추럴플러스레몬버베나바디워시865ML,엘지생활건강,865ML
35141,Training|Validation,이/미용,위생용품,바디워시,LG생활건강)온더바디울트라모이스쳐바디워시785ML,엘지생활건강,785ML
35140,Training|Validation,이/미용,위생용품,바디워시,LG생활건강)피스타치오민트바디워시)900G,엘지생활건강,900G
15162,Training|Validation,이/미용,위생용품,바디워시,엘지 온더바디 더내추럴플러스코코넛바디워시865ML,엘지생활건강,865ML
35604,Training|Validation,이/미용,위생용품,바디워시,엘지 온더바디 블루밍체리블라썸촉촉한바디워시 480ML,엘지생활건강,480ML
25512,Training|Validation,이/미용,위생용품,바디워시,엘지 온더바디 울트라모이스처바디워시 피오니블라썸향785ML,엘지생활건강,785ML
15692,Training|Validation,이/미용,위생용품,바디워시,엘지 온더바디 퓨어보타닉스리프레싱시트리스베리 바디워시 1150ML,엘지생활건강,1150M
35608,Training|Validation,이/미용,위생용품,바디워시,엘지 온더바디 퓨어보타닉스바디워시 릴렉싱로즈마리앤그린티 1150ML,엘지생활건강,1150ML
65141,Training|Validation,이/미용,위생용품,바디워시,엘지생활건강오가니스트유칼립투스월넛바디워시,엘지생활건강,865ML
65142,Training|Validation,이/미용,위생용품,바디워시,엘지생활건강온더바디더내추럴플러스아보카도바디워시,엘지생활건강,865ML
65140,Training|Validation,이/미용,위생용품,바디워시,엘지생활건강온더바디로맨틱아이리스바디워시,엘지생활건강,875ML
65144,Training|Validation,이/미용,위생용품,바디워시,엘지생활건강온더바디블루밍체리블라썸바디워시,엘지생활건강,875ML
65146,Training|Validation,이/미용,위생용품,바디워시,엘지생활건강온더바디울트라모이스처아몬드바닐라바디워시,엘지생활건강,785ML
65147,Training|Validation,이/미용,위생용품,바디워시,엘지생활건강온더바디울트라모이스처코튼플라워바디워시,엘지생활건강,785ML
66477,Training|Validation,이/미용,위생용품,바디워시,엘지오가니스트마카디미아크랜베리바디워시190ML,엘지생활건강,190ML
66478,Training|Validation,이/미용,위생용품,바디워시,엘지오가니스트유칼립투스월넛바디워시190ML,엘지생활건강,190ML
55252,Training|Validation,이/미용,위생용품,바디워시,엠솔릭쿨리스트맨올인원워시,엠솔릭,500G
85036,Training|Validation,이/미용,위생용품,바디워시,온더바디로맨틱아이리스바디워시촉촉한바디워시,온더바디,500G
70252,Training|Validation,이/미용,위생용품,바디워시,도브딥플리너리싱바디워시,유니레버,200ML
45479,Training|Validation,이/미용,위생용품,바디워시,유니레버)세인트이브스프레쉬스킨애프리콧엑스폴리에이팅바디워시,유니레버,400ML
15939,Training|Validation,이/미용,위생용품,바디워시,유니레버코리아 도브릴렉싱시어버터바디워시1L,유니레버코리아,1L
26033,Training|Validation,이/미용,위생용품,바디워시,유니레버코리아 도브뷰티너리싱바디워시1L,유니레버코리아,1L
35417,Training|Validation,이/미용,위생용품,바디워시,제이앤제이)카레스샤워크림코코넛1L,제이앤제이,1L
55665,Training|Validation,이/미용,위생용품,바디워시,한국존슨앤드존슨뉴트로지나릴렉싱바디워시,한국존슨앤드존슨,500ML
55134,Training|Validation,이/미용,위생용품,바디워시,해피바스내추럴정말순한바디워시,해피바스,900G
65518,Training|Validation,이/미용,위생용품,바디워시,해피바스매그놀리아에센스모이스처라이징바디워시,해피바스,500G
55132,Training|Validation,이/미용,위생용품,바디워시,해피바스포에버퍼퓸바디워시(그레이프프루트&진저),해피바스,1.3L
16004,Training|Validation,이/미용,위생용품,바디패치/팩,네이처리퍼블릭 대나무숯코&T존팩키트(토너33ML+팩25ML),네이처리퍼블릭,1세트
56118,Training|Validation,이/미용,위생용품,바디패치/팩,네이처리퍼블릭)네이처리퍼블릭대나무숯머드팩,네이처리퍼블릭,150G
66231,Training|Validation,이/미용,위생용품,바디패치/팩,네이처리퍼블릭)네이처리퍼블릭블랙헤드클리어코팩,네이처리퍼블릭,7매입
56045,Training|Validation,이/미용,위생용품,바디패치/팩,더샘인터내셔날)더샘시크릿퓨어노오즈클리어패치세트,더샘인터내셔날,6매
15576,Training|Validation,이/미용,위생용품,바디패치/팩,더페이스샵 제주화산토블랙헤드필오프코팩 50G,더페이스샵,50G
45254,Training|Validation,이/미용,위생용품,바디패치/팩,맨소래덤아시아퍼시픽)멘소래담클리어패치35입,맨담코리아,35입
15588,Training|Validation,이/미용,위생용품,바디패치/팩,미샤 스피디솔루션안티트러블패치세트 1개입,미샤,1개입
35568,Training|Validation,이/미용,위생용품,바디패치/팩,셀랩)스킨후리까만참숯코팩,셀랩,8개입
35550,Training|Validation,이/미용,위생용품,바디패치/팩,씨액텍)과일나라터치테라피카카오시트코팩,씨액텍,10개입
45954,Training|Validation,이/미용,위생용품,바디패치/팩,우신라보타치)베노라이트,우신라보타치,11G
35569,Training|Validation,이/미용,위생용품,바디패치/팩,웰코스)과일나라터치테라피카카오깔끔코팩,웰코스,60G
45942,Training|Validation,이/미용,위생용품,바디패치/팩,코바스)케어존닥터솔루션아큐어클래리파잉스팟패치(대용량),코바스,12매입
55217,Training|Validation,이/미용,위생용품,바디패치/팩,3M넥스케어블레미쉬클리어커버,한국쓰리엠,78매
55212,Training|Validation,이/미용,위생용품,바디패치/팩,3M넥스케어블레미쉬패치릴리프,한국쓰리엠,68매입
45255,Training|Validation,이/미용,위생용품,바디패치/팩,한국쓰리엠)쓰리엠넥스케어블레미쉬패치105매,한국쓰리엠,105매
65513,Training|Validation,이/미용,레저취미,반려견간식,에버그로펫밀크눈&관절,에버그로,150ML
45651,Training|Validation,이/미용,레저취미,반려견간식,유한회사)에버그로펫밀크피부&모발,유한회사,150ML
20324,Training|Validation,이/미용,제습/탈취,방향제,그린존 섬유향수 에이프릴프레쉬향,그린존,250ML
25734,Training|Validation,이/미용,제습/탈취,방향제,애경 케라시스모이스춰클리닉세럼 50ML,애경,50ML
35538,Training|Validation,이/미용,제습/탈취,방향제,에스씨존슨)그레이드미스트(내추럴라벤더),에스씨존슨코리아,320ML
75034,Training|Validation,이/미용,제습/탈취,방향제,에스씨존슨코리아 그레이드상큼한레몬 320ML,에스씨존슨코리아,320ML
56008,Training|Validation,이/미용,제습/탈취,방향제,에이디인터내셔날)오블리스런드리패브릭퍼퓸,에이디인터내셔날,200ML
56009,Training|Validation,이/미용,제습/탈취,방향제,에이디인터내셔날)일반생활활오블리스피치라일락패브릭퍼퓸,에이디인터내셔날,200ML
16069,Training|Validation,이/미용,화장품,블러셔,네이처리퍼블릭 바이플라워에어리코튼블러셔01진저베이지,네이처리퍼블릭,1개입
36078,Training|Validation,이/미용,화장품,블러셔,네이처리퍼블릭)바이플라워에어리코튼블러셔04페일라벤더,네이처리퍼블릭,4.5G
66212,Training|Validation,이/미용,화장품,블러셔,네이처리퍼블릭)샤인블라썸블러셔01핑크블러셔,네이처리퍼블릭,10G
66214,Training|Validation,이/미용,화장품,블러셔,네이처리퍼블릭)샤인블라썸블러셔02코랄,네이처리퍼블릭,10G
66213,Training|Validation,이/미용,화장품,블러셔,네이처리퍼블릭)샤인블라썸블러셔03애프리콧,네이처리퍼블릭,10G
15593,Training|Validation,이/미용,화장품,블러셔,미샤 코튼블러셔 라벤더퍼퓸 1개입,미샤,1개입
15592,Training|Validation,이/미용,화장품,블러셔,미샤 코튼블러셔 레드플랫 1개입,미샤,1개입
15594,Training|Validation,이/미용,화장품,블러셔,미샤 코튼블러셔 베이크드베이글 1개입,미샤,1개입
15591,Training|Validation,이/미용,화장품,블러셔,미샤 코튼블러셔 피크닉블랭킷 1개입,미샤,1개입
25499,Training|Validation,이/미용,화장품,블러셔,에이블씨엔씨 어퓨 과즙팡젤리블러셔 RD01이제그만사과해 1개입,에이블씨앤씨,1개입
25500,Training|Validation,이/미용,화장품,블러셔,에이블씨엔씨 어퓨 과집팡워터블러셔 CR02홍시날좋아하니? 1개입,에이블씨앤씨,1개입
25498,Training|Validation,이/미용,화장품,블러셔,에이블씨엔씨 어퓨 파스텔 블러셔CR01 1개입,에이블씨앤씨,1개입
45587,Training|Validation,이/미용,화장품,블러셔,에이블씨엔씨)어퓨과즙팡워터블러셔CR01인간계복숭아,에이블씨앤씨,9G
45585,Training|Validation,이/미용,화장품,블러셔,에이블씨엔씨)어퓨과즙팡젤리블러셔BE02무정한무화과,에이블씨앤씨,1개
45546,Training|Validation,이/미용,화장품,블러셔,에이블씨엔씨)어퓨과즙팡젤리블러셔CR01싱숭생숭복숭아,에이블씨앤씨,1개
45584,Training|Validation,이/미용,화장품,블러셔,에이블씨엔씨)어퓨과즙팡젤리블러셔PK01자꾸자두말리지마,에이블씨앤씨,4.85G
45586,Training|Validation,이/미용,화장품,블러셔,에이블씨엔씨)어퓨파스텔블러셔PK07,에이블씨앤씨,1개
45547,Training|Validation,이/미용,화장품,블러셔,에이블씨엔씨)어퓨파스텔블러셔RD01,에이블씨앤씨,1개
26118,Training|Validation,이/미용,화장품,블러셔,이니스프리 마이블러셔19말린장미부케,이니스프리,1개
36061,Training|Validation,이/미용,화장품,블러셔,이니스프리)마이립앤치크에어리2첫사랑로즈,이니스프리,1개
36056,Training|Validation,이/미용,화장품,블러셔,이니스프리)마이블러셔11꿈꾸는프리지아,이니스프리,1개
36055,Training|Validation,이/미용,화장품,블러셔,이니스프리)마이블러셔18크림가득메리골드,이니스프리,1개
36058,Training|Validation,이/미용,화장품,블러셔,이니스프리)마이블러셔3노을물든수국,이니스프리,1개
36059,Training|Validation,이/미용,화장품,블러셔,이니스프리)마이블러셔9볼빨간동백꽃,이니스프리,1개
36060,Training|Validation,이/미용,화장품,블러셔,이니스프리)마이블러셔베일5포근한코랄,이니스프리,1개
36057,Training|Validation,이/미용,화장품,블러셔,이니스프리)마이블러셔크림3두근두근체리,이니스프리,1개
36062,Training|Validation,이/미용,화장품,블러셔,이니스프리)마이컨투어링2쌉싸름한진저쿠키,이니스프리,1개
25468,Training|Validation,이/미용,화장품,블러셔,이시스코스메틱 메디힐퀵모닝올인원톤업패드 58G,이시스코스메틱,58G
25562,Training|Validation,이/미용,화장품,블러셔,토니모리 치크톤싱글블러셔크림 C05러브모브 1개입,토니모리,1개입
25560,Training|Validation,이/미용,화장품,블러셔,토니모리 치크톤싱글블러셔파우더 P03윙크코랄 1개입,토니모리,1개입
25561,Training|Validation,이/미용,화장품,블러셔,토니모리 치크톤싱글블러셔파우더 P07오렌지샤워 1개입,토니모리,1개입
25563,Training|Validation,이/미용,화장품,블러셔,토니모리 치크톤하이라이터듀오 HL01스킨글로우 1개입,토니모리,1개입
65551,Training|Validation,이/미용,화장품,블러셔,토니모리치크톤싱글블러셔크림C04무드로즈,토니모리,1개입
65552,Training|Validation,이/미용,화장품,블러셔,토니모리치크톤싱글블러셔파우더P01밀키바이올렛,토니모리,1개입
65553,Training|Validation,이/미용,화장품,블러셔,토니모리치크톤싱글블러셔파우더P06샐먼누드,토니모리,1개입
55884,Training|Validation,이/미용,화장품,샤워/목욕도구/목욕헤어밴드,씨제이올리브영)필리밀리방수머리망1개입,씨제이올리브영,1개입
75189,Training|Validation,이/미용,두발용품,샴푸,댕기머리애린스칼프케어샴푸,기타,50ML
85003,Training|Validation,이/미용,두발용품,샴푸,댄트롤쿨링멘톨탄산수샴푸,댄트롤,820ML
75145,Training|Validation,이/미용,두발용품,샴푸,랩톡쿨링샴푸,동방코스메틱,300ML
75144,Training|Validation,이/미용,두발용품,샴푸,랩톡탈모샴푸,동방코스메틱,300ML
25137,Training|Validation,이/미용,두발용품,샴푸,두리 댕기머리여울채지성두피용샴푸액400ML,두리화장품,400ML
65152,Training|Validation,이/미용,위생용품,샴푸,두리화장품댕기머리보결극손상모발케어샴푸,두리화장품,500ML
55135,Training|Validation,이/미용,두발용품,샴푸,미쟝센스칼프케어그린티샴푸,미쟝센,680ML
65547,Training|Validation,이/미용,두발용품,샴푸,서울화장품라이프4.0민트밀크퀵앤드라이샴푸,서울화장품,80ML
15160,Training|Validation,이/미용,두발용품,샴푸,아모레 려 청아 두피딥클렌징샴푸500ML,아모레퍼시픽,500ML
25139,Training|Validation,이/미용,두발용품,샴푸,아모레 려 청아 두피딥클렌징샴푸500ML,아모레퍼시픽,500ML
25142,Training|Validation,이/미용,두발용품,샴푸,아모레 미쟝센 에이징케어파워베리샴푸680ML,아모레퍼시픽,680ML
25143,Training|Validation,이/미용,두발용품,샴푸,아모레 미쟝센 제주 카멜리아볼륨샴푸780ML,아모레퍼시픽,780ML
25141,Training|Validation,이/미용,두발용품,샴푸,아모레 미쟝센 제주알로에수분샴푸780ML,아모레퍼시픽,780ML
15152,Training|Validation,이/미용,두발용품,샴푸,아모레 미쟝센 퍼펙트세럼슈퍼리치샴푸 680ML,아모레퍼시픽,680ML
15936,Training|Validation,이/미용,두발용품,샴푸,아모레 미쟝센펄클래식모이스처샴푸1100ML,아모레퍼시픽,1100ML
16023,Training|Validation,이/미용,두발용품,샴푸,아모레 프레시팝순한거품샴푸500ML,아모레퍼시픽,500ML
75029,Training|Validation,이/미용,두발용품,샴푸,아모레퍼시픽)댄트롤딥클린박하솔트샴푸,아모레퍼시픽,820ML
35537,Training|Validation,이/미용,두발용품,샴푸,아모레퍼시픽)댄트롤프레쉬애플샴푸(상쾌한향),아모레퍼시픽,820ML
45138,Training|Validation,이/미용,두발용품,샴푸,아모레퍼시픽)려 초의방 프리미엄 탈모증상케어샴푸490ML,아모레퍼시픽,490ML
35156,Training|Validation,이/미용,두발용품,샴푸,아모레퍼시픽)려함빛극손상케어샴프500ML,아모레퍼시픽,500ML
45153,Training|Validation,이/미용,두발용품,샴푸,아모레퍼시픽)미장센 데미지케어 로즈프로틴 샴푸680ML,아모레퍼시픽,680ML
45152,Training|Validation,이/미용,두발용품,샴푸,아모레퍼시픽)미장센 제주 프로폴리스 영양샴푸780ML,아모레퍼시픽,780ML
45142,Training|Validation,이/미용,두발용품,샴푸,아모레퍼시픽)미장센 퍼펙트 세럼 오리지널 샴푸680ML,아모레퍼시픽,680ML
45141,Training|Validation,이/미용,두발용품,샴푸,아모레퍼시픽)미장센 퍼펙트 스타일링 샴푸680ML,아모레퍼시픽,680ML
35143,Training|Validation,이/미용,두발용품,샴푸,아모레퍼시픽)퍼펙트세럼미셀라샴푸680ML,아모레퍼시픽,680ML
66160,Training|Validation,이/미용,두발용품,샴푸,아모레퍼시픽)프레시팝미셀라모히또샴푸,아모레퍼시픽,500ML
26031,Training|Validation,이/미용,두발용품,샴푸,애경 케라시스두피쿨링오리지널샴푸750ML,애경,750ML
26030,Training|Validation,이/미용,두발용품,샴푸,애경 케라시스모이스춰클리닉오리지널샴푸750ML,애경,750ML
45694,Training|Validation,이/미용,두발용품,샴푸,애경)더마앤모어미셀라안티더스트두피샴푸,애경,600ML
75011,Training|Validation,이/미용,두발용품,샴푸,애경)더마앤모어세라마이드두피딥클렌징샴푸,애경,600ML
35672,Training|Validation,이/미용,두발용품,샴푸,애경)더마앤모어아하쿨링비듬케어샴푸,애경,600ML
45710,Training|Validation,이/미용,두발용품,샴푸,애경)케라시스데미지클리닉오리지널샴푸,애경,1L
36010,Training|Validation,이/미용,두발용품,샴푸,애경)케라시스두피클리닉오리지널샴푸,애경,750ML
45709,Training|Validation,이/미용,두발용품,샴푸,애경)케라시스두피클리닉오리지널샴푸,애경,1L
36009,Training|Validation,이/미용,두발용품,샴푸,애경)케라시스로맨틱판타지아퍼퓸샴푸,애경,1L
45714,Training|Validation,이/미용,두발용품,샴푸,애경)케라시스모이스춰클리닉오리지널샴푸,애경,1L
56057,Training|Validation,이/미용,두발용품,샴푸,애경)케라시스볼륨클리닉오리지널샴푸,애경,750ML
45716,Training|Validation,이/미용,두발용품,샴푸,애경)케라시스퀸엘레강스퍼퓸샴푸,애경,600ML
45715,Training|Validation,이/미용,두발용품,샴푸,애경)케라시스퍼퓨머리러블리엔젤퍼퓸샴푸,애경,600ML
85039,Training|Validation,이/미용,두발용품,샴푸,애경더마앤모어시카너리싱민감두피/손상모케어샴푸,애경,600ML
85038,Training|Validation,이/미용,두발용품,샴푸,애경케라시스블루밍페어리퍼퓸샴푸,애경,600ML
55625,Training|Validation,이/미용,두발용품,샴푸,애경케라시스어드밴스드리페어앰플샴푸,애경,750ML
55632,Training|Validation,이/미용,두발용품,샴푸,애경케라시스어드밴스드모이스춰앰플샴푸,애경,750ML
55627,Training|Validation,이/미용,두발용품,샴푸,애경케라시스어드밴스드볼륨앰플샴푸,애경,750ML
35154,Training|Validation,이/미용,두발용품,샴푸,LG)생활건강오가니스트페퍼민트앤진저클링케어샴푸500ML,엘지생활건강,500ML
35136,Training|Validation,이/미용,두발용품,샴푸,LG생활건강)두피딥클린쿨링샴프680ML,엘지생활건강,680ML
45712,Training|Validation,이/미용,두발용품,샴푸,LG생활건강)리엔효윤고모근모발영양중건성샴푸,엘지생활건강,1350ML
35739,Training|Validation,이/미용,위생용품,샴푸,LG생활건강)리엔효윤고모근모발영양지성샴푸,엘지생활건강,1350ML
35137,Training|Validation,이/미용,두발용품,샴푸,LG생활건강)엘라스틴내추럴에센셜샴푸1100ML,엘지생활건강,1100ML
35139,Training|Validation,이/미용,두발용품,샴푸,LG생활건강)엘라스틴실크리페어퍼펙트에이징케어골드샴프1200ML,엘지생활건강,1200ML
35147,Training|Validation,이/미용,두발용품,샴푸,LG생활건강)오가니스트로즈마리&씨솔트두피딥클렌징샴프500ML,엘지생활건강,500ML
55133,Training|Validation,이/미용,두발용품,샴푸,엘라스틴퍼퓸샴푸키스더로즈,엘지생활건강,600ML
55136,Training|Validation,이/미용,두발용품,샴푸,엘라스틴피토케라틴모이스처샴푸,엘지생활건강,680ML
25975,Training|Validation,이/미용,두발용품,샴푸,엘지 리엔자윤백단향샴푸500ML,엘지생활건강,500ML
15153,Training|Validation,이/미용,두발용품,샴푸,엘지 엘라스틴 내추럴 에센셜퍼퓸샴푸1100ML,엘지생활건강,1100ML
25144,Training|Validation,이/미용,두발용품,샴푸,엘지 엘라스틴 마린콜라겐탱글볼륨샴푸가는모발용680ML,엘지생활건강,680ML
25146,Training|Validation,이/미용,두발용품,샴푸,엘지 엘라스틴 실크리페어퍼펙트샤이닝골드실크샴푸1200ML,엘지생활건강,1200ML
15151,Training|Validation,이/미용,두발용품,샴푸,엘지 엘라스틴 퍼퓸샴푸러브미 600ML,엘지생활건강,600ML
25977,Training|Validation,이/미용,두발용품,샴푸,엘지 엘라스틴대나무숯두피정화샴푸680ML,엘지생활건강,680ML
15933,Training|Validation,이/미용,두발용품,샴푸,엘지 엘라스틴데일리리페어링샴푸1500ML,엘지생활건강,1500ML
15935,Training|Validation,이/미용,두발용품,샴푸,엘지 엘라스틴데일리모이스처샴푸1500ML,엘지생활건강,1500ML
70285,Training|Validation,이/미용,두발용품,샴푸,엘지 오가니스트 체리블라썸 수분 샴푸,엘지생활건강,200ML
25153,Training|Validation,이/미용,두발용품,샴푸,엘지 오가니스트 체리블라썸수분샴푸500ML,엘지생활건강,500ML
25148,Training|Validation,이/미용,두발용품,샴푸,엘지 오가니스트히말라야핑크솔트 두피스타일링샴푸500ML,엘지생활건강,500ML
15140,Training|Validation,이/미용,두발용품,샴푸,엘지생활건강 오가니스트 아보카도 앤 퀴노아 모근 영양샴푸500ML,엘지생활건강,500ML
45155,Training|Validation,이/미용,두발용품,샴푸,엘지생활건강)엘라스틴 퍼퓸 샴푸 퓨어 브리즈600ML,엘지생활건강,600ML
45144,Training|Validation,이/미용,두발용품,샴푸,엘지생활건강)오가니스트 모로코 아르간오일 윤기 영양샴푸500ML,엘지생활건강,500ML
55628,Training|Validation,이/미용,두발용품,샴푸,엘지생활건강실크리페어샤이닝베이비파우더샴푸,엘지생활건강,550ML
55626,Training|Validation,이/미용,두발용품,샴푸,엘지생활건강실크리페어퍼펙트샤이닝골드실크샴푸,엘지생활건강,550ML
65143,Training|Validation,이/미용,두발용품,샴푸,엘지생활건강엘라스틴슈퍼보타니코코넛수분샴푸,엘지생활건강,600ML
66474,Training|Validation,이/미용,두발용품,샴푸,엘지오리엔탈리엔보양진중건성샴푸430ML,엘지생활건강,430ML
66473,Training|Validation,이/미용,두발용품,샴푸,엘지오리엔탈리엔보양진지성샴푸430ML,엘지생활건강,430ML
35848,Training|Validation,이/미용,두발용품,샴푸,이니스프리)이니스프리마이헤어레시피리프레싱샴푸(지성두피용),이니스프리,60ML
56060,Training|Validation,이/미용,두발용품,샴푸,한국피앤지판매유한회사)팬틴프로-브이극손상케어,한국피앤지,500ML
35540,Training|Validation,이/미용,두발용품,샴푸,헨켈)샤우마헤어액티베이터샴푸,헨켈,400ML
15805,Training|Validation,이/미용,두발용품,샴푸,헨켈코리아 사이오스실리콘프리리페어링샴푸750ML,헨켈코리아,750ML
15806,Training|Validation,이/미용,두발용품,샴푸,헨켈코리아 사이오스실리콘프리모이스쳐라이징샴푸750ML,헨켈코리아,750ML
15807,Training|Validation,이/미용,두발용품,샴푸,헨켈코리아 사이오스실리콘프리안티댄트러프샴푸750ML,헨켈코리아,750ML
25717,Training|Validation,이/미용,두발용품,샴푸,헨켈코리아 샤우마7블로썸오일샴푸 400ML,헨켈코리아,400ML
55705,Training|Validation,이/미용,두발용품,샴푸,헨켈코리아샤우마7블로썸오일샴푸,헨켈코리아,400ML
65737,Training|Validation,이/미용,두발용품,샴푸,헨켈코리아샤우마7허브샴푸,헨켈코리아,400ML
65766,Training|Validation,이/미용,두발용품,샴푸,헨켈코리아샤우마스포츠헤어&바디,헨켈코리아,400ML
55138,Training|Validation,이/미용,두발용품,샴푸/린스세트,엘라스틴아미노펩타이드케어,엘지생활건강,600ML
56088,Training|Validation,이/미용,화장품,섀도우,더샘인터내셔날)더샘실크헤어스타일원미닛섀도우01내추럴블랙,더샘인터내셔날,1개
56087,Training|Validation,이/미용,화장품,섀도우,더샘인터내셔날)더샘실크헤어스타일원미닛섀도우02내추럴브라운,더샘인터내셔날,1개
15590,Training|Validation,이/미용,화장품,섀도우,미샤 듀미글로시아이즈 그레이프캔디 1개입,미샤,1개입
15589,Training|Validation,이/미용,화장품,섀도우,미샤 듀미글로시아이즈 화이트비치 1개입,미샤,1개입
15495,Training|Validation,이/미용,화장품,섀도우,미샤 듀얼블렌딩 쿠션새도우 런던트립 1G,미샤,1G
15496,Training|Validation,이/미용,화장품,섀도우,미샤 듀얼블렌딩 쿠션섀도우 매직더스트 1G,미샤,1G
15497,Training|Validation,이/미용,화장품,섀도우,미샤 듀얼블렌딩 쿠션섀도우 오렌지컵케익 1G,미샤,1G
15578,Training|Validation,이/미용,화장품,섀도우,미샤 컬러핏스틱섀도우 대즐링샌드 1.1G,미샤,1.1G
15579,Training|Validation,이/미용,화장품,섀도우,미샤 컬러핏스틱섀도우 코코아드리즐 1.1G,미샤,1.1G
35487,Training|Validation,이/미용,화장품,섀도우,미샤)미샤듀이글로시아이즈(빈티지애플),미샤,1개
35485,Training|Validation,이/미용,화장품,섀도우,미샤)미샤듀이글로시아이즈(핑크일루전),미샤,1개
35486,Training|Validation,이/미용,화장품,섀도우,미샤)미샤듀이글로시아이즈(허니로스트),미샤,1개
15493,Training|Validation,이/미용,화장품,섀도우,어퓨 풀샷 모노섀도우 미슐랭로제 2G,어퓨,2G
15494,Training|Validation,이/미용,화장품,섀도우,어퓨 풀샷 모노섀도우 바짝구운토스트 2G,어퓨,2G
45649,Training|Validation,이/미용,화장품,섀도우,에이블씨엔씨)미샤모던섀도우27호프렌치핑크,에이블씨앤씨,1개입
45553,Training|Validation,이/미용,화장품,섀도우,에이블씨엔씨)미샤모던섀도우이탈프리즘11호바닐라슈가,에이블씨앤씨,1개
45554,Training|Validation,이/미용,화장품,섀도우,에이블씨엔씨)미샤모던섀도우이탈프리즘14호로즈폼폼,에이블씨앤씨,1개
35504,Training|Validation,이/미용,화장품,섀도우,에이블씨엔씨)미샤컬러핏스틱섀도우대즐링샌드,에이블씨앤씨,1.1G
45583,Training|Validation,이/미용,화장품,섀도우,에이블씨엔씨)어퓨풀샷모노섀도우MBR01진저로저격,에이블씨앤씨,2G
66278,Training|Validation,이/미용,화장품,섀도우,엔프라니)홀리카홀리카아이메탈글리터05다이아몬드밤,엔프라니,3.3G
66277,Training|Validation,이/미용,화장품,섀도우,엔프라니)홀리카홀리카아이메탈글리터06쥬얼블라스트,엔프라니,3.3G
36101,Training|Validation,이/미용,화장품,섀도우,엔프라니)홀리카홀리카아이메탈글리터11스윗하트,엔프라니,1개
66276,Training|Validation,이/미용,화장품,섀도우,엔프라니)홀리카홀리카아이스팽글리터01캔디파츠,엔프라니,3.3G
36100,Training|Validation,이/미용,화장품,섀도우,엔프라니)홀리카홀리카아이스팽글리터04유니콘파츠,엔프라니,1개
36102,Training|Validation,이/미용,화장품,섀도우,엔프라니)홀리카홀리카아이스팽글리터07페어리파츠,엔프라니,1개
66259,Training|Validation,이/미용,화장품,섀도우,엔프라니)홀리카홀리카피스매칭섀도우매트MOR01드라이오렌지,엔프라니,1개입
66262,Training|Validation,이/미용,화장품,섀도우,엔프라니)홀리카홀리카피스매칭섀도우매트MRD02레드벨벳,엔프라니,1개입
66260,Training|Validation,이/미용,화장품,섀도우,엔프라니)홀리카홀리카피스매칭섀도우매트다크서클겸용MBE04바닐라쉬폰,엔프라니,1개입
66261,Training|Validation,이/미용,화장품,섀도우,엔프라니)홀리카홀리카피스매칭섀도우매트치크겸용MB02누드하이힐,엔프라니,1개입
66263,Training|Validation,이/미용,화장품,섀도우,엔프라니)홀리카홀리카피스매칭섀도우쉬머SRD01루비와인,엔프라니,1개입
26116,Training|Validation,이/미용,화장품,섀도우,이니스프리 마이아이섀도우매트29아기진달래,이니스프리,1개
26082,Training|Validation,이/미용,화장품,섀도우,이니스프리 마이아이섀도우매트30말린장미꽃잎,이니스프리,1개
26114,Training|Validation,이/미용,화장품,섀도우,이니스프리 마이아이섀도우쉬머7소곤소곤벨,이니스프리,1개
26115,Training|Validation,이/미용,화장품,섀도우,이니스프리 마이아이섀도우쉬머8해변까지세발짝,이니스프리,1개
46188,Training|Validation,이/미용,화장품,섀도우,이니스프리)마이글로우스파클1별빛가득골드,이니스프리,1개입
46193,Training|Validation,이/미용,화장품,섀도우,이니스프리)마이아이섀도우글리터12석양에물든바다,이니스프리,1개입
46192,Training|Validation,이/미용,화장품,섀도우,이니스프리)마이아이섀도우글리터16찬란한백일홍,이니스프리,1개입
46191,Training|Validation,이/미용,화장품,섀도우,이니스프리)마이아이섀도우글리터20우주에별콕콕,이니스프리,1개입
36052,Training|Validation,이/미용,화장품,섀도우,이니스프리)마이아이섀도우글리터2틈새로스민햇살,이니스프리,1개
36050,Training|Validation,이/미용,화장품,섀도우,이니스프리)마이아이섀도우글리터8별빛부스러기,이니스프리,1개
46190,Training|Validation,이/미용,화장품,섀도우,이니스프리)마이아이섀도우매트15송이송이밤송이,이니스프리,1개입
36051,Training|Validation,이/미용,화장품,섀도우,이니스프리)마이아이섀도우매트34볼빨간튤립,이니스프리,1개
46189,Training|Validation,이/미용,화장품,섀도우,이니스프리)마이아이섀도우매트40깜깜한밤,이니스프리,1개입
46196,Training|Validation,이/미용,화장품,섀도우,이니스프리)마이아이섀도우쉬머10따끈따끈한고구마,이니스프리,1개입
36049,Training|Validation,이/미용,화장품,섀도우,이니스프리)마이아이섀도우쉬머19단아한동백송이,이니스프리,1개
46195,Training|Validation,이/미용,화장품,섀도우,이니스프리)마이아이섀도우쉬머20햇살담은자두,이니스프리,1개입
46194,Training|Validation,이/미용,화장품,섀도우,이니스프리)마이아이섀도우쉬머25낭만의장미정원,이니스프리,1개입
36048,Training|Validation,이/미용,화장품,섀도우,이니스프리)마이트윙클스타2은빛출렁은하수,이니스프리,1개
46187,Training|Validation,이/미용,화장품,섀도우,이니스프리)마이트윙클스타3빛이나는홀로,이니스프리,1개입
46161,Training|Validation,이/미용,화장품,섀도우,이니스프리)이니스프리마이아이섀도우쉬머2베이지튜튜,이니스프리,1개
36040,Training|Validation,이/미용,화장품,섀도우,이니스프리)이니스프리마이트윙클스타11별에게가는길,이니스프리,1개
36041,Training|Validation,이/미용,화장품,섀도우,이니스프리)이니스프리마이트윙클스타14홍시냠냠,이니스프리,1개
36038,Training|Validation,이/미용,화장품,섀도우,이니스프리)이니스프리마이트윙클스타1콕콕별빛착륙,이니스프리,1개
36042,Training|Validation,이/미용,화장품,섀도우,이니스프리)이니스프리마이트윙클스타20단풍나무숲,이니스프리,1개
36039,Training|Validation,이/미용,화장품,섀도우,이니스프리)이니스프리마이트윙클스타4코랄빛우주계,이니스프리,1개
25493,Training|Validation,이/미용,화장품,섀도우,클리오 페리페라 슈가트윙클리퀴드섀도우 03키튼베이지 3.4G,클리오,3.4G
25492,Training|Validation,이/미용,화장품,섀도우,클리오 페리페라 슈가트윙클리퀴드섀도우 10레이디코랄 3.4G,클리오,3.4G
25494,Training|Validation,이/미용,화장품,섀도우,클리오 페리페라 슈가트윙클리퀴드섀도우 14쥬이시코랄 3.4G,클리오,3.4G
45591,Training|Validation,이/미용,화장품,섀도우,클리오)페리페라슈가트윙클리퀴드글리터01글리터웨이브,클리오,1.9G
45590,Training|Validation,이/미용,화장품,섀도우,클리오)페리페라슈가트윙클리퀴드글리터02소다팝플레이크,클리오,1.9G
16111,Training|Validation,이/미용,화장품,섀도우,홀리카홀리카 피스매칭섀도우MBR03밀크코코아,홀리카홀리카,1개입
16110,Training|Validation,이/미용,화장품,섀도우,홀리카홀리카 피스매칭섀도우MCR02탠저린에이드,홀리카홀리카,1개입
16108,Training|Validation,이/미용,화장품,섀도우,홀리카홀리카 피스매칭섀도우MPK01시스루원피스,홀리카홀리카,1개입
16109,Training|Validation,이/미용,화장품,섀도우,홀리카홀리카 피스매칭섀도우SUPK01러브러스터,홀리카홀리카,1개입
16112,Training|Validation,이/미용,화장품,섀도우,홀리카홀리카 피스매칭섀도우매트MBR05오렌지초콜렛,홀리카홀리카,1개입
26084,Training|Validation,이/미용,화장품,섀도우,홀리카홀리카 피스매칭섀도우쉬머유니콘헤어,홀리카홀리카,1개
26083,Training|Validation,이/미용,화장품,섀도우,홀리카홀리카 피스매칭섀도우슈가릿선릿이브닝,홀리카홀리카,1개
26081,Training|Validation,이/미용,화장품,섀도우,홀리카홀리카 피스매칭섀도우슈가릿타로스파클,홀리카홀리카,1개
46186,Training|Validation,이/미용,위생용품,선크림류,네이처리퍼블릭)네이처리퍼블릭캘리포니아알로에데일리선블럭,네이처리퍼블릭,57ML
66128,Training|Validation,이/미용,위생용품,선크림류,네이처리퍼블릭)네이처리퍼블릭캘리포니아알로에보송선블럭SPF50+,네이처리퍼블릭,55G
30241,Training|Validation,이/미용,위생용품,선크림류,니베아선프로텍트앤모이스춰포켓선,니베아,50ML
26058,Training|Validation,이/미용,위생용품,선크림류,더샘 에코어스라이트선크림50G,더샘,50G
26057,Training|Validation,이/미용,위생용품,선크림류,더샘 에코어스핑크선크림50G,더샘,50G
56122,Training|Validation,이/미용,위생용품,선크림류,더샘인터내셔날)더샘로열내추럴스네일이엑스선크림SPF50+,더샘인터내셔날,50G
25502,Training|Validation,이/미용,위생용품,선크림류,미샤 올어라운드세이프블록 데일리선 50ML,미샤,50ML
25584,Training|Validation,이/미용,위생용품,선크림류,브이티 시카선스프레이 150ML,브이티,150ML
30247,Training|Validation,이/미용,위생용품,선크림류,스킨팜데일리선블록트리플케어,스킨팜데,60G
25872,Training|Validation,이/미용,위생용품,선크림류,씨제이올리브네트웍스 식물나라산소수워터프루프선스프레이100ML,씨제이올리브네트웍스,100ML
45630,Training|Validation,이/미용,위생용품,선크림류,아모레퍼시픽)해피바스퍼펙트선크림(물과땀에강한워터프루프선크림),아모레퍼시픽,80G
65506,Training|Validation,이/미용,위생용품,선크림류,에스엔피유브이데일리쉴드선스크린,에스엔피코스매틱,50ML
55636,Training|Validation,이/미용,위생용품,선크림류,에이블씨앤씨미샤시카딘센텔라그린선밀크SPF50+/PA++++,에이블씨앤씨,70ML
55612,Training|Validation,이/미용,위생용품,선크림류,에이블씨앤씨미샤올어라운드세이프블록에센스선SPF45PA+++,에이블씨앤씨,50ML
35491,Training|Validation,이/미용,위생용품,선크림류,에이블씨엔씨)미샤시카딘센텔라레스큐선로션,에이블씨앤씨,40ML
45644,Training|Validation,이/미용,위생용품,선크림류,에이블씨엔씨)미샤올어라운드세이프블록아쿠아선젤,에이블씨앤씨,50ML
35493,Training|Validation,이/미용,위생용품,선크림류,에이블씨엔씨)어퓨퓨어블록내추럴데일리선크림,에이블씨앤씨,50ML
35494,Training|Validation,이/미용,위생용품,선크림류,에이블씨엔씨)어퓨퓨어블록톤업선베이스,에이블씨앤씨,50ML
45956,Training|Validation,이/미용,위생용품,선크림류,LG생활건강)비욘드오마이선크림,엘지생활건강,50ML
10283,Training|Validation,이/미용,위생용품,선크림류,LG온더바디데일리내추럴선크림,엘지생활건강,50ML
15520,Training|Validation,이/미용,위생용품,선크림류,엘지 닥터밸머유브이더마무기자차선크림 30ML,엘지생활건강,30ML
50219,Training|Validation,이/미용,위생용품,선크림류,한샘화장품닥터지오더마베리어장벽크림,한샘화장,50G
26077,Training|Validation,이/미용,위생용품,선크림류,홀리카홀리카 알로에워터프루프선젤100ML,홀리카홀리카,100ML
55167,Training|Validation,이/미용,제습/탈취,섬유용탈취제,씨케이피데메테르코튼퍼퓸런드로맷,씨케이피,300ML
45489,Training|Validation,이/미용,제습/탈취,섬유용탈취제,에바스코스메틱)미미로린스드레스퍼퓸모먼트블러썸:퓨어그린,에바스코스메틱,300ML
56013,Training|Validation,이/미용,제습/탈취,섬유용탈취제,코코도르)헤리티지드레스퍼퓸_밤쉘,코코도르,300ML
56014,Training|Validation,이/미용,제습/탈취,섬유용탈취제,코코토르)헤리티지드레스퍼퓸_화이트머스크,코코토르,300ML
15603,Training|Validation,이/미용,위생용품,세안브러쉬,에스아이 스탠드모공브러쉬 1개입,에스아이,1개입
65523,Training|Validation,이/미용,화장품,세정제,피에르파브르더모코스메틱코리아아벤느미셀라클렌징워터,피에르파브르모코스메틱코리아,100ML
35621,Training|Validation,이/미용,세탁세제,세탁비누,성원화장품)주부전용행주크린비누,성원화장품,150G
15240,Training|Validation,이/미용,위생용품,손세정제,해피홈세이프365포밍핸드워시무향,기타,500ML
66253,Training|Validation,이/미용,위생용품,쉐이빙폼/젤,네이처리퍼블릭)아프리카버드옴므쉐이빙폼클렌저,네이처리퍼블릭,150ML
25105,Training|Validation,이/미용,위생용품,쉐이빙폼/젤,니베아 맨 센서티브 쉐이빙젤 200ML,니베아,200ML
35116,Training|Validation,이/미용,위생용품,쉐이빙폼/젤,니베아 맨 센서티브 쉐이빙폼 35ML,니베아,35ML
55246,Training|Validation,이/미용,위생용품,쉐이빙폼/젤,니베아맨딥쉐이빙폼,니베아,200ML
60240,Training|Validation,이/미용,위생용품,쉐이빙폼/젤,니베아맨쿨킥쉐이빙폼,니베아,200ML
45261,Training|Validation,이/미용,위생용품,쉐이빙폼/젤,독일)니베아맨프로텍트앤케어모이스춰라이징애프터쉐이브로션100ML,니베아,100ML
25280,Training|Validation,이/미용,위생용품,쉐이빙폼/젤,도루코 페이스 인텐시브리페어쉐이빙폼74ML,도루코,74ML
55704,Training|Validation,이/미용,위생용품,쉐이빙폼/젤,도루코티지프로텍션쉐이빙폼,도루코,175ML
55243,Training|Validation,이/미용,위생용품,쉐이빙폼/젤,도루코페이스인텐시브리페어쉐이빙젤,도루코,210ML
75027,Training|Validation,이/미용,위생용품,쉐이빙폼/젤,바이어스도르프코리아)니베아맨센서티브리커버리쉐이빙폼,바이어스도르프코리아,200ML
45702,Training|Validation,이/미용,위생용품,쉐이빙폼/젤,서울화장품)도루코윈쓰리리프레싱쉐이빙폼,서울화장품,210ML
66041,Training|Validation,이/미용,위생용품,쉐이빙폼/젤,순수인터내셔널)아르코맨쉐이빙폼1+1올리브영단독335ML*2,순수인터내셔널,770ML
25278,Training|Validation,이/미용,위생용품,쉐이빙폼/젤,쉬크 쉐이브 가드 센서티브라임220ML,쉬크 쉐,220ML
40269,Training|Validation,이/미용,위생용품,쉐이빙폼/젤,쉬크하이드로쉐이브폼,쉬크하이,250G
65171,Training|Validation,이/미용,위생용품,쉐이빙폼/젤,에너자이저코리아)쉐이브가드폼센서티브라임200G,에너자이저코리아,200G
15689,Training|Validation,이/미용,위생용품,쉐이빙폼/젤,질레트 스킨쉐이브폼 245G,질레트,245G
25276,Training|Validation,이/미용,위생용품,쉐이빙폼/젤,질레트 스킨쉐이브폼스킨프로텍션245G,질레트,245G
25277,Training|Validation,이/미용,위생용품,쉐이빙폼/젤,질레트 시리즈 모이스춰라이징쉐이브젤195G,질레트,195G
25275,Training|Validation,이/미용,위생용품,쉐이빙폼/젤,질레트 포오미레몬라임쉐이빙폼175G,질레트,175G
25274,Training|Validation,이/미용,위생용품,쉐이빙폼/젤,질레트 포오미멘솔쉐이빙폼175G,질레트,175G
25273,Training|Validation,이/미용,위생용품,쉐이빙폼/젤,질레트 포오미센서티브스킨쉐이빙폼175G,질레트,175G
25293,Training|Validation,이/미용,위생용품,쉐이빙폼/젤,질레트 퓨전프로글라이드센서티브폼스킨케어쉐이브폼245G,질레트,245G
55244,Training|Validation,이/미용,위생용품,쉐이빙폼/젤,질레트센서티브스킨쉐이브젤,질레트,195G
55245,Training|Validation,이/미용,위생용품,쉐이빙폼/젤,질레트퓨전프로글라이드센서티브면도젤퓨어스포츠,질레트,170G
15308,Training|Validation,이/미용,위생용품,쉐이빙폼/젤,코스메카코리아 엠솔릭폼앤쉐이브클렌저150ML(단품),코스메카코리아,150ML
15309,Training|Validation,이/미용,위생용품,쉐이빙폼/젤,코스메카코리아 엠솔릭폼앤쉐이브클렌저80ML(단품),코스메카코리아,80ML
15307,Training|Validation,이/미용,위생용품,쉐이빙폼/젤,코스메카코리아 엠솔릭폼앤쉐이브클렌저세트230ML(번들),코스메카코리아,230ML
55179,Training|Validation,이/미용,위생용품,쉐이빙폼/젤,한국피앤지질레트스킨프로텍션쉐이브젤,한국피앤지,195G
35278,Training|Validation,이/미용,위생용품,쉐이빙폼/젤,호주)질레트퓨전하이드라젤센서티브스킨쉐이브젤330ML,호주,330ML
46079,Training|Validation,이/미용,위생용품,스킨케어세트,네이처리퍼블릭)네이처리퍼블릭어린녹차순한토너,네이처리퍼블릭,155ML
25514,Training|Validation,이/미용,화장품,스킨케어세트,바이빠세 센시프레쉬알로에베라토너 500ML,바이빠세,500ML
25515,Training|Validation,이/미용,화장품,스킨케어세트,바이빠세 소프트로즈워터토너 500ML,바이빠세,500ML
45256,Training|Validation,이/미용,치즈,스트링치즈,키즈원)플렉사치즈컷팅케이스6매,키즈원,6매
45208,Training|Validation,이/미용,화장품,스펀지/퍼프,그린에이드)실리콘퍼프1개입,그린에이드,1개입
26051,Training|Validation,이/미용,화장품,스펀지/퍼프,더샘 아트리프내추럴텐션퍼프4P,더샘,4P
66223,Training|Validation,이/미용,화장품,스펀지/퍼프,더샘인터내셔날)더샘실리콘쫀쫀퍼프,더샘인터내셔날,1개입
45888,Training|Validation,이/미용,화장품,스펀지/퍼프,라이플러스)이니스프리뷰티툴커버도장퍼프,라이플러스,1개입
55492,Training|Validation,이/미용,화장품,스펀지/퍼프,랄라블라여행용엠보코튼퍼프100매,랄라블라,100매
65492,Training|Validation,이/미용,화장품,스펀지/퍼프,신세대랄라블라멀티5겹코튼퍼프,랄라블라,80매
65494,Training|Validation,이/미용,화장품,스펀지/퍼프,신세대랄라블라실키필로우코튼퍼프,랄라블라,80매
65543,Training|Validation,이/미용,화장품,스펀지/퍼프,신세대랄라블라엠보코튼퍼프(90매),랄라블라,90매
65548,Training|Validation,이/미용,화장품,스펀지/퍼프,신세대랄라블라엠보코튼퍼프(90매*2),랄라블라,180매
65491,Training|Validation,이/미용,화장품,스펀지/퍼프,신세대랄라블라퓨어코튼퍼프200매,랄라블라,200매
65490,Training|Validation,이/미용,화장품,스펀지/퍼프,신세대랄라블라프리미엄소프트코트퍼프70매,랄라블라,70매
65574,Training|Validation,이/미용,화장품,스펀지/퍼프,미샤퍼펙트블랑퍼프,미샤,1개입
45941,Training|Validation,이/미용,화장품,스펀지/퍼프,씨제이올리브네트웍스)필리밀리대왕촉촉퍼프,씨제이올리브네트웍스,1개입
55943,Training|Validation,이/미용,화장품,스펀지/퍼프,씨제이올리브영)필리밀리끙가실리콘스펀지(살색)1개입,씨제이올리브영,1개입
55879,Training|Validation,이/미용,화장품,스펀지/퍼프,씨제이올리브영)필리밀리물결하우스스펀지14P,씨제이올리브영,14P
55880,Training|Validation,이/미용,화장품,스펀지/퍼프,씨제이올리브영)필리밀리사각텐션스펀지10P,씨제이올리브영,10P
55942,Training|Validation,이/미용,화장품,스펀지/퍼프,씨제이올리브영)필리밀리촉촉퍼프(파란색)1개입,씨제이올리브영,1개입
45572,Training|Validation,이/미용,화장품,스펀지/퍼프,아이콘스)LF물방울퍼프_리틀어피치,아이콘스,1개
45482,Training|Validation,이/미용,화장품,스펀지/퍼프,아이콘스)LF에어퍼프2P_리틀라이언,아이콘스,2개
45483,Training|Validation,이/미용,화장품,스펀지/퍼프,아이콘스)LF에어퍼프2P_리틀어피치,아이콘스,2개
45484,Training|Validation,이/미용,화장품,스펀지/퍼프,아이콘스)LF헤어롤세트3P_리틀어피치,아이콘스,3개
55506,Training|Validation,이/미용,화장품,스펀지/퍼프,아이티씨코리아프리미엄메이크업퍼프(3TYPE혼합),아이티씨코리아,30P
55957,Training|Validation,이/미용,화장품,스펀지/퍼프,제이앤케이)필리밀리젤리킹스펀지,제이앤케이,4개입
35498,Training|Validation,이/미용,화장품,스펀지/퍼프,제이트레이더스)하우스퍼프,제이트레이더스,6개입
35461,Training|Validation,이/미용,화장품,스펀지/퍼프,제이트레이더스)하이드로슬라이스퍼프,제이트레이더스,1개입
35460,Training|Validation,이/미용,화장품,스펀지/퍼프,제이트레이더스)하이드로피넛퍼프,제이트레이더스,1개입
35490,Training|Validation,이/미용,화장품,스펀지/퍼프,한국쉬즈라인)꿀광퍼프,한국쉬즈라인,1개
15491,Training|Validation,이/미용,화장품,스폰지/퍼프,LF 물방울퍼프 리틀라이언 1개입,기타,1개입
15563,Training|Validation,이/미용,화장품,스폰지/퍼프,미샤 하이드로구름퍼프 2개입,미샤,2개입
15538,Training|Validation,이/미용,화장품,스폰지/퍼프,아이티씨코리아 메이크업퍼프 30P,아이티씨코리아,30P
15575,Training|Validation,이/미용,화장품,스폰지/퍼프,제이트레이더스 하이드로슬라이스퍼프 1개입,제이트레이더스,1개입
15562,Training|Validation,이/미용,화장품,스폰지/퍼프,한국쉬즈라인 꿀광퍼프 1개입,한국쉬즈라인,1개입
16063,Training|Validation,이/미용,화장품,아이라이너/아이브로우,네이처리퍼블릭 극세사브로우펜슬01피넛브라운1개입,네이처리퍼블릭,1개입
16064,Training|Validation,이/미용,화장품,아이라이너/아이브로우,네이처리퍼블릭 극세사브로우펜슬02레드빈브라운1개입,네이처리퍼블릭,1개입
16065,Training|Validation,이/미용,화장품,아이라이너/아이브로우,네이처리퍼블릭 극세사브로우펜슬03소프트브라운1개입,네이처리퍼블릭,1개입
16066,Training|Validation,이/미용,화장품,아이라이너/아이브로우,네이처리퍼블릭 극세사브로우펜슬04다크브라운1개입,네이처리퍼블릭,1개입
16072,Training|Validation,이/미용,화장품,아이라이너/아이브로우,네이처리퍼블릭 보테니컬스키니아이브로우코팅카라03로지빈스,네이처리퍼블릭,1개입
16070,Training|Validation,이/미용,화장품,아이라이너/아이브로우,네이처리퍼블릭 보테니컬올데이픽서카라블랙,네이처리퍼블릭,1개입
15998,Training|Validation,이/미용,화장품,아이라이너/아이브로우,네이처리퍼블릭 뷰티풀아이래쉬뷰러1개입,네이처리퍼블릭,1개입
36073,Training|Validation,이/미용,화장품,아이라이너/아이브로우,네이처리퍼블릭)보테니컬스키니아이브로우코팅카라01초콜렛브라운,네이처리퍼블릭,3.5G
26113,Training|Validation,이/미용,화장품,아이라이너/아이브로우,더샘 샘물리퀴드아이라이너02딥브라운,더샘,1개
26109,Training|Validation,이/미용,화장품,아이라이너/아이브로우,더샘 샘물브로우카라01내추럴브라운,더샘,1개
26110,Training|Validation,이/미용,화장품,아이라이너/아이브로우,더샘 샘물브로우카라02레드브라운,더샘,1개
26111,Training|Validation,이/미용,화장품,아이라이너/아이브로우,더샘 샘물브로우카라03다크브라운,더샘,1개
26112,Training|Validation,이/미용,화장품,아이라이너/아이브로우,더샘 샘물브로우카라04애쉬브라운(연장),더샘,1개
36064,Training|Validation,이/미용,화장품,아이라이너/아이브로우,더샘인터내셔날)더샘샘물리퀴드아이라이너01딥블랙,더샘인터내셔날,1개
36082,Training|Validation,이/미용,화장품,아이라이너/아이브로우,더샘인터내셔날)더샘에코소울펜슬앤파우더듀얼브로우01갈색,더샘인터내셔날,1개
36079,Training|Validation,이/미용,화장품,아이라이너/아이브로우,더샘인터내셔날)더샘에코소울펜슬앤파우더듀얼브로우02흑갈색,더샘인터내셔날,1개
36081,Training|Validation,이/미용,화장품,아이라이너/아이브로우,더샘인터내셔날)더샘에코소울펜슬앤파우더듀얼브로우03진회색,더샘인터내셔날,1개
36080,Training|Validation,이/미용,화장품,아이라이너/아이브로우,더샘인터내셔날)더샘에코소울펜슬앤파우더듀얼브로우04진갈색,더샘인터내셔날,1개
65590,Training|Validation,이/미용,화장품,아이라이너/아이브로우,더페이스디자이닝브로우카라01블론드브라운,더페이스샵,6.5G
25577,Training|Validation,이/미용,화장품,아이라이너/아이브로우,더페이스샵 디자이닝브로우카라 02라이트브라운 6.5G,더페이스샵,6.5G
25539,Training|Validation,이/미용,화장품,아이라이너/아이브로우,더페이스샵 디자이닝아이브로우리필 01라이트브라운 1개입,더페이스샵,1개입
15582,Training|Validation,이/미용,화장품,아이라이너/아이브로우,더페이스샵 디자이닝아이브로우리필 03브라운 0.3G,더페이스샵,0.3G
15585,Training|Validation,이/미용,화장품,아이라이너/아이브로우,더페이스샵 슈퍼프루프오토라이너01블랙 0.3G,더페이스샵,0.3G
25540,Training|Validation,이/미용,화장품,아이라이너/아이브로우,더페이스샵 잉크젤슬림펜슬01블랙포스 1개입,더페이스샵,1개입
25541,Training|Validation,이/미용,화장품,아이라이너/아이브로우,더페이스샵 잉크젤슬림펜슬02샤프브라운 1개입,더페이스샵,1개입
25542,Training|Validation,이/미용,화장품,아이라이너/아이브로우,더페이스샵 잉크젤슬림펜슬03아트브라운 1개입,더페이스샵,1개입
45558,Training|Validation,이/미용,화장품,아이라이너/아이브로우,더페이스샵)퍼데이스샵잉크젤펜슬라이너02블랙캐비어,더페이스샵,1개
65563,Training|Validation,이/미용,화장품,아이라이너/아이브로우,더페이스샵2인1아이라이너,더페이스샵,0.1G
55580,Training|Validation,이/미용,화장품,아이라이너/아이브로우,더페이스샵골드콜라겐리퀴드아이라이너01블랙,더페이스샵,6G
65560,Training|Validation,이/미용,화장품,아이라이너/아이브로우,더페이스샵골드콜라겐마커펜아이라이너01블랙,더페이스샵,1G
65561,Training|Validation,이/미용,화장품,아이라이너/아이브로우,더페이스샵골드콜라겐마커펜아이라이너02브라운,더페이스샵,1G
65581,Training|Validation,이/미용,화장품,아이라이너/아이브로우,더페이스샵디자이닝브로우카라03그레이브라운,더페이스샵,6.5G
65567,Training|Validation,이/미용,화장품,아이라이너/아이브로우,더페이스샵루즈파우더매트05베리파우더,더페이스샵,3.2G
65566,Training|Validation,이/미용,화장품,아이라이너/아이브로우,더페이스샵루즈파우더매트06플럼파운더,더페이스샵,3.2G
65564,Training|Validation,이/미용,화장품,아이라이너/아이브로우,더페이스샵슈퍼프루프오토라인02브라운,더페이스샵,0.3G
55579,Training|Validation,이/미용,화장품,아이라이너/아이브로우,더페이스샵잉크그라피리퀴드라이너02풀브라운,더페이스샵,6ML
65565,Training|Validation,이/미용,화장품,아이라이너/아이브로우,더페이스샵잉크그라피브러쉬펜라이너01잉크블랙,더페이스샵,0.6G
55581,Training|Validation,이/미용,화장품,아이라이너/아이브로우,더페이스샵잉크그라피브러쉬펜라이너02잉크브라운,더페이스샵,0.6G
65568,Training|Validation,이/미용,화장품,아이라이너/아이브로우,더페이스샵잉크글피리퀴드라이너01풀블랙,더페이스샵,6ML
65562,Training|Validation,이/미용,화장품,아이라이너/아이브로우,더페이스샵잉크젤펜슬라이너03시애틀브라운,더페이스샵,0.5G
25567,Training|Validation,이/미용,화장품,아이라이너/아이브로우,미샤 클레이아이브로우펜슬 라이트브라운 1.14G,미샤,1.14G
25536,Training|Validation,이/미용,화장품,아이라이너/아이브로우,블링캣 테일펜슬라이너02브라운,블링캣,1개입
15587,Training|Validation,이/미용,화장품,아이라이너/아이브로우,아이티씨코리아 래쉬톡 아이브로우브러쉬 1개입,아이티씨코리아,1개입
66275,Training|Validation,이/미용,화장품,아이라이너/아이브로우,엔프라니)홀리카홀리카원더드로잉1초피니쉬브로우카라01내추럴브라운,엔프라니,4G
45561,Training|Validation,이/미용,화장품,아이라이너/아이브로우,LG생활건강)더페이스샵잉크프루프2인1라이너02브라운프루프,엘지생활건강,1개
45559,Training|Validation,이/미용,화장품,아이라이너/아이브로우,LG생활건강)더페이스샵잉크프루프브러쉬펜라이너01블랙프루프,엘지생활건강,1개
45560,Training|Validation,이/미용,화장품,아이라이너/아이브로우,LG생활건강)더페이스샵잉크프루프브러쉬펜라이너02브라운프루프,엘지생활건강,1개
25535,Training|Validation,이/미용,화장품,아이라이너/아이브로우,토니모리 백젤미라클핏수퍼프루프라이너 01트루블랙 1개입,토니모리,1개입
25579,Training|Validation,이/미용,화장품,아이라이너/아이브로우,토니모리 이지터치리퀴드아이라이너 01블랙 1개입,토니모리,1개입
15586,Training|Validation,이/미용,화장품,아이라이너/아이브로우,토니모리 이지터치워터프루프아이브로우03그레이브라운 1개입,토니모리,1개입
15599,Training|Validation,이/미용,화장품,아이라이너/아이브로우,토니모리 이지터치컬러링브로우카라01라이트브라운 1개입,토니모리,1개입
15600,Training|Validation,이/미용,화장품,아이라이너/아이브로우,토니모리 이지터치컬러링브로우카라02그레이브라운 1개입,토니모리,1개입
15601,Training|Validation,이/미용,화장품,아이라이너/아이브로우,토니모리 이지터치컬러링브로우카라03골드브라운 1개입,토니모리,1개입
15602,Training|Validation,이/미용,화장품,아이라이너/아이브로우,토니모리 이지터치컬러링브로우카라04레드브라운 1개입,토니모리,1개입
25549,Training|Validation,이/미용,화장품,아이라이너/아이브로우,토니모리 크리스탈쥬얼아이스틱 05스모크브라운 1개입,토니모리,1개입
15598,Training|Validation,이/미용,화장품,아이라이너/아이브로우,토니모리 크리스탈쥬얼아이스틱02코랄브론즈 1개입,토니모리,1개입
15597,Training|Validation,이/미용,화장품,아이라이너/아이브로우,토니모리 크리스탈쥬얼아이스틱03로맨틱베이 1개입,토니모리,1개입
15596,Training|Validation,이/미용,화장품,아이라이너/아이브로우,토니모리 크리스탈쥬얼아이스틱06빈티지바이올렛 1개입,토니모리,1개입
15595,Training|Validation,이/미용,화장품,아이라이너/아이브로우,토니모리 프로페셔널미디엄섀도우브러쉬 1개입,토니모리,1개입
45563,Training|Validation,이/미용,화장품,아이라이너/아이브로우,토니모리)이지터치리퀴드아이라이너02브라운,토니모리,1개
35514,Training|Validation,이/미용,화장품,아이라이너/아이브로우,토니모리)토니모리백젤미라클핏수퍼프루프라이너(02엣지브라운),토니모리,1개입
35515,Training|Validation,이/미용,화장품,아이라이너/아이브로우,토니모리)토니모리백젤미라클핏수퍼프루프라이너(03로지브라운),토니모리,1개입
35516,Training|Validation,이/미용,화장품,아이라이너/아이브로우,토니모리)토니모리백젤미라클핏수퍼프루프라이너(04시나몬라떼칩),토니모리,1개입
35517,Training|Validation,이/미용,화장품,아이라이너/아이브로우,토니모리)토니모리백젤미라클핏수퍼프루프라이너(06초코멜로우),토니모리,1개입
35513,Training|Validation,이/미용,화장품,아이라이너/아이브로우,토니모리)토니모리백젤스키니터치젤프루프라이너(01다크브라운),토니모리,1개입
35512,Training|Validation,이/미용,화장품,아이라이너/아이브로우,토니모리)토니모리백젤스키니터치젤프루프라이너(02다크브라운),토니모리,1개입
35511,Training|Validation,이/미용,화장품,아이라이너/아이브로우,토니모리)토니모리백젤스키니터치젤프루프라이너(03초코브라운),토니모리,1개입
65497,Training|Validation,이/미용,화장품,아이라이너/아이브로우,토니모리백젤미라클핏수퍼프루프라이너05스모키우드,토니모리,1개
45545,Training|Validation,이/미용,화장품,아이라이너/아이브로우,한국키스미)헤비로테이션틴트리퀴드아이브로우01네추럴브라운,한국키스미,1개
15282,Training|Validation,이/미용,세탁세제,액상세탁세제,메디앙스 닥터아토민감성섬유세제알러지케어1800ML,메디앙스,1800ML
56114,Training|Validation,이/미용,위생용품,에멀젼/로션,네이처리퍼블릭)네이처리퍼블릭맑은벚꽃생기에멀전,네이처리퍼블릭,155ML
46078,Training|Validation,이/미용,위생용품,에멀젼/로션,네이처리퍼블릭)네이처리퍼블릭어린녹차순한에멀전,네이처리퍼블릭,155ML
16011,Training|Validation,이/미용,위생용품,에멀젼/로션,더샘 제주생생알로에수딩젤(용기)300ML,더샘,300ML
16010,Training|Validation,이/미용,위생용품,에멀젼/로션,더샘 제주생생알로에수딩젤(튜브)250ML,더샘,250ML
45608,Training|Validation,이/미용,위생용품,에멀젼/로션,더페이스샵)더페이스샵신선한제주알로에수딩젤,더페이스샵,300ML
45618,Training|Validation,이/미용,위생용품,에멀젼/로션,더페이스샵)미감수브라이트클렌징로션,더페이스샵,200ML
55707,Training|Validation,이/미용,위생용품,에멀젼/로션,더페이스샵신선한제주알로에수딩젤,더페이스샵,300ML
55604,Training|Validation,이/미용,위생용품,에멀젼/로션,미샤시카알로에수딩젤,미샤,300ML
55910,Training|Validation,이/미용,위생용품,에멀젼/로션,신세계인터코스코리아)디어앤퓨어모이스처페이스&바디로션,신세계인터코스코리아,250ML
45955,Training|Validation,이/미용,위생용품,에멀젼/로션,씨제이올리브영)슈렉아임더리얼알로에99%수딩젤,씨제이올리브영,300ML
46105,Training|Validation,이/미용,위생용품,에멀젼/로션,엔프라니)홀리카홀리카알로에99%수딩젤,엔프라니,55ML
46106,Training|Validation,이/미용,위생용품,에멀젼/로션,엔프라니)홀리카홀리카알로에99%수딩젤,엔프라니,250ML
65505,Training|Validation,이/미용,위생용품,에멀젼/로션,웰코스끌레르바이알로에모이스춰수딩젤(2개300ML100ML),웰코스,400ML
25261,Training|Validation,이/미용,위생용품,에멀젼/로션,클린앤클리어 에센셜모이스처라이저 125ML,클린앤클리어,125ML
65527,Training|Validation,이/미용,위생용품,에멀젼/로션,토니모리알로에99%촉촉수딩젤,토니모리,250ML
15997,Training|Validation,이/미용,위생용품,에센스/세럼,네이처리퍼블릭 굿스킨세라마이드앰플30ML,네이처리퍼블릭,30ML
15996,Training|Validation,이/미용,위생용품,에센스/세럼,네이처리퍼블릭 굿스킨아하앰플30ML,네이처리퍼블릭,30ML
15534,Training|Validation,이/미용,위생용품,에센스/세럼,애경 케라시스 케라마이드극손상클리닉세럼 70ML,애경,70ML
36046,Training|Validation,이/미용,위생용품,에센스/세럼,엔프라니)홀리카홀리카원솔루션슈퍼에너지앰플모공진정,엔프라니,30ML
15260,Training|Validation,이/미용,위생용품,에센스/세럼,엘지 엘라스틴 모로칸아르간오일세럼 75ML,엘지생활건강,75ML
16053,Training|Validation,이/미용,위생용품,에센스/세럼,홀리카홀리카 원솔루션슈퍼에너지앰플수분보습30ML,홀리카홀리카,30ML
16054,Training|Validation,이/미용,위생용품,에센스/세럼,홀리카홀리카 원솔루션슈퍼에너지앰플주름개선30ML,홀리카홀리카,30ML
16055,Training|Validation,이/미용,위생용품,에센스/세럼,홀리카홀리카 원솔루션슈퍼에너지앰플화이트닝30ML,홀리카홀리카,30ML
66215,Training|Validation,이/미용,위생용품,에센스/세럼/앰플,네이처리퍼블릭)굿스킨미네랄앰플,네이처리퍼블릭,30ML
66216,Training|Validation,이/미용,위생용품,에센스/세럼/앰플,네이처리퍼블릭)굿스킨콜라겐앰플,네이처리퍼블릭,30ML
56094,Training|Validation,이/미용,위생용품,에센스/세럼/앰플,네이처리퍼블릭)네이처리퍼블릭굿스킨나이아신아마이드앰플,네이처리퍼블릭,30ML
56091,Training|Validation,이/미용,위생용품,에센스/세럼/앰플,네이처리퍼블릭)네이처리퍼블릭굿스킨노니앰플,네이처리퍼블릭,30ML
56124,Training|Validation,이/미용,위생용품,에센스/세럼/앰플,네이처리퍼블릭)네이처리퍼블릭굿스킨마데카소사이드앰플,네이처리퍼블릭,30ML
56089,Training|Validation,이/미용,위생용품,에센스/세럼/앰플,네이처리퍼블릭)네이처리퍼블릭굿스킨비타민이앰플,네이처리퍼블릭,30ML
56092,Training|Validation,이/미용,위생용품,에센스/세럼/앰플,네이처리퍼블릭)네이처리퍼블릭굿스킨아하앰플,네이처리퍼블릭,30ML
56093,Training|Validation,이/미용,위생용품,에센스/세럼/앰플,네이처리퍼블릭)네이처리퍼블릭굿스킨티트리앰플,네이처리퍼블릭,30ML
56090,Training|Validation,이/미용,위생용품,에센스/세럼/앰플,네이처리퍼블릭)네이처리퍼블릭굿스킨판테놀앰플,네이처리퍼블릭,30ML
66080,Training|Validation,이/미용,위생용품,에센스/세럼/앰플,롯데쇼핑)발레아바디핏세럼100ML,발레아,100ML
46081,Training|Validation,이/미용,위생용품,여성청결제,네이처리퍼블릭)네이처리퍼블릭배쓰앤네이처캐모마일페미닌워시,네이처리퍼블릭,150ML
25887,Training|Validation,이/미용,위생용품,여성청결제,미스미즈바이오 미스미즈이너리프레싱워시50ML,미스미즈,50ML
46137,Training|Validation,이/미용,화장품,염색약,네이처리퍼블릭)네이처리퍼블릭헤어앤네이처헤어컬러크림5엔자연갈색,네이처리퍼블릭,120G
66234,Training|Validation,이/미용,두발용품,염색약,네이처리퍼블릭)헤어앤네이처헤어컬러크림10엔브라운60G60G9G,네이처리퍼블릭,1개입
66235,Training|Validation,이/미용,두발용품,염색약,네이처리퍼블릭)헤어앤네이처헤어컬러크림3엔흑갈색60G60G9G,네이처리퍼블릭,1개입
66236,Training|Validation,이/미용,두발용품,염색약,네이처리퍼블릭)헤어앤네이처헤어컬러크림5분스피디6에스자연갈색,네이처리퍼블릭,1개입
25979,Training|Validation,이/미용,두발용품,염색약,더샘 실크컬러헤어버블로즈핑크8P1개,더샘,1개
25980,Training|Validation,이/미용,두발용품,염색약,더샘 실크헤어컬러블리치1개,더샘,1개
26073,Training|Validation,이/미용,두발용품,염색약,더샘 실크헤어컬러크림새치커버밝은갈색,더샘,1개입
26072,Training|Validation,이/미용,두발용품,염색약,더샘 실크헤어컬러크림새치커버자연갈색,더샘,1개입
26074,Training|Validation,이/미용,두발용품,염색약,더샘 실크헤어컬러크림새치커버흑갈색,더샘,1개입
26071,Training|Validation,이/미용,두발용품,염색약,더샘 실크헤어컬러크림체리브라운,더샘,1개입
46100,Training|Validation,이/미용,두발용품,염색약,더샘인터내셔날)더샘실크헤어컬러크림내추럴브라운,더샘인터내셔날,120G
46099,Training|Validation,이/미용,두발용품,염색약,더샘인터내셔날)더샘실크헤어컬러크림새치커버흑색,더샘인터내셔날,120G
45629,Training|Validation,이/미용,두발용품,염색약,더페이스샵)스타일리스트실키헤어컬러크림(초콜릿빛갈색),더페이스샵,120G
35551,Training|Validation,이/미용,두발용품,염색약,더페이스샵)스타일리스트실키헤어컬러크림자연갈색,더페이스샵,130G
65726,Training|Validation,이/미용,두발용품,염색약,더페이스샵스타일리스트실키헤어컬러크림오렌지빛갈색60G60G,더페이스샵,120G
65725,Training|Validation,이/미용,두발용품,염색약,더페이스샵스타일리스트실키헤어컬러크림흑갈색60G60G,더페이스샵,120G
25510,Training|Validation,이/미용,두발용품,염색약,동성제약 헤이씨리얼헤어컬러 로키로드앤코튼캔디블랙 1개입,동성제약,1개입
25680,Training|Validation,이/미용,두발용품,염색약,동성제약 헤이씨리얼헤어컬러 로키로드앤코튼캔디블랙 1개입,동성제약,1개입
85019,Training|Validation,이/미용,두발용품,염색약,"동성제약동성헤이씨리얼하얀별헤어블리치1+1번들 10G*2,30ML*2",동성제약,"10G*2,30ML*2"
65538,Training|Validation,이/미용,두발용품,염색약,동성제약동성헤이씨리얼헤어컬러(고소한아몬드앤브라운),동성제약,60ML
55530,Training|Validation,이/미용,두발용품,염색약,동성제약헤이씨리얼헤어컬러(반전매력애쉬레몬)60G60ML,동성제약,60G60ML
55533,Training|Validation,이/미용,두발용품,염색약,동성제약헤이씨리얼헤어컬러(슈가모래성애위크림베이지)60G60ML,동성제약,60G60ML
55534,Training|Validation,이/미용,두발용품,염색약,동성제약헤이씨리얼헤어컬러(인어의노래애쉬오션블루)60G60ML,동성제약,60G60ML
55531,Training|Validation,이/미용,두발용품,염색약,동성제약헤이씨리얼헤어컬러슈팅스타앤코튼캔디그린60G60ML,동성제약,60G60ML
55532,Training|Validation,이/미용,두발용품,염색약,동성제약헤이씨리얼헤어컬러팝핑샤워앤코튼캔디퍼플60G60ML,동성제약,60G60ML
55477,Training|Validation,이/미용,두발용품,염색약,미쟝센헬로크림5쿨브라운,미쟝센,1개입
55478,Training|Validation,이/미용,두발용품,염색약,미쟝센헬로크림8뮤트브라운,미쟝센,1개입
35159,Training|Validation,이/미용,두발용품,염색약,새롬코스매틱)엘라스틴살롱드컬러자연갈색100G,새롬코스매틱,100G
15608,Training|Validation,이/미용,두발용품,염색약,서울화장품 비쥬드헤어컬러코팅크리스탈 1개입,서울화장품,1개입
25884,Training|Validation,이/미용,두발용품,염색약,서울화장품 시크릿체인지헤어블리치2팩세트,서울화장품,2팩
45496,Training|Validation,이/미용,두발용품,염색약,서울화장품)비쥬드헤어블리치(번들),서울화장품,2개
45523,Training|Validation,이/미용,두발용품,염색약,서울화장품)비쥬드헤어컬러크림1엔모노블랙25G,서울화장품,4개입
45524,Training|Validation,이/미용,두발용품,염색약,서울화장품)비쥬드헤어컬러크림7에이매트애쉬브라운25G,서울화장품,4개입
45632,Training|Validation,이/미용,두발용품,염색약,서울화장품)비쥬드헤어컬러크림7지샌드애쉬그레이,서울화장품,100G
55529,Training|Validation,이/미용,두발용품,염색약,서울화장품비쥬드헤어컬러크림7비애쉬블루50G50ML,서울화장품,50G50ML
45909,Training|Validation,이/미용,두발용품,염색약,세화피앤씨)모레모케라틴헤어컬러애쉬퍼플,세화피앤씨,120G
55908,Training|Validation,이/미용,두발용품,염색약,세화피앤씨)모레모케라틴헤어컬러초코브라운60G60ML,세화피앤씨,120ML
25685,Training|Validation,이/미용,두발용품,염색약,스타일리스트 실키헤어컬러크림 와인빛갈색 1개입,스타일리,1개입
25684,Training|Validation,이/미용,두발용품,염색약,스타일리스트 실키헤어컬러크림 커피우유빛갈색 1개입,스타일리,1개입
45525,Training|Validation,이/미용,두발용품,염색약,아로메퍼시픽)미쟝센헬로크림7쿨애쉬,아모레퍼시픽,120G
15275,Training|Validation,이/미용,두발용품,염색약,아모레 려 자양윤모새치커버자연갈색5.0 3회분,아모레퍼시픽,3회분
15270,Training|Validation,이/미용,두발용품,염색약,아모레 려우아채멋내기새치크림자연갈색3회분,아모레퍼시픽,3회분
15271,Training|Validation,이/미용,두발용품,염색약,아모레 려우아채멋내기새치크림짙은갈색3회분,아모레퍼시픽,3회분
15272,Training|Validation,이/미용,두발용품,염색약,아모레 려우아채멋내기새치크림초콜렛브라운3회분,아모레퍼시픽,3회분
15277,Training|Validation,이/미용,두발용품,염색약,아모레 미쟝센 쉽고빠른거품염색2엔흑색 1회분,아모레퍼시픽,1회분
15279,Training|Validation,이/미용,두발용품,염색약,아모레 미쟝센 쉽고빠른거품염색3엔흑갈색 1회분,아모레퍼시픽,1회분
15278,Training|Validation,이/미용,두발용품,염색약,아모레 미쟝센 쉽고빠른거품염색4엔짙은갈색 1회분,아모레퍼시픽,1회분
15276,Training|Validation,이/미용,두발용품,염색약,아모레 미쟝센 쉽고빠른거품염색6엔밝은갈색 1회분,아모레퍼시픽,1회분
25683,Training|Validation,이/미용,두발용품,염색약,아모레 미쟝센 헬로버블3엔티다크초코턴컬러 1개입,아모레퍼시픽,1개입
25682,Training|Validation,이/미용,두발용품,염색약,아모레 미쟝센 헬로크림1CB쿨블랙겨울쿨톤 1개입,아모레퍼시픽,1개입
15544,Training|Validation,이/미용,두발용품,염색약,아모레 미쟝센 헬로크림6웜브라운 1개입,아모레퍼시픽,1개입
15273,Training|Validation,이/미용,두발용품,염색약,아모레 미쟝센샤이닝에센스3엔흑갈색 1회분,아모레퍼시픽,1회분
15274,Training|Validation,이/미용,두발용품,염색약,아모레 미쟝센샤이닝에센스4엔짙은갈색 1회분,아모레퍼시픽,1회분
35160,Training|Validation,이/미용,두발용품,염색약,아모레퍼시픽)미장센샤이닐에센스6엔갈색100G,아모레퍼시픽,100G
65177,Training|Validation,이/미용,두발용품,염색약,아모레퍼시픽)미장센샤이닝에세스8G밝은갈색106G,아모레퍼시픽,106G
65163,Training|Validation,이/미용,두발용품,염색약,아모레퍼시픽)미쟝센쉽고빠른거품염색5N86ML,아모레퍼시픽,86ML
35526,Training|Validation,이/미용,두발용품,염색약,아모레퍼시픽)미쟝센헬로버블10지바닐라골드,아모레퍼시픽,95G
35528,Training|Validation,이/미용,두발용품,염색약,아모레퍼시픽)미쟝센헬로버블6에이더스티애쉬,아모레퍼시픽,95G
35525,Training|Validation,이/미용,두발용품,염색약,아모레퍼시픽)미쟝센헬로버블6엔초코브라운,아모레퍼시픽,95G
35559,Training|Validation,이/미용,두발용품,염색약,아모레퍼시픽)미쟝센헬로버블7케이애쉬카키브라운,아모레퍼시픽,95G
35524,Training|Validation,이/미용,두발용품,염색약,아모레퍼시픽)미쟝센헬로버블7피사하라로즈핑크,아모레퍼시픽,95G
35523,Training|Validation,이/미용,두발용품,염색약,아모레퍼시픽)미쟝센헬로버블8오아프리카선셋오렌지,아모레퍼시픽,95G
35527,Training|Validation,이/미용,두발용품,염색약,아모레퍼시픽)미쟝센헬로버블뉴프라이머,아모레퍼시픽,95G
35558,Training|Validation,이/미용,두발용품,염색약,아모레퍼시픽)미쟝센헬로크림10웜코랄,아모레퍼시픽,125G
55151,Training|Validation,이/미용,두발용품,염색약,아모레퍼시픽려우멋내기새치크림버건디와인,아모레퍼시픽,40G
55150,Training|Validation,이/미용,두발용품,염색약,아모레퍼시픽려우아채멋내기새치크림오렌지브라운,아모레퍼시픽,40G
55152,Training|Validation,이/미용,두발용품,염색약,아모레퍼시픽려자양윤모새치커버짙은갈색4.0,아모레퍼시픽,120G
55153,Training|Validation,이/미용,두발용품,염색약,아모레퍼시픽려자양윤모새치커버흑갈색3.0,아모레퍼시픽,120G
55154,Training|Validation,이/미용,두발용품,염색약,아모레퍼시픽미쟝센샤이닝에센스7N자연갈색,아모레퍼시픽,106G
65730,Training|Validation,이/미용,두발용품,염색약,에스앤피코스메틱페인토즈프리페인팅블리치10G*3로션90ML,에스앤피코스메틱,90ML
56121,Training|Validation,이/미용,두발용품,염색약,엔프라니)홀리카홀리카팝유어컬러헤어블리치10G30ML,엔프라니,1개입
66017,Training|Validation,이/미용,두발용품,염색약,엘앤피코스메틱)시크릿체인지헤어컬러크림10지알애쉬그레이50G50G8ML,엘앤피코스메틱,100G
66016,Training|Validation,이/미용,두발용품,염색약,엘앤피코스메틱)시크릿체인지헤어컬러크림5비코발트블랙50G50G8ML,엘앤피코스메틱,100G
66015,Training|Validation,이/미용,두발용품,염색약,엘앤피코스메틱)시크릿체인지헤어컬러크림5씨초코브라운50G50G8ML,엘앤피코스메틱,100G
55481,Training|Validation,이/미용,두발용품,염색약,엘앤피코스메틱비쥬드라떼브라운,엘앤피코스메틱,100G
55482,Training|Validation,이/미용,두발용품,염색약,엘앤피코스메틱비쥬드모카브라운,엘앤피코스메틱,100G
65493,Training|Validation,이/미용,두발용품,염색약,엘엔피코스메틱비쥬드헤어블리치탈색제,엘앤피코스메틱,10G30ML
45232,Training|Validation,이/미용,두발용품,염색약,LG생활건강)리엔흑모비책거품염색흑색2회분,엘지생활건강,2회분
45234,Training|Validation,이/미용,두발용품,염색약,LG생활건강)리엔흑모비책스마트거품염색자연갈색80G,엘지생활건강,80G
45235,Training|Validation,이/미용,두발용품,염색약,LG생활건강)리엔흑모비책스마트거품염색흑갈색80G,엘지생활건강,80G
45233,Training|Validation,이/미용,두발용품,염색약,LG생활건강)리엔흑모비책스마트거품염색흑색80G,엘지생활건강,80G
45236,Training|Validation,이/미용,두발용품,염색약,LG생활건강)엘라스틴살롱드컬러애쉬브라운7에이100G,엘지생활건강,100G
25511,Training|Validation,이/미용,두발용품,염색약,엘지 미쟝센 헬로크림미스틱블랙턴컬러 1개입,엘지생활건강,1개입
25525,Training|Validation,이/미용,두발용품,염색약,엘지 엘라스틴 오일블렌디드폼컬러 쿨레드와인,엘지생활건강,1개입
25526,Training|Validation,이/미용,두발용품,염색약,엘지 엘라스틴 오일블렌디드폼컬러 쿨브라운초콜릿,엘지생활건강,1개입
25484,Training|Validation,이/미용,두발용품,염색약,엘지 엘라스틴 오일블렌디드폼컬러 쿨블랙챠콜 1개입,엘지생활건강,1개입
65162,Training|Validation,이/미용,두발용품,염색약,엘지생활건강)리엔흑모비책거품염색흑갈색120ML,엘지생활건강,120ML
55156,Training|Validation,이/미용,두발용품,염색약,엘지생활건강엘라스틴비비드버블폼컬러내추럴블랙,엘지생활건강,90G
55158,Training|Validation,이/미용,두발용품,염색약,엘지생활건강엘라스틴살롱드컬러밝은갈색6비,엘지생활건강,100G
55157,Training|Validation,이/미용,두발용품,염색약,엘지생활건강엘라스틴살롱드컬러오렌지브라운8오,엘지생활건강,100G
55159,Training|Validation,이/미용,두발용품,염색약,엘지생활건강엘라스틴살롱드컬러짙은갈색4비,엘지생활건강,100G
55924,Training|Validation,이/미용,두발용품,염색약,이지엔)푸딩헤어컬러산토리니애쉬블루70ML*2,이지엔,140ML
55925,Training|Validation,이/미용,두발용품,염색약,이지엔)푸딩헤어컬러오스트리아비엔나브라운70ML*2,이지엔,140ML
55926,Training|Validation,이/미용,두발용품,염색약,이지엔)푸딩헤어컬러파묵칼레아쉬그레이70ML*2,이지엔,140ML
40262,Training|Validation,이/미용,두발용품,염색약,코스모코스플로르드망폴루클린수분가득클렌저,코스모스,120ML
15548,Training|Validation,이/미용,두발용품,염색약,토니모리 퍼스널헤어컬러크림 6더블유(레드와인) 120ML,토니모리,120ML
15547,Training|Validation,이/미용,두발용품,염색약,토니모리 퍼스널헤어컬러크림 6엔(내추럴브라운) 120ML,토니모리,120ML
15545,Training|Validation,이/미용,두발용품,염색약,토니모리 퍼스널헤어컬러크림 7알(레드브라운) 120ML,토니모리,120ML
15546,Training|Validation,이/미용,두발용품,염색약,토니모리 퍼스널헤어컬러크림 8오알(오렌지브라운) 120ML,토니모리,120ML
45628,Training|Validation,이/미용,두발용품,염색약,토니모리)토니모리퍼스널헤어컬러크림1엔(블랙),토니모리,40G
45627,Training|Validation,이/미용,두발용품,염색약,토니모리)토니모리퍼스널헤어컬러크림7케어(올리브브라운),토니모리,40G
65528,Training|Validation,이/미용,두발용품,염색약,토니모리메이크에이치디헤어블리치,토니모리,10G30ML
45652,Training|Validation,이/미용,두발용품,염색약,헨켈)프레쉬라이트헤어블리치,헨켈,25G
25681,Training|Validation,이/미용,두발용품,염색약,헨켈코리아 프레쉬라이트헤어칼라밀키타입 1개입,헨켈코리아,1개입
65996,Training|Validation,이/미용,두발용품,염색약,헨켈코리아)프레쉬라이트턴컬러쿨블랙60G60ML,헨켈코리아,120G
45636,Training|Validation,이/미용,커피류,용기/리필커피,삼양패키징)마이노멀버터커피,삼양패키징,230ML
25954,Training|Validation,이/미용,유아용품,유아/아동용치약,아이코닉스 베이비오랄케어겔타입50g*2입,아이코닉스,100G
55261,Training|Validation,이/미용,유아용품,유아용샴푸/바디워시,그린핑거마이키즈컨디셔닝린스,그린핑거,150G
55241,Training|Validation,이/미용,유아용품,유아용샴푸/바디워시,엘사컨디셔닝샴푸,기타,300ML
20278,Training|Validation,이/미용,유아용품,유아용샴푸/바디워시,플로르드망폴루클린맑은피부클렌저,기타,120ML
66198,Training|Validation,이/미용,유아용품,유아용샴푸/바디워시,보령메디앙스)닥터아토리얼베이비트래블키트3개입,보령메디앙스,120ML
55247,Training|Validation,이/미용,유아용품,유아용샴푸/바디워시,시크릿쥬쥬블링블링린스,시크릿쥬,330ML
55248,Training|Validation,이/미용,유아용품,유아용샴푸/바디워시,시크릿쥬쥬블링블링바디워시,시크릿쥬,330ML
55249,Training|Validation,이/미용,유아용품,유아용샴푸/바디워시,시크릿쥬쥬블링블링샴푸,시크릿쥬,330ML
55242,Training|Validation,이/미용,유아용품,유아용샴푸/바디워시,안나바디워시,위니치,300ML
65281,Training|Validation,이/미용,유아용품,유아용샴푸/바디워시,위니치에스엔디패티3IN1,위니치,400ML
35232,Training|Validation,이/미용,위생용품,유아용샴푸/바디워시,피코스텍)뽀로로쓰리인원400ML,피코스텍,400ML
35238,Training|Validation,이/미용,유아용품,유아용샴푸/바디워시,한국화장품제조)홈앤키즈버블클렌저딸기250ML,한국화장품제조,250ML
35237,Training|Validation,이/미용,유아용품,유아용샴푸/바디워시,한국화장품제조)홈엔키즈버블클렌저오리지널무향250ML,한국화장품제조,250ML
55262,Training|Validation,이/미용,유아용품,유아용화장품,그린핑거내추럴수딩젤로션,그린핑거,100ML
55236,Training|Validation,이/미용,유아용품,유아용화장품,아쿠아퍼베이비오인트먼트,바이어스도르프코리아,85G
55505,Training|Validation,이/미용,유아용품,유아용화장품,유니레버코리아바세린베이비프로텍팅젤리연약한아기피부케어,유니레버코리아,100ML
65286,Training|Validation,이/미용,유아용품,유아용화장품,이앤에프카렌듈라에브리데이로션,이앤에프,251ML
50260,Training|Validation,이/미용,위생용품,일반비누,동보 마이비 유아세안용 고형비누,동보 마,100G
35617,Training|Validation,이/미용,위생용품,일반비누,성원화장품)로즈때비누,성원화장품,150G
35616,Training|Validation,이/미용,위생용품,일반비누,성원화장품)아사이베리때비누,성원화장품,150G
35618,Training|Validation,이/미용,위생용품,일반비누,성원화장품)올리브때비누,성원화장품,150G
35620,Training|Validation,이/미용,위생용품,일반비누,성원화장품)웰빙항균때비누,성원화장품,200G
35619,Training|Validation,이/미용,위생용품,일반비누,성원화장품)진주때비누,성원화장품,150G
46050,Training|Validation,이/미용,위생용품,일반비누,LG생활건강)온더바디벨먼내추럴스파히말라야핑크솔트풍성한휘핑거품비누4개입,엘지생활건강,360G
35883,Training|Validation,이/미용,위생용품,일반비누,LG생활건강)온더바디체리블라썸촉촉한휘핑비누4개입,엘지생활건강,360G
25919,Training|Validation,이/미용,위생용품,일반비누,엘지온더바디아이리스촉촉한휘핑비누4개입,엘지생활건강,360G
75183,Training|Validation,이/미용,위생용품,일반비누,온더바디더내추럴부드러운올리브비누90G,온더바디,1개
75175,Training|Validation,이/미용,위생용품,일반비누,온더바디벨먼내추럴스파히말라야핑크솔트풍성한휘핑거품비누,온더바디,90G
65745,Training|Validation,이/미용,위생용품,일반비누,온더바디촉촉한내추럴비누6개입,온더바디,85G
65733,Training|Validation,이/미용,위생용품,일반비누,온더바디촉촉한코코넛비누(4개입)90G*4,온더바디,360G
65748,Training|Validation,이/미용,위생용품,일반비누,온더바디편안한라벤더비누4개입90G*4,온더바디,360G
45675,Training|Validation,이/미용,위생용품,일반비누,유니레버)도브핑크뷰티바,유니레버,400G
45676,Training|Validation,이/미용,위생용품,일반비누,유니레버)도브화이트뷰티바,유니레버,400G
65173,Training|Validation,이/미용,위생용품,일반비누,유한양행)해피홈세이프365비누그린샤워향85G,유한양행,85G
65172,Training|Validation,이/미용,위생용품,일반비누,유한양행)해피홈세이프365비누핑크포레향85G,유한양행,85G
65923,Training|Validation,이/미용,위생용품,일반비누,이니스프리)화산송이모공비누,이니스프리,100G
65287,Training|Validation,이/미용,생수,일반생수,인더비앤에프피지워터,인더비앤에프,500ML
65284,Training|Validation,이/미용,위생용품,입욕제/스파제품,나투젠홈앤키즈버블바스,나투젠,510ML
35489,Training|Validation,이/미용,위생용품,입욕제/스파제품,썬힐코퍼레이션)폼얼론바스블라스터(입욕제),썬힐코퍼레이션,1개
75169,Training|Validation,이/미용,위생용품,제모용품,건전지식휴대용면도기,기타,1개
65966,Training|Validation,이/미용,위생용품,제모용품,씨제이올리브영)엑스티엠다리숱정리면도기1개입,씨제이올리브영,1개입
55503,Training|Validation,이/미용,위생용품,제모용품,엔베코닥터데이즈제모크림,엔베코코스메틱,100G
55480,Training|Validation,이/미용,위생용품,제모용품,지엘바디네이처왁스스트립페이스스위트아몬드오일,지엘,12개입
45239,Training|Validation,이/미용,위생용품,제모용품,지엘커뮤니케이션즈)바디네이처헤어리무벌왁싱스트립브라질리언왁싱12장,지엘커뮤니케이션즈,12장
66221,Training|Validation,이/미용,위생용품,젤형,네이처리퍼블릭)리얼네이처레몬필링젤워시,네이처리퍼블릭,120ML
66252,Training|Validation,이/미용,위생용품,젤형,네이처리퍼블릭)슈퍼아쿠아맥스소프트필링젤,네이처리퍼블릭,155ML
70250,Training|Validation,이/미용,위생용품,젤형,코스모코스플로르드맘폴루클린매끈순둥필링젤,코스모스,120ML
55998,Training|Validation,이/미용,건강보조식품,종합영양제,보고신약)마시는콜라겐2000,보고신약,100ML
65164,Training|Validation,이/미용,레저취미,차량용품,불스원)레인오케이김서림방지스프레이280ML,불스원,280ML
80252,Training|Validation,이/미용,구강용품,치약,엘지)죽염 은강고 시린고치약,엘지생활건강,120G
26105,Training|Validation,이/미용,화장품,컨실러,더샘 커버퍼펙션팁컨실러01클리어베이지,더샘,1개
26106,Training|Validation,이/미용,화장품,컨실러,더샘 커버퍼펙션팁컨실러1.25라이트베이지,더샘,1개
26107,Training|Validation,이/미용,화장품,컨실러,더샘 커버퍼펙션팁컨실러1.75미들베이지,더샘,1개
26104,Training|Validation,이/미용,화장품,컨실러,더샘 커버퍼펙션팁컨실러피치베이지,더샘,1개
26108,Training|Validation,이/미용,화장품,컨실러,더샘 커버퍼펙션픽실러01클리어베이지,더샘,1개
66273,Training|Validation,이/미용,화장품,컨실러,더샘인터내셔날)더샘커버퍼펙션팁컨실러0.5아이스베이지,더샘인터내셔날,1개입
36099,Training|Validation,이/미용,화장품,컨실러,더샘인터내셔날)더샘커버퍼펙션팁컨실러02리치베이지,더샘인터내셔날,1개
36097,Training|Validation,이/미용,화장품,컨실러,더샘인터내셔날)더샘커버퍼펙션팁컨실러1.5내추럴베이지,더샘인터내셔날,1개
66274,Training|Validation,이/미용,화장품,컨실러,더샘인터내셔날)더샘커버퍼펙션팁컨실러1.5내추럴베이지,더샘인터내셔날,1개입
66271,Training|Validation,이/미용,화장품,컨실러,더샘인터내셔날)더샘커버퍼펙션팁컨실러그린베이지,더샘인터내셔날,1개입
66272,Training|Validation,이/미용,화장품,컨실러,더샘인터내셔날)더샘커버퍼펙션팁컨실러브라이트너,더샘인터내셔날,1개입
36098,Training|Validation,이/미용,화장품,컨실러,더샘인터내셔날)더샘커버퍼펙션팁컨실러컨투어베이지,더샘인터내셔날,1개
26117,Training|Validation,이/미용,화장품,컨실러,이니스프리 마이컨투어링5바삭바삭모카쿠키,이니스프리,1개
56021,Training|Validation,이/미용,화장품,컨실러,이니스프리)이니스프리톡톡립컨실러,이니스프리,3.5G
15492,Training|Validation,이/미용,화장품,컨실러,캐트리스 올라운드컨실러010 6G,캐트리스,6G
45564,Training|Validation,이/미용,화장품,컨실러,케이원코스메틱)캐트리스리퀴드캐머플라지하이커버리지컨실러020,케이원코스메틱,1개
25550,Training|Validation,이/미용,화장품,컨실러,코스노바 캐트리스리퀴드캐머플라지하이 커버리지컨실러005 5ML,코스노바,5ML
25581,Training|Validation,이/미용,화장품,컨실러,토니모리 더블커버팁컨실러 N03허니 1개입,토니모리,1개입
25580,Training|Validation,이/미용,화장품,컨실러,토니모리 더블커버팁컨실러 P02페탈 1개입,토니모리,1개입
25582,Training|Validation,이/미용,화장품,컨실러,토니모리 더블커버팁컨실러 Y01바닐라 1개입,토니모리,1개입
35508,Training|Validation,이/미용,화장품,컨실러,토니모리)토니모리더블커버스틱컨실러(01바닐라베이지),토니모리,1개입
35509,Training|Validation,이/미용,화장품,컨실러,토니모리)토니모리더블커버스틱컨실러(02미디엄베이지),토니모리,1개입
35510,Training|Validation,이/미용,화장품,컨실러,토니모리)토니모리더블커버스틱컨실러(03바핑크베이지),토니모리,1개입
45566,Training|Validation,이/미용,화장품,컨실러,토니모리)토니모리더블커버팁컨실러와이02베이지,토니모리,1개
45565,Training|Validation,이/미용,화장품,컨실러,토니모리)토니모리더블커버팁컨실러피01페어,토니모리,1개
10284,Training|Validation,이/미용,화장품,크림/밤/오일,참존징크플러스크림,기타,50ML
16006,Training|Validation,이/미용,화장품,크림/밤/오일,네이처리퍼블릭 수딩앤모이스처알로에베라클렌징젤크림150ML,네이처리퍼블릭,150ML
46107,Training|Validation,이/미용,화장품,크림/밤/오일,네이처리퍼블릭)네이처리퍼블릭맑은벚꽃생기크림,네이처리퍼블릭,55ML
26055,Training|Validation,이/미용,화장품,크림/밤/오일,더샘 샘물에어리코튼메이크업베이스01그린30ML,더샘,30ML
26056,Training|Validation,이/미용,화장품,크림/밤/오일,더샘 샘물에어리코튼메이크업베이스02라벤더30ML,더샘,30ML
66226,Training|Validation,이/미용,화장품,크림/밤/오일,더샘인터내셔날)더샘샘물에어리코튼메이크업베이스03그린베이지,더샘인터내셔날,30ML
46182,Training|Validation,이/미용,화장품,크림/밤/오일,더샘인터내셔날)더샘샘물페이스라이트너01그린라이트,더샘인터내셔날,30ML
46183,Training|Validation,이/미용,화장품,크림/밤/오일,더샘인터내셔날)더샘샘물페이스라이트너04밀크라이트,더샘인터내셔날,30ML
46184,Training|Validation,이/미용,화장품,크림/밤/오일,더샘인터내셔날)더샘샘물페이스라이트너05피치라이트,더샘인터내셔날,30ML
36013,Training|Validation,이/미용,화장품,크림/밤/오일,더샘인터내셔날)더샘케어플러스강화약쑥스팀크림,더샘인터내셔날,100ML
66248,Training|Validation,이/미용,화장품,크림/밤/오일,더샘인터내셔날)더샘케어플러스마누카허니크림,더샘인터내셔날,100ML
66239,Training|Validation,이/미용,화장품,크림/밤/오일,더샘인터내셔날)더샘케어플러스바오밥콜라겐크림,더샘인터내셔날,100ML
55706,Training|Validation,이/미용,화장품,크림/밤/오일,더페이스샵미감수브라이트마사지크림,더페이스샵,200ML
65588,Training|Validation,이/미용,화장품,크림/밤/오일,더페이스샵에어코튼메이크업베이스02라벤더,더페이스샵,35G
36022,Training|Validation,이/미용,화장품,크림/밤/오일,엔프라니)홀리카홀리카홀리팝블러크림,엔프라니,30ML
65929,Training|Validation,이/미용,화장품,크림/밤/오일,이니스프리)화산송이블랙헤드아웃밤,이니스프리,30G
56095,Training|Validation,이/미용,두발용품,트리트먼트/팩,네이처리퍼블릭)네이처리퍼블릭아르간에센셜딥케어헤어팩,네이처리퍼블릭,200ML
66220,Training|Validation,이/미용,두발용품,트리트먼트/팩,더샘인터내셔날)더샘실크헤어리페어트리트먼트,더샘인터내셔날,150ML
15672,Training|Validation,이/미용,두발용품,트리트먼트/팩,더페이스샵 리치핸드브이핸드앤풋토탈트리트먼트 110ML,더페이스샵,110ML
15488,Training|Validation,이/미용,두발용품,트리트먼트/팩,썬실크 코크리에이션스 스무스앤매니저블인텐시브 트리트먼트마스크 200ML,썬실크,200ML
25134,Training|Validation,이/미용,두발용품,트리트먼트/팩,아모레 려 자양윤모 탈모증상케어 두피모발트리트먼트300ML,아모레퍼시픽,300ML
25135,Training|Validation,이/미용,두발용품,트리트먼트/팩,아모레 려 함빛 극손상케어트리트먼트300ML,아모레퍼시픽,300ML
25133,Training|Validation,이/미용,두발용품,트리트먼트/팩,아모레 미쟝센 데미지케어 로즈프로틴트리트먼트330ML,아모레퍼시픽,330ML
25132,Training|Validation,이/미용,두발용품,트리트먼트/팩,아모레 미쟝센 에이징케어 파워베리트리트먼트330ML,아모레퍼시픽,330ML
25974,Training|Validation,이/미용,두발용품,트리트먼트/팩,아모레 제주녹차우려낸트리트먼트민감성300ML,아모레퍼시픽,300ML
15141,Training|Validation,이/미용,두발용품,트리트먼트/팩,아모레퍼시픽 려 자양윤모 탈모증상케어 두피모발 트리트먼트(모발)300ML,아모레퍼시픽,300ML
15147,Training|Validation,이/미용,두발용품,트리트먼트/팩,아모레퍼시픽 미쟝센 퍼펙트 세럼 오리지널 트리트먼트 330ML,아모레퍼시픽,330ML
45145,Training|Validation,이/미용,두발용품,트리트먼트/팩,아모레퍼시픽)미장센 퍼펙트 3분 살롱팩300ML,아모레퍼시픽,300ML
45080,Training|Validation,이/미용,두발용품,트리트먼트/팩,아모레퍼시픽)미쟝센데미지케어로즈프로틴트리트먼트180ML,아모레퍼시픽,180ML
45789,Training|Validation,이/미용,두발용품,트리트먼트/팩,아모레퍼시픽)미쟝센에이징케어파워베리트리트먼트,아모레퍼시픽,180ML
65148,Training|Validation,이/미용,두발용품,트리트먼트/팩,아모레퍼시픽려초의방프리미엄탈모증상케어헤어팩,아모레퍼시픽,300ML
55630,Training|Validation,이/미용,두발용품,트리트먼트/팩,애경케라시스어드밴스드리페어앰플트리트먼트,애경,750ML
65641,Training|Validation,이/미용,두발용품,트리트먼트/팩,애경케라시스어드밴스드모이스춰앰플트리트먼트,애경,750ML
55624,Training|Validation,이/미용,두발용품,트리트먼트/팩,애경케라시스어드밴스드볼륨앰플트리트먼트,애경,750ML
65536,Training|Validation,이/미용,두발용품,트리트먼트/팩,에스엔피코스메틱페인토즈컬러트리트먼트페인트블라썸핑크,에스엔피코스매틱,70ML
65532,Training|Validation,이/미용,두발용품,트리트먼트/팩,에스엔피코스메틱페인토즈컬러트리트먼트페인트실버애쉬,에스엔피코스매틱,70ML
65535,Training|Validation,이/미용,두발용품,트리트먼트/팩,에스엔피코스메틱페인토즈컬러트리트먼트페인트애쉬바이올렛,에스엔피코스매틱,70ML
65537,Training|Validation,이/미용,두발용품,트리트먼트/팩,에스엔피코스메틱페인토즈컬러트리트먼트페인트에메랄드그린,에스엔피코스매틱,70ML
65534,Training|Validation,이/미용,두발용품,트리트먼트/팩,에스엔피코스메틱페인토즈컬러트리트먼트페인트잉크레드,에스엔피코스매틱,70ML
65533,Training|Validation,이/미용,두발용품,트리트먼트/팩,에스엔피코스메틱페인토즈컬러트리트먼트페인트쿨블랙,에스엔피코스매틱,70ML
65500,Training|Validation,이/미용,두발용품,트리트먼트/팩,에스엔피코스메틱페인토즈컬러트리트먼트페인트플라밍고코랄,에스엔피코스매틱,70ML
25513,Training|Validation,이/미용,두발용품,트리트먼트/팩,에이원비앤에이치 라이프4.0 오트밀크트리트먼트 500ML,에이원비앤에이치,500ML
15669,Training|Validation,이/미용,두발용품,트리트먼트/팩,에이원비앤에이치 라이프4.0민트밀크트리트먼트 500ML,에이원비앤에이치,500ML
46095,Training|Validation,이/미용,두발용품,트리트먼트/팩,엔프라니)홀리카홀리카팝유어컬러헤어컬러트리트먼트블루밍핑크,엔프라니,50ML
45626,Training|Validation,이/미용,두발용품,트리트먼트/팩,LG생활건강)닥터벨머더마리페어트리트먼트,엘지생활건강,200ML
35652,Training|Validation,이/미용,두발용품,트리트먼트/팩,LG생활건강)엘라스틴실크리페어샤이닝베이비파우더트리트먼트,엘지생활건강,300ML
65654,Training|Validation,이/미용,두발용품,트리트먼트/팩,엘라스틴골드실크트리트먼트퍼펙트샤이닝윤기&영양강화,엘지생활건강,300ML
55139,Training|Validation,이/미용,두발용품,트리트먼트/팩,엘라스틴마린콜라겐탱글볼륨트리트먼트,엘지생활건강,300ML
15690,Training|Validation,이/미용,두발용품,트리트먼트/팩,엘지 엘라스틴딥모이스처트리트먼트 시어버터&피토케라틴 300ML,엘지생활건강,300ML
25136,Training|Validation,이/미용,두발용품,트리트먼트/팩,엘지 오가니스트 내추럴모로코아르간오일 영양트리트먼트280ML,엘지생활건강,280ML
45146,Training|Validation,이/미용,두발용품,트리트먼트/팩,엘지생활건강)엘라스틴 모르칸 아르간오일 집중영양 트리트먼트300ML,엘지생활건강,300ML
45171,Training|Validation,이/미용,두발용품,트리트먼트/팩,엘지생활건강)엘라스틴아미노펩타이드케어고영양모발케어트리트먼트,엘지생활건강,300ML
55164,Training|Validation,이/미용,두발용품,트리트먼트/팩,엘지생활건강엘라스틴아미노펩타이드케어(일랑일랑자스민),엘지생활건강,150ML
55165,Training|Validation,이/미용,두발용품,트리트먼트/팩,엘지생활건강엘라스틴아미노펩타이드케어(화이트로즈&피오니),엘지생활건강,150ML
65145,Training|Validation,이/미용,두발용품,트리트먼트/팩,엘지생활건강엘라스틴아미노펩타이드케어트리트먼트,엘지생활건강,300ML
45478,Training|Validation,이/미용,두발용품,트리트먼트/팩,예그리나)닥터방기원빠르펭머스크트리트먼트,예그리나,500ML
45477,Training|Validation,이/미용,두발용품,트리트먼트/팩,예그리나)닥터방기원빠르펭프루티트리트먼트,예그리나,500ML
40316,Training|Validation,이/미용,두발용품,트리트먼트/팩,오가닉팜코리아 헤어컬러트리트먼트 오렌지,오가닉,70ML
30245,Training|Validation,이/미용,두발용품,트리트먼트/팩,오가닉팜헤어테소르컬러트리트먼트(애쉬그레이),오가닉,70ML
45481,Training|Validation,이/미용,두발용품,트리트먼트/팩,유니레버)썬실크데미지리스토어인텐시브,유니레버,200ML
45637,Training|Validation,이/미용,두발용품,트리트먼트/팩,유니레버)썬실크데미지리스토어인텐시브트리트먼트마스크,유니레버,200ML
45638,Training|Validation,이/미용,두발용품,트리트먼트/팩,유니레버)썬실크코크리에이션스스무스앤매니저블인텐시브트리트먼트마스크,유니레버,200ML
15149,Training|Validation,이/미용,두발용품,트리트먼트/팩,팬틴 실키스무드케어씻어내는트리트먼트220ML,팬틴,220ML
25937,Training|Validation,이/미용,두발용품,트리트먼트/팩,팬틴 프로브이미셀라퓨어&클렌즈트리트먼트500G,팬틴,500G
55143,Training|Validation,이/미용,두발용품,트리트먼트/팩,팬틴프로브이컬러케어트리트먼트,팬틴,220ML
45609,Training|Validation,이/미용,두발용품,트리트먼트/팩,한국시세이도)츠바키데미지케어트리트먼트Na,한국시세이도,180G
56061,Training|Validation,이/미용,두발용품,트리트먼트/팩,한국피앤지판매유한회사)팬틴프로-브이미셀라퓨어&모이스트트리트먼트,한국피앤지,500G
16014,Training|Validation,이/미용,두발용품,트리트먼트/팩,홀리카홀리카 팝유어컬러헤어컬러트리트먼트포레스트그린50ML,홀리카홀리카,50ML
26050,Training|Validation,이/미용,두발용품,파마약,더샘 실크헤어체인지볼륨업,더샘,1개
65741,Training|Validation,이/미용,위생용품,퍼퓸비누,유니레버코리아라이프보이토탈10(바솝)10개입110G*10,유니레버코리아,1100G
65734,Training|Validation,이/미용,위생용품,퍼퓸비누,해피바스로맨틱체리블러섬퍼퓸비누(4개입)100G*4,해피바스,400G
65735,Training|Validation,이/미용,위생용품,퍼퓸비누,해피바스퓨어코튼플라워퍼퓸비뉴(4개입)100G*5,해피바스,500G
56113,Training|Validation,이/미용,위생용품,페이셜클렌저,네이처리퍼블리)네이처리퍼블릭수딩앤모이스처알로에베라폼클렌저,네이처리퍼블리,150ML
26059,Training|Validation,이/미용,위생용품,페이셜클렌저,네이처리퍼블릭 제주탄산머드클렌징크림215ML,네이처리퍼블릭,215ML
26061,Training|Validation,이/미용,위생용품,페이셜클렌저,네이처리퍼블릭 제주탄산머드폼클렌저150ML,네이처리퍼블릭,150ML
26060,Training|Validation,이/미용,위생용품,페이셜클렌저,네이처리퍼블릭 제주탄산폼클렌저150ML,네이처리퍼블릭,150ML
26062,Training|Validation,이/미용,위생용품,페이셜클렌저,네이처리퍼블릭 콜라겐드림비타민C캡슐폼클렌저150ML,네이처리퍼블릭,150ML
16059,Training|Validation,이/미용,위생용품,페이셜클렌저,네이처리퍼블릭 프레시허브알로에클렌징폼170ML,네이처리퍼블릭,170ML
16060,Training|Validation,이/미용,위생용품,페이셜클렌저,네이처리퍼블릭 프레시허브피치클렌징폼170ML,네이처리퍼블릭,170ML
66250,Training|Validation,이/미용,위생용품,페이셜클렌저,네이처리퍼블릭)그린더마마일드시카폼클렌저,네이처리퍼블릭,150ML
35994,Training|Validation,이/미용,위생용품,페이셜클렌저,네이처리퍼블릭)네이처리퍼블릭데일리프레시그린티클렌징폼,네이처리퍼블릭,300ML
35993,Training|Validation,이/미용,위생용품,페이셜클렌저,네이처리퍼블릭)네이처리퍼블릭데일리프레시피치클렌징폼,네이처리퍼블릭,300ML
46084,Training|Validation,이/미용,위생용품,페이셜클렌저,네이처리퍼블릭)네이처리퍼블릭리얼네이처알로에클렌징크림,네이처리퍼블릭,200ML
56085,Training|Validation,이/미용,위생용품,페이셜클렌저,네이처리퍼블릭)네이처리퍼블릭비타페어씨폼클렌저,네이처리퍼블릭,150ML
56112,Training|Validation,이/미용,위생용품,페이셜클렌저,네이처리퍼블릭)네이처리퍼블릭제주탄삼폼클렌저,네이처리퍼블릭,300ML
25265,Training|Validation,이/미용,위생용품,페이셜클렌저,뉴트로지나 딥클린에너자이징생기충전포밍클렌저100G,뉴트로지나,100G
25263,Training|Validation,이/미용,위생용품,페이셜클렌저,뉴트로지나 딥클린포밍클렌저 100G,뉴트로지나,100G
25264,Training|Validation,이/미용,위생용품,페이셜클렌저,뉴트로지나 딥클린하이드로쿠션클렌저 100G,뉴트로지나,100G
55263,Training|Validation,이/미용,위생용품,페이셜클렌저,니베아맨오일컨트롤훼이스워시폼,니베아,100G
26076,Training|Validation,이/미용,위생용품,페이셜클렌저,더샘 바이오솔루션수분히알루론산클렌징폼150ML,더샘,150ML
66240,Training|Validation,이/미용,위생용품,페이셜클렌저,더샘인터내셔날)더샘내추럴컨디션클렌징폼크리미휩더블휩2개입번들,더샘인터내셔날,300ML
35995,Training|Validation,이/미용,위생용품,페이셜클렌저,더샘인터내셔날)더샘바이오솔루션광채멀티비타민클렌징폼,더샘인터내셔날,150ML
35996,Training|Validation,이/미용,위생용품,페이셜클렌저,더샘인터내셔날)더샘바이오솔루션탄력콜라겐클렌징폼,더샘인터내셔날,150ML
56073,Training|Validation,이/미용,위생용품,페이셜클렌저,더샘인터내셔날)더샘힐링티가든루이보스티클렌징폼(탱탱탄력),더샘인터내셔날,150ML
15612,Training|Validation,이/미용,위생용품,페이셜클렌저,더페이스샵 허브데이365마스터블렌딩페이셜클렌징폼 레몬앤자몽 170ML,더페이스샵,170ML
45602,Training|Validation,이/미용,위생용품,페이셜클렌저,더페이스샵)미감수브라이트페이셜쌀겨클렌징폼,더페이스샵,150ML
45601,Training|Validation,이/미용,위생용품,페이셜클렌저,더페이스샵)미감수브라이트페이셜클렌징폼,더페이스샵,150ML
45598,Training|Validation,이/미용,위생용품,페이셜클렌저,더페이스샵)허브데이365마스터블렌딩페이셜클렌징폼(아세로라앤블루베리),더페이스샵,170ML
45604,Training|Validation,이/미용,위생용품,페이셜클렌저,더페이스샵)허브데이365마스터블렌딩페이셜클렌징폼(알로에앤그린티),더페이스샵,170ML
55611,Training|Validation,이/미용,위생용품,페이셜클렌저,더페이스샵더테라피에센셜포뮬러클렌징폼,더페이스샵,150ML
65765,Training|Validation,이/미용,위생용품,페이셜클렌저,더페이스샵허브데이365마스터블렌딩페이셜클렌징폼,더페이스샵,170ML
55644,Training|Validation,이/미용,위생용품,페이셜클렌저,더페이스샵화이트씨드엑스폴리에이팅폼클렌저,더페이스샵,150ML
65529,Training|Validation,이/미용,위생용품,페이셜클렌저,로토제약아크네스포밍워시,로토제약,200ML
45923,Training|Validation,이/미용,위생용품,페이셜클렌저,맨담)비페스타클렌징무스폼모이스트(포밍휩모이스트),맨담코리아,180G
15610,Training|Validation,이/미용,위생용품,페이셜클렌저,센카 퍼펙트화이트클레이클렌징폼 120G,센카 퍼,120G
45900,Training|Validation,이/미용,위생용품,페이셜클렌저,신세계인터코스)디어앤퓨어마일드버블클렌저,신세계인터코스,150ML
25485,Training|Validation,이/미용,위생용품,페이셜클렌저,십일번가 싸이닉 더심플마일드폼클렌저 120ML,싸이닉,120ML
25487,Training|Validation,이/미용,위생용품,페이셜클렌저,십일번가 싸이닉 코코넛클렌징폼 150ML,싸이닉,150ML
25269,Training|Validation,이/미용,위생용품,페이셜클렌저,아모레 해피바스 씨솔트딥클렌징폼딥클렌징150G,아모레퍼시픽,150G
25266,Training|Validation,이/미용,위생용품,페이셜클렌저,아모레 해피바스 티트리아크네클렌징폼150G,아모레퍼시픽,150G
35080,Training|Validation,이/미용,위생용품,페이셜클렌저,아모레퍼시픽)라이스보습클렌징폼200G,아모레퍼시픽,200G
35081,Training|Validation,이/미용,위생용품,페이셜클렌저,아모레퍼시픽)어성초모공클렌징폼200G,아모레퍼시픽,200G
45081,Training|Validation,이/미용,위생용품,페이셜클렌저,아모레퍼시픽)정말순한페이셜요거트폼120G,아모레퍼시픽,120G
35976,Training|Validation,이/미용,위생용품,페이셜클렌저,아모레퍼시픽)해피바스솝베리오리지널버블폼,아모레퍼시픽,300ML
45693,Training|Validation,이/미용,위생용품,페이셜클렌저,애경)포인트딥클린클렌징크림,애경,300ML
35973,Training|Validation,이/미용,위생용품,페이셜클렌저,애경)포인트딥클린휩클렌징폼,애경,175G
25471,Training|Validation,이/미용,위생용품,페이셜클렌저,얜즈코퍼레이션 아크네스 크리미워시 130G,앤즈코퍼레이션,130G
25486,Training|Validation,이/미용,위생용품,페이셜클렌저,앱솔브랩 셀리맥스 베이킹소다딥포어지우개폼클렌징 150ML,앱솔브랩,150ML
45611,Training|Validation,이/미용,위생용품,페이셜클렌저,에이블씨엔씨)미샤수퍼아쿠아울트라히알론클렌징크림,에이블씨앤씨,200ML
45606,Training|Validation,이/미용,위생용품,페이셜클렌저,에이블씨엔씨)미샤수퍼아쿠아울트라히알론포밍클렌저,에이블씨앤씨,200ML
16057,Training|Validation,이/미용,위생용품,페이셜클렌저,엔프라니 네추어비비더네추럴검정콩180ML,엔프라니,180ML
16058,Training|Validation,이/미용,위생용품,페이셜클렌저,엔프라니 네추어비비더네추럴쌀뜨물180ML,엔프라니,180ML
36047,Training|Validation,이/미용,위생용품,페이셜클렌저,엔프라니)화이트셀폼클렌저,엔프라니,100ML
45603,Training|Validation,이/미용,위생용품,페이셜클렌저,LG생활건강)닥터벨머데일리리페어폼클렌저,엘지생활건강,150ML
35651,Training|Validation,이/미용,위생용품,페이셜클렌저,LG생활건강)온더바디더내추럴아보카도순한클렌징폼,엘지생활건강,200G
45692,Training|Validation,이/미용,위생용품,페이셜클렌저,LG생활건강)온더바디더내추럴촉촉한올리브클렌징폼,엘지생활건강,200G
35176,Training|Validation,이/미용,위생용품,페이셜클렌저,LG생활건강)온더바디수분듬뿍베리에센스생크림폰30G,엘지생활건강,30G
35650,Training|Validation,이/미용,위생용품,페이셜클렌저,LG생활건강)온더바디포어톡스딥클렌징폼,엘지생활건강,175G
15609,Training|Validation,이/미용,위생용품,페이셜클렌저,엘지 닥터밸머아미노클리어아크네클렌징폼 150ML,엘지생활건강,150ML
15519,Training|Validation,이/미용,위생용품,페이셜클렌저,엘지 닥터밸머아미노클리어클렌징폼 100ML,엘지생활건강,100ML
15518,Training|Validation,이/미용,위생용품,페이셜클렌저,엘지 닥터벨머클렌징앤선케어듀오키트 100ML+30ML(번들),엘지생활건강,130ML
25281,Training|Validation,이/미용,위생용품,페이셜클렌저,엘지 온더바디 라이스테라피 쌀눈브라이트닝폼클렌저150G,엘지생활건강,150G
25268,Training|Validation,이/미용,위생용품,페이셜클렌저,엘지 온더바디 라이스테라피쌀겨토탈폼클렌저110G,엘지생활건강,110G
25267,Training|Validation,이/미용,위생용품,페이셜클렌저,엘지 온더바디 히말라야핑크솔트클렌징폼200ML,엘지생활건강,200ML
55600,Training|Validation,이/미용,위생용품,페이셜클렌저,엘지생활건강닥터벨머아미노클리어,엘지생활건강,150ML
55265,Training|Validation,이/미용,위생용품,페이셜클렌저,온더바디더내추럴산뜻한레몬클렌징폼,온더바디,120G
55257,Training|Validation,이/미용,위생용품,페이셜클렌저,온더바디라이스테라피쌀겨토탈폼클렌저,온더바디,150G
66002,Training|Validation,이/미용,위생용품,페이셜클렌저,웰코스)듀이트리하이아미노올클렌저,웰코스,150ML
60237,Training|Validation,이/미용,위생용품,페이셜클렌저,유니레버폰즈오일컨트롤페이셜폼,유니레버코리아,100G
45600,Training|Validation,이/미용,위생용품,페이셜클렌저,코스나인)노멀노모어블루테라피안티레드니스폼클렌저,코스나인,150G
45607,Training|Validation,이/미용,위생용품,페이셜클렌저,코스나인)노멀노모어안티드라이크림폼클렌저,코스나인,150G
35845,Training|Validation,이/미용,위생용품,페이셜클렌저,코스비전)이니스프리더미니멈페이셜클렌저포센서티브스킨,코스비전,70ML
55936,Training|Validation,이/미용,위생용품,페이셜클렌저,코스알엑스)코스알엑스살리실산데일리젠틀클렌저,코스알엑스,150ML
25262,Training|Validation,이/미용,위생용품,페이셜클렌저,클린앤클리어 에센셜훼이셜포밍클렌저150ML,클린앤클리어,150ML
45613,Training|Validation,이/미용,위생용품,페이셜클렌저,토니모리)토니모리원더깔라만톡스클렌저,토니모리,150ML
65501,Training|Validation,이/미용,위생용품,페이셜클렌저,토니모리프로클린스모키스크럽딥클렌징폼,토니모리,150ML
55603,Training|Validation,이/미용,위생용품,페이셜클렌저,토니모리호박즙폼클렌저,토니모리,120ML
45605,Training|Validation,이/미용,위생용품,페이셜클렌저,한국시세이도)센카올클리어더블더블유,한국시세이도,120G
45612,Training|Validation,이/미용,위생용품,페이셜클렌저,한국시세이도)센카퍼펙트휩페이셜워시,한국시세이도,120G
15686,Training|Validation,이/미용,위생용품,페이셜클렌저,한국존슨앤드존슨 클린앤드클리어 딥액션폼클렌저 120G,한국존슨앤드존슨,120G
45495,Training|Validation,이/미용,위생용품,페이셜클렌저,한국콜마)아크네스더마릴리프모이스처폼클렌저,한국콜마,125ML
25282,Training|Validation,이/미용,위생용품,페이셜클렌저,한국화장품 홈앤키즈버블클렌저250ML,한국화장품제조,250ML
65539,Training|Validation,이/미용,위생용품,페이셜클렌저,해피바스솝베리오리지널클렌징폼,해피바스,150G
55259,Training|Validation,이/미용,위생용품,페이셜클렌저,해피바스솝베리퓨어올그린클렌징폼,해피바스,150G
65540,Training|Validation,이/미용,위생용품,페이셜클렌저,해피바스씨솔트딥클렌징폼,해피바스,150G
55260,Training|Validation,이/미용,위생용품,페이셜클렌저,해피바스전말순한페이셜오거트폼,해피바스,120G
55258,Training|Validation,이/미용,위생용품,페이셜클렌저,해피바스화이트클레이모공클렌징폼,해피바스,200G
16062,Training|Validation,이/미용,위생용품,페이셜클렌저,홀리카홀리카 데일리가든이천백미브라이트클렌징폼120ML,홀리카홀리카,120ML
16061,Training|Validation,이/미용,위생용품,페이셜클렌저,홀리카홀리카 데일리프레시촉촉올리브클렌징폼150ML,홀리카홀리카,150ML
15968,Training|Validation,이/미용,위생용품,페이셜팩류,네이처리퍼블릭 리얼스퀴즈알로에베라필오프팩120ML,네이처리퍼블릭,120ML
66251,Training|Validation,이/미용,위생용품,페이셜팩류,네이처리퍼블릭)리얼스퀴즈알로에베라슬리핑팩,네이처리퍼블릭,160ML
25984,Training|Validation,이/미용,위생용품,페이셜팩류,더샘 루에스떼모델링마스크참숯55G,더샘,55G
25985,Training|Validation,이/미용,위생용품,페이셜팩류,더샘 루에스떼모델링마스크히알루론산55G,더샘,55G
25253,Training|Validation,이/미용,위생용품,페이셜팩류,리더스 메디유아미노클리어링마스크 5매,리더스,5매
25252,Training|Validation,이/미용,위생용품,페이셜팩류,리더스 인솔루션 아쿠아링거 스킨 클리닉 마스크 5매,리더스,5매
25613,Training|Validation,이/미용,위생용품,페이셜팩류,리더스코스메틱 리더스인솔루션바세린모이스처마스크 5매입,리더스코,5매입
45688,Training|Validation,이/미용,위생용품,페이셜팩류,리더스코스메틱)리더스인솔루션바세린너리싱마스크,리더스코스메틱,27ML
45249,Training|Validation,이/미용,위생용품,페이셜팩류,리더스코스메틱)아미노리프팅마스크5매입,리더스코스메틱,5매입
45248,Training|Validation,이/미용,위생용품,페이셜팩류,리더스코스메틱)아미노에이씨~프리마스크5매입,리더스코스메틱,5매입
35492,Training|Validation,이/미용,위생용품,페이셜팩류,린제이앤코스)콜라겐모델링마스크컵팩,린제이앤코스,28G
35488,Training|Validation,이/미용,위생용품,페이셜팩류,린제이앤코스)쿨티트리모델링마스크컵팩,린제이앤코스,28G
55214,Training|Validation,이/미용,위생용품,페이셜팩류,메디힐엔엠에프안티더스트카밍마스크,메디힐,5개입
55215,Training|Validation,이/미용,위생용품,페이셜팩류,메디힐촉촉베리비타마스크,메디힐,4매
55216,Training|Validation,이/미용,위생용품,페이셜팩류,메디힐탱글석류비타마스크,메디힐,4매
25507,Training|Validation,이/미용,위생용품,페이셜팩류,미샤 프리미엄핑크알로에수딩젤리마스크 5매입,미샤,5매입
35496,Training|Validation,이/미용,위생용품,페이셜팩류,셀랩)해서린딥클린티트리필오프팩(각질청정),셀랩,170G
35495,Training|Validation,이/미용,위생용품,페이셜팩류,셀랩)해서린쿨카밍티트리워시오프팩(모공청정),셀랩,170G
45260,Training|Validation,이/미용,위생용품,페이셜팩류,셀랩)해서린포어클리어화이트코팩1.4G,셀랩,1.4G
25612,Training|Validation,이/미용,위생용품,페이셜팩류,아모레 일리윤영양스킨꿀마스크 7매,아모레퍼시픽,7매
25611,Training|Validation,이/미용,위생용품,페이셜팩류,아모레 일리윤진정스킨어성초마스크 7매,아모레퍼시픽,7매
45252,Training|Validation,이/미용,위생용품,페이셜팩류,에스디생명공학)에스엔피제주휴화산송이마스크10매입,에스디생명공학,10매입
55213,Training|Validation,이/미용,위생용품,페이셜팩류,에스엔피바다제비집아쿠아피팅셀마스크,에스엔피코스매틱,5매입
55211,Training|Validation,이/미용,위생용품,페이셜팩류,에스엔피제주휴그린티마스크,에스엔피코스매틱,10개입
55210,Training|Validation,이/미용,위생용품,페이셜팩류,에스엔피제주휴마린워터마스크,에스엔피코스매틱,10개입
15700,Training|Validation,이/미용,위생용품,페이셜팩류,엔코스 일리윤수분스민녹차마스크 7매,엔코스,7매
45253,Training|Validation,이/미용,위생용품,페이셜팩류,엔코스)메디힐피기맘쏙쏙코팩18G,엔코스,18G
25256,Training|Validation,이/미용,위생용품,페이셜팩류,엘앤피 메디힐 티트리안티더스트카밍마스크 5개입,엘앤피코스메틱,5개입
25257,Training|Validation,이/미용,위생용품,페이셜팩류,엘앤피 이지티 타임톡스겔팔자주름패치14G,엘앤피코스메틱,14G
45251,Training|Validation,이/미용,위생용품,페이셜팩류,엘앤피코스메틱)메디힐티트리케어솔루션에센셜마스크이엑스5매입,엘앤피코스메틱,5개입
25254,Training|Validation,이/미용,위생용품,페이셜팩류,이시스 메디힐 콜라겐 임팩트에센셜마스크이엑스 5개입,이시스코스메틱,5개입
55527,Training|Validation,이/미용,위생용품,페이셜팩류,이시스코스메틱메디힐티트리케어솔루션에센셜마스크이엑스4개입,이시스코스메틱,4개입
25255,Training|Validation,이/미용,위생용품,페이셜팩류,지디케이 메디힐 투명레몬비타마스크 4개입,지디케이,4개입
25924,Training|Validation,이/미용,위생용품,페이셜팩류,진코스텍 하이로우알로에시트마스크5매,진코스텍,5매
66224,Training|Validation,이/미용,위생용품,페이셜팩류,진코스텍)하이로우석류,진코스텍,5개입
66225,Training|Validation,이/미용,위생용품,페이셜팩류,진코스텍)하이로우진주,진코스텍,5개입
45250,Training|Validation,이/미용,위생용품,페이셜팩류,코리아코스팩)에스엔피애니멀타이거링클마스크5매입,코리아코스팩,5매입
45953,Training|Validation,이/미용,위생용품,페이셜팩류,코바스)듀이셀리프팅마스크,코바스,16G
45286,Training|Validation,이/미용,위생용품,페이셜팩류,코바스)해서린포어클리어블랙코팩16매입,코바스,16매입
65939,Training|Validation,이/미용,위생용품,페이셜팩류,클리오)구달맑은어성초진정마스크3+1기획4매입,클리오,120G
45913,Training|Validation,이/미용,위생용품,페이셜팩류,한국콜마)슈렉아임더리얼슈렉팩,한국콜마,110G
65184,Training|Validation,이/미용,위생용품,풋캐어,엘지생활건강)온더바디발꿈치매끈하자 풋크림55ML,엘지생활건강,55ML
25258,Training|Validation,이/미용,위생용품,풋케어,그린에이드 에프쓰리 스텐레스 각질리무버 1개입,그린에이드,1개입
25260,Training|Validation,이/미용,위생용품,풋케어,그린에이드 에프쓰리 에스라인풋파일 1개입,그린에이드,1개입
25259,Training|Validation,이/미용,위생용품,풋케어,그린에이드 에프쓰리 이지그립콘커터 1개입,그린에이드,1개입
65963,Training|Validation,이/미용,위생용품,풋케어,네오팜)더마피우레어9.8풋크림,네오팜,80ML
66174,Training|Validation,이/미용,위생용품,풋케어,더샘인터내셔날)더샘디어마이풋벨벳크림,더샘인터내셔날,100ML
66175,Training|Validation,이/미용,위생용품,풋케어,더샘인터내셔날)더샘디어마이풋스크럽클렌저,더샘인터내셔날,100ML
55218,Training|Validation,이/미용,위생용품,풋케어,에프쓰리시스템즈세이프티각질면도기,에프쓰리,1개입
35998,Training|Validation,이/미용,위생용품,풋케어,LG생활건강)온더바디발을씻자코튼풋샴푸프레쉬레몬향,엘지생활건강,510ML
25170,Training|Validation,이/미용,위생용품,풋케어,엘지생활건강)온더바디 발각질 벗자 풋필링 스프레이240ML,엘지생활건강,240ML
66170,Training|Validation,이/미용,위생용품,풋케어,엘지생활건강)온더바디발을씻자코튼풋샴푸,엘지생활건강,385ML
45550,Training|Validation,이/미용,위생용품,풋케어,오리리블루)니켈풋파일,오리리블루,1개
55458,Training|Validation,이/미용,위생용품,풋케어,온더바디발을씻자코튼풋샴푸프레쉬레몬민트향,온더바디,385ML
56051,Training|Validation,이/미용,위생용품,풋케어,유니레버코리아)바세린풋크림딥모이스처,유니레버코리아,110G
46185,Training|Validation,이/미용,위생용품,핸드워시/손세정제,네이처리퍼블릭)네이처리퍼블릭핸드앤네이처세니타이저겔(동백),네이처리퍼블릭,30ML
46135,Training|Validation,이/미용,위생용품,핸드워시/손세정제,네이처리퍼블릭)네이처리퍼블릭핸드엔네이처세니타이저젤(사과),네이처리퍼블릭,30ML
46136,Training|Validation,이/미용,위생용품,핸드워시/손세정제,네이처리퍼블릭)네이처리퍼블릭핸드엔네이처세니타이저젤(장미),네이처리퍼블릭,30ML
56110,Training|Validation,이/미용,위생용품,핸드워시/손세정제,네이처리퍼블릭)핸드앤네이처클린핸드솝망고,네이처리퍼블릭,250ML
56109,Training|Validation,이/미용,위생용품,핸드워시/손세정제,네이처리퍼블릭)핸드앤네이처클린핸드솝체리블라썸,네이처리퍼블릭,250ML
15940,Training|Validation,이/미용,위생용품,핸드워시/손세정제,더샘 가든플래져핸드워시매그놀리아250G,더샘,250G
15941,Training|Validation,이/미용,위생용품,핸드워시/손세정제,더샘 가든플래져핸드크림매그놀리아250G,더샘,205G
46178,Training|Validation,이/미용,위생용품,핸드워시/손세정제,더샘인터내셔날)더샘퍼퓸드핸드클린겔(프레쉬그린티향),더샘인터내셔날,30ML
46177,Training|Validation,이/미용,위생용품,핸드워시/손세정제,더샘인터내셔날)더샘퍼퓸드핸드클린겔(핑크피오니향),더샘인터내셔날,30ML
55633,Training|Validation,이/미용,위생용품,핸드워시/손세정제,더페이스샵숲속친구들버블핸드워시,더페이스샵,250ML
15681,Training|Validation,이/미용,위생용품,핸드워시/손세정제,라이온 아이깨끗해향균폼핸드솝 블루밍퍼플 250ML,라이온코리아,250ML
35606,Training|Validation,이/미용,위생용품,핸드워시/손세정제,라이온코리아 아이깨끗해 향균폼핸드솝 상큼한레몬향 250ML,라이온코리아,250ML
45690,Training|Validation,이/미용,위생용품,핸드워시/손세정제,라이온코리아)아이!깨끗해항균폼핸드솝순,라이온코리아,250ML
45691,Training|Validation,이/미용,위생용품,핸드워시/손세정제,라이온코리아)아이!깨끗해항균폼핸드솝청포도향,라이온코리아,250ML
55672,Training|Validation,이/미용,위생용품,핸드워시/손세정제,라이온코리아아이!깨끗해항균FOAMHANDSOAP리필달콤한청포도향,라이온코리아,200ML
55670,Training|Validation,이/미용,위생용품,핸드워시/손세정제,라이온코리아아이!깨끗해항균FOAMHANDSOAP리필보송보송파우더향,라이온코리아,200ML
55671,Training|Validation,이/미용,위생용품,핸드워시/손세정제,라이온코리아아이!깨끗해항균FOAMHANDSOAP리필블루밍퍼플,라이온코리아,200ML
55669,Training|Validation,이/미용,위생용품,핸드워시/손세정제,라이온코리아아이!깨끗해항균FOAMHANDSOAP리필상큼한레몬향,라이온코리아,200ML
65209,Training|Validation,이/미용,위생용품,핸드워시/손세정제,무궁화항균버블핸드워시,무궁화,250ML
15682,Training|Validation,이/미용,위생용품,핸드워시/손세정제,베베숲 아이캔포밍핸드워시포키즈 메론향 250ML,베베숲,250ML
15683,Training|Validation,이/미용,위생용품,핸드워시/손세정제,베베숲 아이캔포밍핸드워시포키즈 순파우더향 250ML,베베숲,250ML
55255,Training|Validation,이/미용,위생용품,핸드워시/손세정제,베비언스버블핸드워시레몬향(사이사이로버블핸드워시),베비언스,270ML
65175,Training|Validation,이/미용,위생용품,핸드워시/손세정제,씨제이이엔엠)신비아파트신비한버블핸드워시라벤더향250G,씨제이이엔엠,250G
65178,Training|Validation,이/미용,위생용품,핸드워시/손세정제,씨제이이엔엠)신비아파트신비한버블핸드워시오렌지향250G,씨제이이엔엠,250G
35602,Training|Validation,이/미용,위생용품,핸드워시/손세정제,아모레 브이프로텍트향균버블핸드워시 250ML,아모레퍼시픽,250ML
15311,Training|Validation,이/미용,위생용품,핸드워시/손세정제,아모레 해피바스 레몬이랑손씻자250ML,아모레퍼시픽,250ML
15310,Training|Validation,이/미용,위생용품,핸드워시/손세정제,아모레 해피바스 키위랑손씻자250ML,아모레퍼시픽,250ML
65170,Training|Validation,이/미용,위생용품,핸드워시/손세정제,아모레퍼시픽)해피바스라일락앤라벤더버블핸드워시250ML,아모레퍼시픽,250ML
65169,Training|Validation,이/미용,위생용품,핸드워시/손세정제,아모레퍼시픽)해피바스레몬이랑손씻자버블핸드워시250ML,아모레퍼시픽,250ML
15684,Training|Validation,이/미용,위생용품,핸드워시/손세정제,애경 랩신 V3센서티브포밍핸드워시 250ML,애경,250ML
15680,Training|Validation,이/미용,위생용품,핸드워시/손세정제,애경 말랑이버블핸드워시 블루베리향 300ML,애경,300ML
35242,Training|Validation,이/미용,위생용품,핸드워시/손세정제,애경)랩신V3센서티브포밍핸드워시200ML,애경,200ML
65166,Training|Validation,이/미용,위생용품,핸드워시/손세정제,애경)랩신V3센서티브포밍핸드워시280ML,애경,280ML
35171,Training|Validation,이/미용,위생용품,핸드워시/손세정제,애경)랩신V3컬러체인징포밍핸드워시(베리향)250ML,애경,250ML
35244,Training|Validation,이/미용,위생용품,핸드워시/손세정제,애경)랩신V3컬러체인징포밍핸드워시베리향200ML,애경,200ML
65165,Training|Validation,이/미용,위생용품,핸드워시/손세정제,애경)랩신V3토탈포밍핸드워시86ML,애경,250ML
55667,Training|Validation,이/미용,위생용품,핸드워시/손세정제,애경랩신V3토탈포밍핸드워시파우더리허브향,애경,250ML
55668,Training|Validation,이/미용,위생용품,핸드워시/손세정제,애경말랑카우를좋아하는말랑이버블핸드워시바나나우유향,애경,300ML
66481,Training|Validation,이/미용,위생용품,핸드워시/손세정제,엘시시)몽글몽글거품비누달콤한포도향400ML,엘시시,400ML
66479,Training|Validation,이/미용,위생용품,핸드워시/손세정제,엘시시)몽글몽글거품비누상큼한레몬향400ML,엘시시,400ML
66480,Training|Validation,이/미용,위생용품,핸드워시/손세정제,엘시시)몽글몽글거품비누새콤한석류향400ML,엘시시,400ML
35202,Training|Validation,이/미용,위생용품,핸드워시/손세정제,LG새왈건강)세이프프렌즈버블향균핸드워시리틀어피치파우더향500ML,엘지생활건강,500ML
45625,Training|Validation,이/미용,위생용품,핸드워시/손세정제,LG생활건강)더내추럴순한핸드워시올리브향,엘지생활건강,300ML
35734,Training|Validation,이/미용,위생용품,핸드워시/손세정제,LG생활건강)세이프프렌즈버블항균핸드워시리틀어피치시트러스향,엘지생활건강,400ML
35230,Training|Validation,이/미용,위생용품,핸드워시/손세정제,LG생활건강)세이프프렌즈버블향균핸드워시리틀어피치시트러스향500ML,엘지생활건강,500ML
15678,Training|Validation,이/미용,위생용품,핸드워시/손세정제,엘지 디펜덱스향균핸드워시 250ML,엘지생활건강,250ML
25272,Training|Validation,이/미용,위생용품,핸드워시/손세정제,엘지 사이사이로버블핸드워시 청포도향 270ML,엘지생활건강,270ML
15679,Training|Validation,이/미용,위생용품,핸드워시/손세정제,엘지 히말라야핑크솔트핸드워시 250ML,엘지생활건강,250ML
65159,Training|Validation,이/미용,위생용품,핸드워시/손세정제,엘지생활건강)세균아꼼짝마향균핸드워시액상형480ML,엘지생활건강,480ML
65158,Training|Validation,이/미용,위생용품,핸드워시/손세정제,엘지생활건강)온더바디더내츄럴순한핸드워시촉촉올리브300ML,엘지생활건강,300M
65160,Training|Validation,이/미용,위생용품,핸드워시/손세정제,엘지생활건강)온더바디디펜덱스버블향균핸드워시파우더향500ML,엘지생활건강,500ML
65517,Training|Validation,이/미용,위생용품,핸드워시/손세정제,엘지생활건강메소드거품형핸드워시씨미네랄향,엘지생활건강,300ML
65288,Training|Validation,이/미용,위생용품,핸드워시/손세정제,엘지생활건강베비언스버블핸드워시레몬향,엘지생활건강,450ML
65290,Training|Validation,이/미용,위생용품,핸드워시/손세정제,엘지생활건강베비언스버블핸드워시베이비파우더향,엘지생활건강,450ML
65289,Training|Validation,이/미용,위생용품,핸드워시/손세정제,엘지생활건강베비언스버블핸드워시청포도향,엘지생활건강,450ML
65512,Training|Validation,이/미용,위생용품,핸드워시/손세정제,온더바디순한핸드워시산뜻레몬버베나,온더바디,300ML
35245,Training|Validation,이/미용,위생용품,핸드워시/손세정제,유한양행)해피홈세이프365포밍핸드워시무향400ML,유한양행,400ML
35243,Training|Validation,이/미용,위생용품,핸드워시/손세정제,유한양행)해피홈세이프365포밍핸드워시핑크포레향400ML,유한양행,400ML
25961,Training|Validation,이/미용,위생용품,핸드워시/손세정제,롯데쇼핑 초이스엘거품형핸드워시라벤더리필형450ML,초이스엘,450ML
26035,Training|Validation,이/미용,위생용품,핸드워시/손세정제,롯데쇼핑 초이스엘거품형핸드워시레몬500ML,초이스엘,500ML
66258,Training|Validation,이/미용,위생용품,핸드워시/손세정제,코리아코스팩)아이빌리뷰클린투클린핸드세니타이저겔,코리아코스팩,120ML
75010,Training|Validation,이/미용,위생용품,핸드워시/손세정제,태남메디코스)밀크바오밥패밀리핸드워시,태남메디코스,300ML
35607,Training|Validation,이/미용,위생용품,핸드워시/손세정제,태남생활건강 밀크바오밥패밀리핸드워시 리필용 250ML,태남생활건강,250ML
56071,Training|Validation,이/미용,위생용품,핸드워시/손세정제,한국디비케이)초이스엘거품형핸드워시라벤더,한국디비케이,500ML
66202,Training|Validation,이/미용,위생용품,핸드워시/손세정제,희붐)닥터스크린겔(에탄올),희붐,150ML
35464,Training|Validation,이/미용,위생용품,핸드크램,아모레퍼시픽)한율자연을닮은핸드크림자초,아모레퍼시픽,50ML
20281,Training|Validation,이/미용,위생용품,핸드크림,과일나라우우에퐁당딸기핸드크림,과일나라,60G
56123,Training|Validation,이/미용,위생용품,핸드크림,네이처리퍼블릭)네이처리퍼블릭캘리포니아알로에베라핸드크림,네이처리퍼블릭,50ML
46153,Training|Validation,이/미용,위생용품,핸드크림,네이처리퍼블릭)네이처리퍼블릭핸드앤네이처그린티핸드크림,네이처리퍼블릭,30ML
46152,Training|Validation,이/미용,위생용품,핸드크림,네이처리퍼블릭)네이처리퍼블릭핸드앤네이처라임핸드크림,네이처리퍼블릭,30ML
46151,Training|Validation,이/미용,위생용품,핸드크림,네이처리퍼블릭)네이처리퍼블릭핸드앤네이처릴리핸드크림,네이처리퍼블릭,30ML
46179,Training|Validation,이/미용,위생용품,핸드크림,네이처리퍼블릭)네이처리퍼블릭핸드앤네이처복숭아핸드크림,네이처리퍼블릭,30ML
46156,Training|Validation,이/미용,위생용품,핸드크림,네이처리퍼블릭)네이처리퍼블릭핸드앤네이처시어버터핸드크림,네이처리퍼블릭,30ML
46149,Training|Validation,이/미용,위생용품,핸드크림,네이처리퍼블릭)네이처리퍼블릭핸드앤네이처아보카도핸드크림,네이처리퍼블릭,30ML
46148,Training|Validation,이/미용,위생용품,핸드크림,네이처리퍼블릭)네이처리퍼블릭핸드앤네이처아카시아핸드크림,네이처리퍼블릭,30ML
46155,Training|Validation,이/미용,위생용품,핸드크림,네이처리퍼블릭)네이처리퍼블릭핸드앤네이처애플망고핸드크림,네이처리퍼블릭,30ML
46150,Training|Validation,이/미용,위생용품,핸드크림,네이처리퍼블릭)네이처리퍼블릭핸드앤네이처자몽핸드크림,네이처리퍼블릭,30ML
46180,Training|Validation,이/미용,위생용품,핸드크림,네이처리퍼블릭)네이처리퍼블릭핸드앤네이처체리블라썸핸드크림,네이처리퍼블릭,30ML
46147,Training|Validation,이/미용,위생용품,핸드크림,네이처리퍼블릭)네이처리퍼블릭핸드앤네이처코튼베이비핸드크림,네이처리퍼블릭,30ML
46154,Training|Validation,이/미용,위생용품,핸드크림,네이처리퍼블릭)네이처리퍼블릭핸드앤네이처프리지어핸드크림,네이처리퍼블릭,30ML
56125,Training|Validation,이/미용,위생용품,핸드크림,네이처리퍼블릭)더샘어반딜라이트핸드모이스처라이저이노센트블라썸,네이처리퍼블릭,50ML
15561,Training|Validation,이/미용,위생용품,핸드크림,뉴트로지나 인텐스리페어핸드크림 56G,뉴트로지나,56G
25981,Training|Validation,이/미용,위생용품,핸드크림,더샘 어반딜라이트핸드크림빈티지부케50ML,더샘,50ML
25982,Training|Validation,이/미용,위생용품,핸드크림,더샘 퓨어밀크핸드크림50ML,더샘,50ML
56077,Training|Validation,이/미용,위생용품,핸드크림,더샘인터내셔날)더샘가든플레져핸드크림린넨코튼,더샘인터내셔날,250G
56081,Training|Validation,이/미용,위생용품,핸드크림,더샘인터내셔날)더샘퍼퓸드핸드라이트에센스(그레이프프루츠),더샘인터내셔날,30ML
56129,Training|Validation,이/미용,위생용품,핸드크림,더샘인터내셔날)더샘퍼퓸드핸드라이트에센스레몬&민트,더샘인터내셔날,30ML
56131,Training|Validation,이/미용,위생용품,핸드크림,더샘인터내셔날)더샘퍼퓸드핸드라이트에센스아프리콧,더샘인터내셔날,30ML
56130,Training|Validation,이/미용,위생용품,핸드크림,더샘인터내셔날)더샘퍼퓸드핸드라이트에센스피치블라썸,더샘인터내셔날,30ML
46181,Training|Validation,이/미용,위생용품,핸드크림,더샘인터내셔날)더샘퍼퓸드핸드모이스처라이저(블랙베리),더샘인터내셔날,30ML
56134,Training|Validation,이/미용,위생용품,핸드크림,더샘인터내셔날)더샘퍼퓸드핸드모이스처라이저아카시아,더샘인터내셔날,30ML
56082,Training|Validation,이/미용,위생용품,핸드크림,더샘인터내셔날)더샘퍼퓸드핸드쉐어버터(가든로즈),더샘인터내셔날,30ML
56083,Training|Validation,이/미용,위생용품,핸드크림,더샘인터내셔날)더샘퍼퓸드핸드쉐어버터(클린코튼),더샘인터내셔날,30ML
56084,Training|Validation,이/미용,위생용품,핸드크림,더샘인터내셔날)더샘퍼퓸드핸드쉐어버터(플로랄머스크),더샘인터내셔날,30ML
56132,Training|Validation,이/미용,위생용품,핸드크림,더샘인터내셔날)더샘퍼퓸드핸드쉐어버터소프트파우더,더샘인터내셔날,30ML
56126,Training|Validation,이/미용,위생용품,핸드크림,더샘인터내셔날)더샘퍼퓸드핸드에센스그레이프프루츠,더샘인터내셔날,30ML
56127,Training|Validation,이/미용,위생용품,핸드크림,더샘인터내셔날)더샘퍼퓸드핸드에센스매그놀리아,더샘인터내셔날,30ML
56080,Training|Validation,이/미용,위생용품,핸드크림,더샘인터내셔날)더샘퍼퓸드핸드크림(베이비파우더),더샘인터내셔날,30ML
56133,Training|Validation,이/미용,위생용품,핸드크림,더샘인터내셔날)더샘퍼퓸드핸드크림아이리스,더샘인터내셔날,30ML
56128,Training|Validation,이/미용,위생용품,핸드크림,더샘인터내셔날)더샘퍼퓸드핸드크림아프리콧살구추출물,더샘인터내셔날,30ML
25572,Training|Validation,이/미용,위생용품,핸드크림,더페이스샵 데일리퍼퓸핸드크림 01로즈워터 30ML,더페이스샵,30ML
25568,Training|Validation,이/미용,위생용품,핸드크림,더페이스샵 데일리퍼퓸핸드크림 02자몽스파클링 30ML,더페이스샵,30ML
25569,Training|Validation,이/미용,위생용품,핸드크림,더페이스샵 데일리퍼퓸핸드크림 06체리블라썸 30ML,더페이스샵,30ML
25570,Training|Validation,이/미용,위생용품,핸드크림,더페이스샵 데일리퍼퓸핸드크림 07리얼피치 30ML,더페이스샵,30ML
25571,Training|Validation,이/미용,위생용품,핸드크림,더페이스샵 데일리퍼퓸핸드크림 10스노우코튼 30ML,더페이스샵,30ML
45641,Training|Validation,이/미용,위생용품,핸드크림,더페이스샵)다육이핸드크림01굿럭,더페이스샵,30ML
45577,Training|Validation,이/미용,위생용품,핸드크림,더페이스샵)더페이스샵시어버터고보습핸드버터,더페이스샵,50ML
45578,Training|Validation,이/미용,위생용품,핸드크림,더페이스샵)더페이스샵올리브윤기보습핸드버터,더페이스샵,50ML
45579,Training|Validation,이/미용,위생용품,핸드크림,더페이스샵)데일리퍼퓸핸드크림03애플팝,더페이스샵,30ML
45580,Training|Validation,이/미용,위생용품,핸드크림,더페이스샵)데일리퍼퓸핸드크림04베리믹스,더페이스샵,30ML
45581,Training|Validation,이/미용,위생용품,핸드크림,더페이스샵)데일리퍼퓸핸드크림05그린티,더페이스샵,30ML
45582,Training|Validation,이/미용,위생용품,핸드크림,더페이스샵)데일리퍼퓸핸드크림09오키드,더페이스샵,30ML
65644,Training|Validation,이/미용,위생용품,핸드크림,더페이스샵다육이핸드크림03굿데이,더페이스샵,30ML
65643,Training|Validation,이/미용,위생용품,핸드크림,더페이스샵다육이핸드크립02굿잡,더페이스샵,30ML
55502,Training|Validation,이/미용,위생용품,핸드크림,루리화장품닥터바이오너리싱핸드크림,루리화장,80ML
65522,Training|Validation,이/미용,위생용품,핸드크림,마인드디저트멈칫멜팅핸드크림,마인드디,50ML
55578,Training|Validation,이/미용,위생용품,핸드크림,미샤데어바디핸드크림5성급호텔칭구,미샤,30ML
65584,Training|Validation,이/미용,위생용품,핸드크림,미샤데어바디핸드크림산타모니카해변,미샤,30ML
35655,Training|Validation,이/미용,위생용품,핸드크림,바이어스도르프)니베아프로텍티브케어허니비즈왁스핸드크림,바이어스도르프코리아,75ML
35173,Training|Validation,이/미용,위생용품,핸드크림,바이어스도르프)아트릭스스트롱프로텍션카모마일크림250ml,바이어스도르프코리아,250ML
15923,Training|Validation,이/미용,위생용품,핸드크림,바이어스도르프코리아 아트릭스핸드앤네일케어모이스춰라이저400ML,바이어스도르프코리아,400ML
35915,Training|Validation,이/미용,위생용품,핸드크림,롯데쇼핑)발레아핸드로션버터밀크앤레몬,발레아,100ML
35653,Training|Validation,이/미용,위생용품,핸드크림,버너스)카밀핸드&네일크림센시티브,버너스,75ML
45788,Training|Validation,이/미용,위생용품,핸드크림,버너스지엠비에이치)카밀핸드&네일크림스위티,버너스지엠비에이치,75ML
65587,Training|Validation,이/미용,위생용품,핸드크림,비욘드클래식핸드크림미라클넛트,비욘드클,30ML
65586,Training|Validation,이/미용,위생용품,핸드크림,비욘드클래식핸드크림인테시브토탈리커버리,비욘드클,30ML
65585,Training|Validation,이/미용,위생용품,핸드크림,비욘드클래식핸드크림젤리바이탈,비욘드클,30ML
65683,Training|Validation,이/미용,위생용품,핸드크림,수미인터네셔널히말라야너리싱핸드크림,수미인터,50ML
45944,Training|Validation,이/미용,위생용품,핸드크림,썬힐코퍼레이션)달란디올리브퓨어올리브오일인텐시브케어크림울트라모이스처라이징,썬힐코퍼레이션,20ML
65960,Training|Validation,이/미용,위생용품,핸드크림,썬힐코퍼레이션)달란디올리브퓨어올리브오일인텐시브케어크림울트라모이스처라이징50ML,썬힐코퍼레이션,50ML
65959,Training|Validation,이/미용,위생용품,핸드크림,썬힐코퍼레이션)달란디올리브퓨어올리브오일핸드앤바디크림너리싱75ML,썬힐코퍼레이션,75ML
55905,Training|Validation,이/미용,위생용품,핸드크림,씨제이올리브영)브링그린티룸핸드크림스트로베리티,씨제이올리브영,30ML
66047,Training|Validation,이/미용,위생용품,핸드크림,씨제이올리브영)브링그린티룸핸드크림플라워티,씨제이올리브영,30ML
66048,Training|Validation,이/미용,위생용품,핸드크림,씨제이올리브영)브링그린티룸핸드크림화이트플라워티,씨제이올리브영,30ML
15553,Training|Validation,이/미용,위생용품,핸드크림,아모레 한울 자연을닮은핸드크림 빨간쌀 50ML,아모레퍼시픽,50ML
25729,Training|Validation,이/미용,위생용품,핸드크림,아모레 해피바스그린릴리프48HR고보습핸드크림 75ML,아모레퍼시픽,75ML
45486,Training|Validation,이/미용,위생용품,핸드크림,아모레퍼시픽)한율자연을닮은핸드크림달빛유자,아모레퍼시픽,50ML
35463,Training|Validation,이/미용,위생용품,핸드크림,아모레퍼시픽)한율자연을닮은핸드크림서리태,아모레퍼시픽,50ML
35462,Training|Validation,이/미용,위생용품,핸드크림,아모레퍼시픽)한율자연을닮은핸드크림어린쑥,아모레퍼시픽,50ML
45485,Training|Validation,이/미용,위생용품,핸드크림,아모레퍼시픽)한율자연을닮은핸드크림흰감국,아모레퍼시픽,50ML
65891,Training|Validation,이/미용,위생용품,핸드크림,아모레퍼시픽)해피바스로즈에센스스무드핸드로션,아모레퍼시픽,50ML
46138,Training|Validation,이/미용,위생용품,핸드크림,엔프라니)엔프라니스네일뉴트리션핸드크림,엔프라니,80ML
46197,Training|Validation,이/미용,위생용품,핸드크림,엔프라니)홀리카홀리카퍼퓸드핸드크림런더리클린,엔프라니,30ML
36103,Training|Validation,이/미용,위생용품,핸드크림,엔프라니)홀리카홀리카퍼퓸드핸드크림레이니로즈트리,엔프라니,30ML
26159,Training|Validation,이/미용,위생용품,핸드크림,엔프라니)홀리카홀리카퍼퓸드핸드크림바이올렛스파클링,엔프라니,30ML
46134,Training|Validation,이/미용,위생용품,핸드크림,엔프라니)홀리카홀리카퍼퓸드핸드크림재스민부케,엔프라니,30ML
16114,Training|Validation,이/미용,위생용품,핸드크림,엔프라니)홀리카홀리카퍼퓸드핸드크림코튼베베,엔프라니,30ML
46133,Training|Validation,이/미용,위생용품,핸드크림,엔프라니)홀리카홀리카퍼퓸드핸드크림프리지아블루밍,엔프라니,30ML
16113,Training|Validation,이/미용,위생용품,핸드크림,엔프라니)홀리카홀리카퍼퓸드핸드크림피치데이트,엔프라니,30ML
36020,Training|Validation,이/미용,위생용품,핸드크림,엔프라니)홀리카홀리카페코짱핸드크림망고시트러스스윗페코에디션,엔프라니,30ML
A30005,Training|Validation,이/미용,위생용품,핸드크림,(주)엘시시아트릭스스트롱프로텍션크림,엘시시,75ML
65185,Training|Validation,이/미용,위생용품,핸드크림,엘시시)니베아모이스춰케어올리브핸드75ML,엘시시,75ML
45156,Training|Validation,이/미용,위생용품,핸드크림,엘시시)핸드앤네일케어 모이스춰라이저400ML,엘시시,400ML
45642,Training|Validation,이/미용,위생용품,핸드크림,LG생활건강)닥터벨머어드밴스드시카리커버리핸드크림,엘지생활건강,60ML
35241,Training|Validation,이/미용,위생용품,핸드크림,LG생활건강)온더바디스윗리틀라이언핸드크림60ML,엘지생활건강,60ML
35240,Training|Validation,이/미용,위생용품,핸드크림,LG생활건강)온더바디스윗리틀어피치핸드크림60ML,엘지생활건강,60ML
35239,Training|Validation,이/미용,위생용품,핸드크림,LG생활건강)온더바디스윗리틀튜브핸드크림60ML,엘지생활건강,60ML
25574,Training|Validation,이/미용,위생용품,핸드크림,엘지 비욘드 클래식핸드크림 데일리디펜스 30ML,엘지생활건강,30ML
25576,Training|Validation,이/미용,위생용품,핸드크림,엘지 비욘드 클래식핸드크림 딥모이스처 30ML,엘지생활건강,30ML
25575,Training|Validation,이/미용,위생용품,핸드크림,엘지 비욘드 클래식핸드크림 리프팅모이스처 30ML,엘지생활건강,30ML
65186,Training|Validation,이/미용,위생용품,핸드크림,엘지생활건강)온더바디스윗리틀라이언 핸드크림(달콤한 머스크향)30ML,엘지생활건강,30ML
65187,Training|Validation,이/미용,위생용품,핸드크림,엘지생활건강)온더바디스윗리틀라이언핸드크림(상큼한베리향)30ML,엘지생활건강,30ML
65531,Training|Validation,이/미용,위생용품,핸드크림,온더바디스윗리틀라이언핸드크림(2개입),온더바디,30ML*2
65509,Training|Validation,이/미용,위생용품,핸드크림,웰코스끌레르바이로즈앤자스민,웰코스,80ML
65508,Training|Validation,이/미용,위생용품,핸드크림,웰코스끌레르바이핸드크림레몬버베나,웰코스,80ML
65507,Training|Validation,이/미용,위생용품,핸드크림,웰코스끌레르바이핸드크림파우더리머스키앤아이리스,웰코스,80ML
65495,Training|Validation,이/미용,위생용품,핸드크림,웰코스메리트플라워가든리본앤로즈딥모이스처핸드크림,웰코스,50G
65544,Training|Validation,이/미용,위생용품,핸드크림,웰코스메리트플라워가든쉐어버터앤모링가리치모이스트핸드크림,웰코스,50G
65496,Training|Validation,이/미용,위생용품,핸드크림,웰코스메리트플라워가든아로마앤라벤더딥모이스처핸드크림,웰코스,50G
36001,Training|Validation,이/미용,위생용품,핸드크림,유니레버)바세린인텐시브케어헬씨핸드앤스트롱거네일로션,유니레버,400ML
45787,Training|Validation,이/미용,위생용품,핸드크림,유니레버)바세린인텐시브케어헬씨핸드앤스트롱거네일로션,유니레버,60ML
65514,Training|Validation,이/미용,위생용품,핸드크림,이시스코스메틱아쿠아머스크퍼퓸핸드겔크림,이시스코스메틱,50ML
66046,Training|Validation,이/미용,위생용품,핸드크림,제너럴브랜즈)더프앤도프트소피플라워너리싱핸드크림,제너럴브랜즈,50ML
55906,Training|Validation,이/미용,위생용품,핸드크림,제너럴브랜즈)더프트앤도프트스톡홀름로즈너리싱핸드크림,제너럴브랜즈,50ML
55496,Training|Validation,이/미용,위생용품,핸드크림,지엘카밀핸드크림인텐시브,지엘,100ML
55497,Training|Validation,이/미용,위생용품,핸드크림,지엘카밀핸드크림클래식,지엘,100ML
55495,Training|Validation,이/미용,위생용품,핸드크림,지엘카밀핸드크림허벌,지엘,100ML
65909,Training|Validation,이/미용,위생용품,핸드크림,지엘커뮤니케이션즈)카밀핸드&네일크림프레쉬,지엘커뮤니케이션즈,75ML
66079,Training|Validation,이/미용,위생용품,핸드크림,케이엠제약)초이스엘CHOICEL촉촉한핸드크림75ML,케이엠제약,75ML
45881,Training|Validation,이/미용,위생용품,핸드크림,코스비전)이니스프리그린티퓨어젤핸드크림,코스비전,50ML
45877,Training|Validation,이/미용,위생용품,핸드크림,코스비전)이니스프리동백핸드앤큐티클밤,코스비전,50ML
45880,Training|Validation,이/미용,위생용품,핸드크림,코스비전)이니스프리올리브리얼모이스처핸드크림,코스비전,50ML
45878,Training|Validation,이/미용,위생용품,핸드크림,코스비전)이니스프리유채꿀핸드버터,코스비전,50ML
45879,Training|Validation,이/미용,위생용품,핸드크림,코스비전)이니스프리제주한란핸드크림,코스비전,50ML
45884,Training|Validation,이/미용,위생용품,핸드크림,코스온)이니스프리제주라이프퍼퓸드핸드크림12월한밤의유자차,코스온,30ML
45885,Training|Validation,이/미용,위생용품,핸드크림,코스온)이니스프리제주라이프퍼퓸드핸드크림2월트로픽셔벗,코스온,30ML
45887,Training|Validation,이/미용,위생용품,핸드크림,코스온)이니스프리제주라이프퍼퓸드핸드크림3월라일락골목,코스온,30ML
45886,Training|Validation,이/미용,위생용품,핸드크림,코스온)이니스프리제주라이프퍼퓸드핸드크림7월핑크코랄,코스온,30ML
45883,Training|Validation,이/미용,위생용품,핸드크림,코스온)이니스프리제주라이프퍼퓸드핸드크림8월스카이서핑,코스온,30ML
15568,Training|Validation,이/미용,위생용품,핸드크림,토니모리 센트오브더데이핸드크림 쏘로맨틱 30ML,토니모리,30ML
15567,Training|Validation,이/미용,위생용품,핸드크림,토니모리 센트오브더데이핸드크림 쏘프레쉬 30ML,토니모리,30ML
15540,Training|Validation,이/미용,위생용품,핸드크림,토니모리 아임그린티핸드크림 30ML,토니모리,30ML
25533,Training|Validation,이/미용,위생용품,핸드크림,토니모리 아임시어버터핸드크림 30ML,토니모리,30ML
15577,Training|Validation,이/미용,위생용품,핸드크림,토니모리 아임아카시아핸드크림 30ML,토니모리,30ML
25557,Training|Validation,이/미용,위생용품,핸드크림,토니모리 피치핸드크림 30G,토니모리,30G
65542,Training|Validation,이/미용,위생용품,핸드크림,토니모리아임아보카도핸드크림,토니모리,30ML
55921,Training|Validation,이/미용,위생용품,핸드크림,트랜드아이)더블유드레스룸퍼퓸핸드크림베이비그린티50ML,트랜드아이,50ML
55922,Training|Validation,이/미용,위생용품,핸드크림,트랜드아이)더블유드레스룸퍼퓸핸드크림화이트솝50ML,트랜드아이,50ML
65174,Training|Validation,이/미용,위생용품,핸드크림,한국존슨앤존슨)뉴트로지나인텐스리페어핸드크림56G,한국존슨앤존슨,56G
55961,Training|Validation,이/미용,위생용품,핸드크림,한국콜마)더프트앤도프트소피소피너리싱핸드크림,한국콜마,50ML
45882,Training|Validation,이/미용,위생용품,핸드크림,한국콜마)더프트앤도프트엔젤스코튼너리싱핸드크림,한국콜마,50ML
55960,Training|Validation,이/미용,위생용품,핸드크림,한국콜마)더프트앤도프트핑크브리즈너리싱핸드크림,한국콜마,50ML
55962,Training|Validation,이/미용,위생용품,핸드크림,한국콜마)브링그린티룸핸드크림시트론티,한국콜마,30ML
55963,Training|Validation,이/미용,위생용품,핸드크림,한국콜마)브링그린티룸핸드크림청귤에이드,한국콜마,30ML
55964,Training|Validation,이/미용,위생용품,핸드크림,한국콜마)브링그린티룸핸드크림피치아이스티,한국콜마,30ML
45493,Training|Validation,이/미용,화장품,향수,다비드화장품)쉘러버쉬폰향수1992.소피아,다비드화장품,80ML
45492,Training|Validation,이/미용,화장품,향수,더마밀)라르끄에이엠08:00,더마밀,80ML
66033,Training|Validation,이/미용,화장품,향수,에이케이인터내셔널)마이달리아패브릭퍼퓸그레이프프룻(자몽),에이케이인터네셔날,100ML
66003,Training|Validation,이/미용,화장품,향수,에이케이인터내셔널)마이달리아패브릭퍼퓸그린그레이프(청포도),에이케이인터네셔날,100ML
45939,Training|Validation,이/미용,화장품,향수,에이케이인터내셔널)마이달리아패브릭퍼퓸애플블라썸(사과),에이케이인터네셔날,100ML
45938,Training|Validation,이/미용,화장품,향수,에이케이인터내셔널)마이달리아패브릭퍼퓸플럼(자두),에이케이인터네셔날,100ML
45901,Training|Validation,이/미용,화장품,향수,엔베코코스메틱)달리아패브릭퍼퓸오렌지피버,엔베코코스메틱,100ML
45940,Training|Validation,이/미용,화장품,향수,트랜드아이)더블유드레스룸드레스&리빙클리어퍼퓸,트랜드아이,70ML
55888,Training|Validation,이/미용,화장품,향수,퍼스트엘앤씨잇퓸그린,퍼스트엘앤씨,3.12G
55887,Training|Validation,이/미용,화장품,향수,퍼스트엘앤씨잇퓸옐로,퍼스트엘앤씨,3.12G
55886,Training|Validation,이/미용,화장품,향수,퍼스트엘앤씨잇퓸코랄,퍼스트엘앤씨,3.12G
55885,Training|Validation,이/미용,화장품,향수,퍼스트엘앤씨잇퓸핑크,퍼스트엘앤씨,3.12G
56108,Training|Validation,이/미용,두발용품,헤어무스/젤,네이처리퍼블릭)네이처리퍼블릭허브스타일링헤어젤,네이처리퍼블릭,300ML
56115,Training|Validation,이/미용,두발용품,헤어무스/젤,더샘인터내셔날)더샘실크헤어스타일픽스젤,더샘인터내셔날,300ML
55719,Training|Validation,이/미용,두발용품,헤어무스/젤,더페이스샵에센셜스타일업헤어젤,더페이스샵,400G
25270,Training|Validation,이/미용,두발용품,헤어무스/젤,리다파인코스메틱스 갸스비스타일링젤슈퍼하드60G,리다파인,60G
45610,Training|Validation,이/미용,두발용품,헤어무스/젤,에이블씨엔씨)미샤프로큐어트랜스타일하드헤어젤,에이블씨앤씨,200G
55146,Training|Validation,이/미용,두발용품,헤어무스/젤,엘라스틴퍼펙트프리즈헤어젤,엘지생활건강,200ML
65503,Training|Validation,이/미용,두발용품,헤어무스/젤,토니모리퍼스널헤어하드스타일링젤,토니모리,200ML
45616,Training|Validation,이/미용,두발용품,헤어미스트,더페이스샵)에센셜데미지케어헤어미스트,더페이스샵,150ML
56050,Training|Validation,이/미용,두발용품,헤어브러쉬,네이처리퍼블릭)네이처리퍼블릭뷰티풀샴푸브러쉬,네이처리퍼블릭,1개입
45689,Training|Validation,이/미용,두발용품,헤어브러쉬,칠성산업)엣지디탱글브러시(소),롯데칠성음료,1개입
45903,Training|Validation,이/미용,두발용품,헤어브러쉬,씨제이올리브영)필리밀리두피마사지샴푸브러시(민트),씨제이올리브영,1개입
45904,Training|Validation,이/미용,두발용품,헤어브러쉬,씨제이올리브영)필리밀리두피마사지샴푸브러시(화이트),씨제이올리브영,1개입
65924,Training|Validation,이/미용,두발용품,헤어브러쉬,이니스프리)브러시클리닝패드&홀더,이니스프리,1개입
15490,Training|Validation,이/미용,화장품,헤어브러쉬/롤,LF 헤어롤세트 3P 리틀라이언,기타,3개입
55696,Training|Validation,이/미용,두발용품,헤어브러쉬/롤,레드인덱스포켓미니우드브러쉬,레드인덱스,28.5G
25893,Training|Validation,이/미용,화장품,헤어브러쉬/롤,씨제이올리브영 필리밀리드라이롤브러시1개입,씨제이올리브영,1개입
25892,Training|Validation,이/미용,화장품,헤어브러쉬/롤,씨제이올리브영 필리밀리미니헤어롤브러시피치1개입,씨제이올리브영,1개입
25894,Training|Validation,이/미용,화장품,헤어브러쉬/롤,씨제이올리브영 필리밀리알루미늄포킹브러시1개입,씨제이올리브영,1개입
65965,Training|Validation,이/미용,화장품,헤어브러쉬/롤,씨제이올리브영)필리밀리앞머리헤어롤12CM*5CM,씨제이올리브영,1개입
55945,Training|Validation,이/미용,화장품,헤어브러쉬/롤,씨제이올리브영)필리밀리헤어롤핀2P,씨제이올리브영,2개입
15605,Training|Validation,이/미용,화장품,헤어브러쉬/롤,에이원스 롤링캔헤어롤 1개입,에이원스,1개입
15604,Training|Validation,이/미용,화장품,헤어브러쉬/롤,에이원스 헤어볼륨집게 2P,에이원스,2P
55484,Training|Validation,이/미용,두발용품,헤어브러쉬/롤,에이원스헤어롤,에이원스,1개입
55956,Training|Validation,이/미용,화장품,헤어브러쉬/롤,트랜서핑)필리밀리로켓헤어볼륨집게,트랜서핑,2개입
15606,Training|Validation,이/미용,화장품,헤어브러쉬/롤,한국쉬즈라인 빌트업헤어롤 1개입,한국쉬즈라인,1개입
15607,Training|Validation,이/미용,두발용품,헤어브러쉬/롤,한국쉬즈라인 샴푸브러시 1개입,한국쉬즈라인,1개입
25279,Training|Validation,이/미용,두발용품,헤어스프레이,갸스비셋앤킵스프레이슈퍼하드핸디 67ML,갸스비,67ML
56120,Training|Validation,이/미용,두발용품,헤어스프레이,네이처리퍼블릭)네이처리퍼블릭허브스타일링워터세팅스프레이,네이처리퍼블릭,210ML
36008,Training|Validation,이/미용,두발용품,헤어스프레이,네이처리퍼블릭)네이처리퍼블릭허브스타일링헤어스프레이,네이처리퍼블릭,520ML
56117,Training|Validation,이/미용,두발용품,헤어스프레이,더샘인터내셔날)더샘실크헤어스타일스프레이,더샘인터내셔날,300ML
56116,Training|Validation,이/미용,두발용품,헤어스프레이,더샘인터내셔날)더샘실크헤어스타일워터스프레이,더샘인터내셔날,150ML
55601,Training|Validation,이/미용,두발용품,헤어스프레이,더페이스샵픽스온워터스프레이,더페이스샵,200ML
55141,Training|Validation,이/미용,두발용품,헤어스프레이,루시도엘헤어스프레이슈퍼하드,루시도엘,293ML
25870,Training|Validation,이/미용,두발용품,헤어스프레이,맨담코리아 갸스비무빙락스프레이엑스트라하드253ML,맨담코리아,253ML
25871,Training|Validation,이/미용,두발용품,헤어스프레이,맨담코리아 갸스비스타일링스프레이매트&하드헤어스프레이200ML,맨담코리아,200ML
65157,Training|Validation,이/미용,두발용품,헤어스프레이,맨담코리아갸스비셋&킵스프레이슈퍼하드(헤어스프레이),맨담코리아,264ML
65156,Training|Validation,이/미용,두발용품,헤어스프레이,맨담코리아갸스비왁스킵스프레이울트메이트프리즈,맨담코리아,183ML
A30014,Training|Validation,이/미용,두발용품,헤어스프레이,(주)승일아르드포헤어스프레이,승일,1EA
15135,Training|Validation,이/미용,두발용품,헤어스프레이,승일 엘라스틴 맥스 스프레이 초강력 수퍼하드280ML,승일,280ML
15136,Training|Validation,이/미용,두발용품,헤어스프레이,승일 퍼펙트 플로럴향 무광 300ML,승일,300ML
35145,Training|Validation,이/미용,두발용품,헤어스프레이,승일)스타일케어헤어스프레이300ML,승일,300ML
55637,Training|Validation,이/미용,두발용품,헤어스프레이,승일더페이스샵스타일리스트헤어스프레이,승일더페,300ML
35497,Training|Validation,이/미용,두발용품,헤어스프레이,시세이도)마쉐리컬셋로션EX(헤어세팅미스트),시세이도,200ML
15688,Training|Validation,이/미용,두발용품,헤어스프레이,아모레 미쟝센 스테이지콜렉션 텍스쳐이블락킹워터스프레이 200ML,아모레퍼시픽,200ML
55142,Training|Validation,이/미용,두발용품,헤어스프레이,엘라스틴맨인매트엑스트라홀드스프레이,엘지생활건강,200ML
45924,Training|Validation,이/미용,두발용품,헤어스프레이,제이피에스코스메틱)다슈포맨메가홀드슈퍼스프레이,제이피에스코스메틱,250ML
35144,Training|Validation,이/미용,두발용품,헤어스프레이,지에스켐)퍼펙트세럼스프레이300ML,지에스켐,300ML
65137,Training|Validation,이/미용,두발용품,헤어스프레이,코스모코스스타일리쉬09달콤한과일향,코스모스,300ML
65138,Training|Validation,이/미용,두발용품,헤어스프레이,코스모코스스타일리쉬09향긋한꽃향기,코스모스,300ML
65530,Training|Validation,이/미용,두발용품,헤어스프레이,토니모리퍼스널헤어슈퍼하드헤어스프레이,토니모리,300ML
66219,Training|Validation,이/미용,두발용품,헤어에센스,더샘인터내셔날)더샘실크헤어리페어모이스트미스트,더샘인터내셔날,150ML
66218,Training|Validation,이/미용,두발용품,헤어에센스,더샘인터내셔날)더샘실크헤어리페어오일,더샘인터내셔날,80ML
45615,Training|Validation,이/미용,두발용품,헤어에센스,더페이스샵)더페이스샵에센셜데미지케어헤어에센스,더페이스샵,150ML
45599,Training|Validation,이/미용,두발용품,헤어에센스,더페이스샵)더페이스샵에센셜스타일업컬링에센스,더페이스샵,150ML
55602,Training|Validation,이/미용,두발용품,헤어에센스,더페이스샵에센셜데미지케어헤어오일,더페이스샵,100ML
35588,Training|Validation,이/미용,두발용품,헤어에센스,비에스코스텍 라입R3아르간헤어오일 100ML,비에스코,100ML
35601,Training|Validation,이/미용,두발용품,헤어에센스,비에스코스텍 라입R3아르간헤어오일베이비파우더 100ML,비에스코,100ML
55739,Training|Validation,이/미용,두발용품,헤어에센스,비에스코스텍)라입R3아르간헤어오일러블리,비에스코스텍,100ML
60238,Training|Validation,이/미용,두발용품,헤어에센스,스킨팜바디헤어미스트핑크블러썸향,스킨팜바,50ML
35499,Training|Validation,이/미용,두발용품,헤어에센스,시세이도)마쉐리헤어오일EX,시세이도,60ML
75037,Training|Validation,이/미용,두발용품,헤어에센스,아모레 미쟝센 컬링라인컬링에센스2X 150ML,아모레퍼시픽,150ML
25718,Training|Validation,이/미용,두발용품,헤어에센스,아모레 미쟝센컬링라인컬링에센스2X숏스타일 150ML,아모레퍼시픽,150ML
35656,Training|Validation,이/미용,두발용품,헤어에센스,아모레퍼시픽)미쟝센컬링라인컬링에센스2X숏스타일,아모레퍼시픽,150ML
35170,Training|Validation,이/미용,두발용품,헤어에센스,아모레퍼시픽)미쟝센퍼펙트코코워터세럼80ML,아모레퍼시픽,80ML
55160,Training|Validation,이/미용,두발용품,헤어에센스,아모레퍼시픽미쟝센퍼펙트로즈퍼퓸세럼,아모레퍼시픽,80ML
55162,Training|Validation,이/미용,두발용품,헤어에센스,아모레퍼시픽미쟝센퍼펙트세럼슈퍼리치,아모레퍼시픽,80ML
55163,Training|Validation,이/미용,두발용품,헤어에센스,아모레퍼시픽미쟝센퍼펙트세럼오리지널,아모레퍼시픽,80ML
55161,Training|Validation,이/미용,두발용품,헤어에센스,아모레퍼시픽미쟝센퍼펙트스타일링세럼,아모레퍼시픽,80ML
55483,Training|Validation,이/미용,두발용품,헤어에센스,애경케라시스케라마이드리치세럼,애경,70ML
56079,Training|Validation,이/미용,두발용품,헤어에센스,엔프라니)홀리카홀리카비오틴데미지케어오일미스트,엔프라니,120ML
56078,Training|Validation,이/미용,두발용품,헤어에센스,엔프라니)홀리카홀리카비오틴데미지케어오일세럼,엔프라니,80ML
15865,Training|Validation,이/미용,두발용품,헤어에센스,엘지 엘라스틴실크리페어밀키에센스150ML,엘지생활건강,150ML
65161,Training|Validation,이/미용,두발용품,헤어에센스,엘지생활건강)엘라스틴카멜리아블랙컬링에센스135ML,엘지생활건강,135ML
55166,Training|Validation,이/미용,두발용품,헤어에센스,엘지생활건강엘라스틴카멜리아블랙헤어에센스미스트,엘지생활건강,80ML
45920,Training|Validation,이/미용,두발용품,헤어에센스,지디케이)스웨거헤어하이드레이터웰트컬크림,지디케이,100G
15539,Training|Validation,이/미용,두발용품,헤어에센스,토니모리 퍼스널헤어모이스처웨이브로션 200ML,토니모리,200ML
65541,Training|Validation,이/미용,두발용품,헤어에센스,토니모리메이크에이치디헤어로션,토니모리,430ML
56119,Training|Validation,이/미용,두발용품,헤어왁스,네이처리퍼블릭)네이처리퍼블릭아프리카버드옴므울트라하드왁스,네이처리퍼블릭,100G
55897,Training|Validation,이/미용,두발용품,헤어왁스,다슈코리아)다슈포맨오리지널슈퍼매트왁스,다슈코리아,100ML
65958,Training|Validation,이/미용,두발용품,헤어왁스,다슈코리아)다슈포맨울트라홀딩파워왁스100ML,다슈코리아,100ML
65167,Training|Validation,이/미용,두발용품,헤어왁스,대화씨앤에프)갸스비스타일링젤슈퍼하드200G,대화씨앤에프,200G
66238,Training|Validation,이/미용,두발용품,헤어왁스,더샘인터내셔날)더샘에코에너지매트왁스,더샘인터내셔날,80ML
66237,Training|Validation,이/미용,두발용품,헤어왁스,더샘인터내셔날)더샘에코에너지하드왁스,더샘인터내셔날,80ML
45639,Training|Validation,이/미용,두발용품,헤어왁스,더페이스샵)에센셜스타일업슈퍼하드왁스,더페이스샵,100G
65615,Training|Validation,이/미용,두발용품,헤어왁스,더페이스샵에센셜스타일업볼륨웨이브왁스,더페이스샵,110G
65956,Training|Validation,이/미용,두발용품,헤어왁스,맨담코리아)갸스비스타일링왁스울트라하드(헤어왁스)80G,맨담코리아,80G
65957,Training|Validation,이/미용,두발용품,헤어왁스,맨담코리아)갸스비인사이드락에어리홀드(세럼)75G,맨담코리아,75G
55147,Training|Validation,이/미용,두발용품,헤어왁스,미쟝센파워스윙매트왁스9,미쟝센,80G
55149,Training|Validation,이/미용,두발용품,헤어왁스,미쟝센파워스윙크림왁스7,미쟝센,80G
55148,Training|Validation,이/미용,두발용품,헤어왁스,미쟝센파워스윙크림왁스9,미쟝센,80G
35150,Training|Validation,이/미용,두발용품,헤어왁스,아모레퍼시픽)미쟝센파워스윙에선스왁스4(80G),아모레퍼시픽,80G
35151,Training|Validation,이/미용,두발용품,헤어왁스,아모레퍼시픽)미쟝센파워스윙포마드왁스7(80G,아모레퍼시픽,80G
15566,Training|Validation,이/미용,두발용품,헤어왁스,토니모리 퍼스널헤어왁스 와일드홀드클레이 60G,토니모리,60G
55997,Training|Validation,이/미용,건강보조식품,홍삼/인삼/면역,보고신약)닥터퀸100ML,보고신약,100ML
25477,Training|Validation,이/미용,건강보조식품,홍삼/인삼/면역,한국인삼공사 홍삼담은석류스틱 70ML,한국인삼공사,70ML
90282,Training|Validation,주류,전통주,고량주,장샤오바이 강소백,기타,100ML
35612,Training|Validation,주류,전통주,고량주,수성고량주 수성후레쉬 250ML,수성고량,250ML
75026,Training|Validation,주류,전통주,고량주,수성주류)수성빼갈36,수성주류,125ML
26022,Training|Validation,주류,전통주,고량주,유한회사금용 이과두주125ML,유한금융회사,125ML
85020,Training|Validation,주류,전통주,고량주,유한회사금용고량주,유한금융회사,250ML
85026,Training|Validation,주류,전통주,고량주,유한회사금용홍성이과두주면유8년숙성,유한금융회사,250ML
55713,Training|Validation,주류,전통주,고량주,케이에프제이코리아공부가주순,케이에프제이코리아,150ML
35611,Training|Validation,주류,전통주,과실주,고창서해안복분자 선운 330ML,고창서해안복분자,330ML
60268,Training|Validation,주류,전통주,과실주,국순당명작복분자,국순당,75ML
15108,Training|Validation,주류,전통주,과실주,백운 복분자와인 300ML,기타,300ML
25933,Training|Validation,주류,전통주,과실주,농업회사법인고은)선운산뽕와인300ML,농업회사법인고은,300ML
20055,Training|Validation,주류,전통주,과실주,롯데설중매골드360ML,롯데주류,360ML
20050,Training|Validation,주류,전통주,과실주,롯데설중매소다톡330ML,롯데주류,330ML
30154,Training|Validation,주류,전통주,과실주,롯데설중매스파클링300ML,롯데주류,300ML
35610,Training|Validation,주류,전통주,과실주,배상면주가 복분자음 375ML,배상면주가,375ML
75012,Training|Validation,주류,전통주,과실주,배상면주가)산사춘,배상면주가,300ML
85023,Training|Validation,주류,전통주,과실주,배상면주가고창LB복분자음,배상면주가,375ML
20052,Training|Validation,주류,전통주,과실주,(신)보해매취순(병)375ML,보해양조,375ML
70156,Training|Validation,주류,전통주,과실주,보해양조보해 복분자375ml,보해양조,375ml
45666,Training|Validation,주류,전통주,과실주,산머루)감악산머루,산머루,360ML
30269,Training|Validation,주류,전통주,과실주,신세계엘앤비)라쿠엔매실주,신세계엘앤비,180ML
40297,Training|Validation,주류,전통주,과실주,제주와이너리제주감귤술귤로만,제주소주,700ML
90101,Training|Validation,주류,맥주,국내맥주,강서마일드에일(캔)500ML,강서마일드에일,500ML
90102,Training|Validation,주류,맥주,국내맥주,구미호피치에일(캔)500ML,구미호피치에일,500ML
40063,Training|Validation,주류,맥주,국내맥주,프리미어오비355ml,기타,355ML
20087,Training|Validation,주류,맥주,국내맥주,프리미어오비640ML,기타,640ML
55089,Training|Validation,주류,맥주,국내맥주,네오아티잔브루어리해운대,네오아티잔브루어리,500ML
10212,Training|Validation,주류,맥주,국내맥주,(신)카프리330ML(병),농심,330ML
70057,Training|Validation,주류,맥주,국내맥주,롯데클라우드(캔)355ML,롯데주류,355ML
70059,Training|Validation,주류,맥주,국내맥주,롯데클라우드(캔)500ML,롯데주류,500ML
20070,Training|Validation,주류,맥주,국내맥주,롯데클라우드클래식500ML,롯데주류,500ML
40218,Training|Validation,주류,맥주,국내맥주,롯데)클라우드PET1.6L,롯데칠성음료,1.6L
20063,Training|Validation,주류,맥주,국내맥주,롯데)피츠(병)640ML,롯데칠성음료,640ML
40060,Training|Validation,주류,맥주,국내맥주,롯데)피츠(캔)355ML,롯데칠성음료,355ML
60077,Training|Validation,주류,맥주,국내맥주,롯데)피츠PET1.6L,롯데칠성음료,1.6L
40069,Training|Validation,주류,맥주,국내맥주,롯데)피츠PET1L,롯데칠성음료,1L
40219,Training|Validation,주류,맥주,국내맥주,롯데칠성음료클라우드 생드래프트 (병)500ml,롯데칠성음료,500ML
40220,Training|Validation,주류,맥주,국내맥주,롯데칠성음료클라우드 오리지널 (병)500ml,롯데칠성음료,500ML
30201,Training|Validation,주류,맥주,국내맥주,롯데칠성음료피츠 슈퍼클리어 (병)640ml,롯데칠성음료,640ML
20301,Training|Validation,주류,맥주,국내맥주,리얼라거찐한맥주,리얼라거,500ML
45724,Training|Validation,주류,맥주,국내맥주,마이비어)어쩌라거,마이비어,500ML
20064,Training|Validation,주류,맥주,국내맥주,맥스올몰트비어(병)500ML,맥스올몰,500ML
60079,Training|Validation,주류,맥주,국내맥주,맥스올몰트비어1.6L,맥스올몰,1.6L
20060,Training|Validation,주류,맥주,국내맥주,맥스올몰트비어355ML,맥스올몰,355ML
70060,Training|Validation,주류,맥주,국내맥주,맥스올몰트비어500ML,맥스올몰,500ML
65245,Training|Validation,주류,맥주,국내맥주,생활맥주(캔),생활맥주,500ML
80021,Training|Validation,주류,맥주,국내맥주,카스500ML(캔),서울로직,500ML
10058,Training|Validation,주류,맥주,국내맥주,카스라이트(캔)500ML,서울로직,500ML
60178,Training|Validation,주류,맥주,국내맥주,카스라이트1.6LPET,서울로직,1.6L
20097,Training|Validation,주류,맥주,국내맥주,카스라이트페트1L,서울로직,1L
50119,Training|Validation,주류,맥주,국내맥주,카스레드6.9%(캔),서울로직,355ML
20071,Training|Validation,주류,맥주,국내맥주,카스후레쉬640ML(PET),서울로직,640ML
40207,Training|Validation,주류,맥주,국내맥주,카스후레쉬큐팩1.6L(PET),서울로직,1.6L
20194,Training|Validation,주류,맥주,국내맥주,카스후레쉬큐팩1L,서울로직,1L
60076,Training|Validation,주류,맥주,국내맥주,테라(PET)1.6L,서울로직,1.6L
90053,Training|Validation,주류,맥주,국내맥주,테라(PET)1L,서울로직,1L
20062,Training|Validation,주류,맥주,국내맥주,테라(병)500ML,서울로직,500ML
20072,Training|Validation,주류,맥주,국내맥주,테라(병)640ML,서울로직,640ML
60141,Training|Validation,주류,맥주,국내맥주,테라(유리병)330ML,서울로직,330ML
50051,Training|Validation,주류,맥주,국내맥주,테라(캔)500ML,서울로직,500ML
60041,Training|Validation,주류,맥주,국내맥주,하이트)필라이트(캔)355ML,서울로직,355ML
90034,Training|Validation,주류,맥주,국내맥주,하이트)필라이트(캔)500ML,서울로직,500ML
80154,Training|Validation,주류,맥주,국내맥주,하이트)필라이트크린베리(PET)1L,서울로직,1L
30054,Training|Validation,주류,맥주,국내맥주,하이트)필라이트클린1.6L,서울로직,1.6L
60078,Training|Validation,주류,맥주,국내맥주,하이트)필라이트후레쉬(PET)1.6L,서울로직,1.6L
40073,Training|Validation,주류,맥주,국내맥주,하이트)필라이트후레쉬(PET)1L,서울로직,1L
40066,Training|Validation,주류,맥주,국내맥주,하이트)필라이트후레쉬(캔)500ML,서울로직,500ML
90056,Training|Validation,주류,맥주,국내맥주,하이트맥스피쳐1L,서울로직,1L
10223,Training|Validation,주류,맥주,국내맥주,하이트스타우트피쳐1.6L,서울로직,1.6L
70187,Training|Validation,주류,맥주,국내맥주,오비라거(PET)1.6L,서울통상,1.6L
50053,Training|Validation,주류,맥주,국내맥주,오비라거뉴트로(캔)355ML,서울통상,355ML
45109,Training|Validation,주류,맥주,국내맥주,세븐브로이 전라병맥주330ML,세븐브로,330ML
55083,Training|Validation,주류,맥주,국내맥주,세븐브로이양평한강에일330ML,세븐브로,330ML
50253,Training|Validation,주류,맥주,국내맥주,"세븐브로이맥주)맥아,더",세븐브로이맥주,500ML
65638,Training|Validation,주류,맥주,국내맥주,세븐브로이맥주흥청망청,세븐브로이맥주,500ML
90196,Training|Validation,주류,맥주,국내맥주,오비)필굿(PET)1.6L,오비,1.6L
70062,Training|Validation,주류,맥주,국내맥주,오비)필굿(캔)500ML,오비,500ML
50118,Training|Validation,주류,맥주,국내맥주,오비)필굿세븐(캔)355ML,오비,355ML
90213,Training|Validation,주류,맥주,국내맥주,OB맥주카스 프레쉬  (병)500ml,오비맥주,500ML
66364,Training|Validation,주류,맥주,국내맥주,오비맥주)오비라거330ML,오비맥주,330ML
65786,Training|Validation,주류,맥주,국내맥주,오비맥주)오비라거리미티드360ML4캔,오비맥주,1440ML
80245,Training|Validation,주류,맥주,국내맥주,오비맥주)오비라거캔,오비맥주,500ML
50052,Training|Validation,주류,맥주,국내맥주,오비맥주)프리미어오비,오비맥주,500ML
45698,Training|Validation,주류,맥주,국내맥주,오비맥주)핸드앤몰트유미의위트에일,오비맥주,500ML
30200,Training|Validation,주류,맥주,국내맥주,오비맥주카스프레시(병)640ML,오비맥주,640ML
65678,Training|Validation,주류,맥주,국내맥주,오비맥주핸드앤몰트상상페일에일,오비맥주,500ML
55090,Training|Validation,주류,맥주,국내맥주,인덜지문베어브루잉금강산골든에잉,인덜지,500ML
50252,Training|Validation,주류,맥주,국내맥주,제주맥주)제주슬라이스,제주맥주,500ML
45535,Training|Validation,주류,맥주,국내맥주,제주맥주)제주위트에일,제주맥주,500ML
45536,Training|Validation,주류,맥주,국내맥주,제주맥주)제주펠롱에일,제주맥주,500ML
50122,Training|Validation,주류,맥주,국내맥주,크로크리얼프레시(캔)500ML,크로크,500ML
15635,Training|Validation,주류,맥주,국내맥주,플래티넘크래프트맥주 골목대장 500ML,플래티넘크래프트맥주,500ML
45697,Training|Validation,주류,맥주,국내맥주,플래티넘크래프트맥주)대한IPA,플래티넘크래프트맥주,500ML
80116,Training|Validation,주류,맥주,국내맥주,필라이트라들러(캔)355ML,필라이트,355ML
90052,Training|Validation,주류,맥주,국내맥주,하이트엑스트라콜드(PET),하이트진로,1L
20086,Training|Validation,주류,맥주,국내맥주,하이트엑스트라콜드(병)640ML,하이트진로,640ML
20069,Training|Validation,주류,맥주,국내맥주,하이트엑스트라콜드500ML,하이트진로,500ML
65785,Training|Validation,주류,맥주,국내맥주,하이트진로)테라250ML6캔,하이트진로,1500ML
66363,Training|Validation,주류,맥주,국내맥주,하이트진로테라250ML,하이트진로,250ML
65911,Training|Validation,주류,기타주류,럼,비엘인터내셔날)레오,비엘인터내셔날,490ML
65800,Training|Validation,주류,기타주류,럼,페르노리카코리아)말리부(플라스틱병),페르노리카코리아,200ML
10310,Training|Validation,주류,와인,레드와인,신세계스텅브루저먼레드,기타,500ML
80134,Training|Validation,주류,와인,레드와인,롯데)칼로로시캘리포니아레드750ML,롯데칠성음료,750ML
80145,Training|Validation,주류,와인,레드와인,롯데칠성음료페나솔틴토1L,롯데칠성음료,1L
75021,Training|Validation,주류,와인,레드와인,신세계)바로크버블리레드,신세계,250ML
55745,Training|Validation,주류,와인,레드와인,신세계앤엘비)G7메를로,신세계앤엘비,375ML
40298,Training|Validation,주류,와인,레드와인,신세계엘비레자멜메를로,신세계엘,187ML
75031,Training|Validation,주류,와인,레드와인,신세계엘앤비 도스코파스레드 750ML,신세계엘,750ML
60262,Training|Validation,주류,와인,레드와인,신세계엘앤비레자멜샤르도네,신세계엘,187ML
50251,Training|Validation,주류,와인,레드와인,신세계엘앤비지세븐까베르네소비뇽,신세계엘,187ML
50250,Training|Validation,주류,와인,레드와인,신세계엘앤비지세븐메를로,신세계엘,187ML
35715,Training|Validation,주류,와인,레드와인,신세계엘앤비)G7까베르네소비뇽,신세계엘앤비,375ML
55743,Training|Validation,주류,와인,레드와인,신세계엘앤비)신포니아,신세계엘앤비,750ML
35423,Training|Validation,주류,와인,레드와인,아영에프비씨)리얼푸엔테드라이레드,아영에프비씨,750ML
35424,Training|Validation,주류,와인,레드와인,아영에프비씨)리얼푸엔테세미스윗레드,아영에프비씨,750ML
45749,Training|Validation,주류,와인,레드와인,아영에프비씨)푸두카베르네소비뇽쉬라즈,아영에프비씨,250ML
80133,Training|Validation,주류,와인,레드와인,옐로우주류)따베르넬로로마냐산지오베제750ML,옐로우주류,750ML
30143,Training|Validation,주류,와인,레드와인,옐로우주류따베르넬로 비노 (레드와인)250ml,옐로우주류,250ml
80175,Training|Validation,주류,와인,레드와인,옐로우주류파베르넬로 몬테 풀치아노 다브루조 (병)750ml,옐로우주류,750ML
60190,Training|Validation,주류,와인,레드와인,옐로우주류파베르넬로 비노 로쏘 (레드 와인) (병)750ml,옐로우주류,750ML
20233,Training|Validation,주류,와인,레드와인,옐로우주류파베르넬로 시라-까베르네 (병)750ml,옐로우주류,750ML
80176,Training|Validation,주류,와인,레드와인,옐로우주류파베르넬로 트레비아노 샤토네이 (병)750ml,옐로우주류,750ML
45729,Training|Validation,주류,와인,레드와인,오비맥주)베이브레드위드버블스,오비맥주,250ML
66155,Training|Validation,주류,와인,레드와인,장성글로벌)원글라스까베네소비뇽,장성글로벌,100ML
90178,Training|Validation,주류,와인,레드와인,진로)레드와인,진로,500ML
45747,Training|Validation,주류,와인,레드와인,케이비씨)듀체스드부르고뉴,케이비씨,330ML
85030,Training|Validation,주류,와인,레드와인,하이트진로진로와인레드와인,하이트진로,500ML
50126,Training|Validation,주류,와인,로제와인,옐로우주류)타베르넬로로사토프리잔테,옐로우주류,750ML
30272,Training|Validation,주류,전통주,막걸리,국순당)국순당막걸리쌀,국순당,350ML
70272,Training|Validation,주류,전통주,막걸리,국순당)국순당막걸리쌀,국순당,750ML
65770,Training|Validation,주류,전통주,막걸리,국순당막걸리쌀6캔350ML*6,국순당,2100ML
20303,Training|Validation,주류,전통주,막걸리,국순당아이싱자몽,국순당,350ML
85035,Training|Validation,주류,전통주,막걸리,국순당옛날막걸리古,국순당,750ML
35421,Training|Validation,주류,전통주,막걸리,남도탁주)정고집옛날생동동주,남도탁주,1.2L
55656,Training|Validation,주류,전통주,막걸리,남한산성소주참살이꿀막걸리,남한산성소주,750ML
20307,Training|Validation,주류,전통주,막걸리,동강)동강더덕주,동강,100ML
15639,Training|Validation,주류,전통주,막걸리,배혜정도가 생옥수수동동주 750ML,배혜정도가,750ML
15637,Training|Validation,주류,전통주,막걸리,배혜정도가 화성생막걸리 750ML,배혜정도가,750ML
15636,Training|Validation,주류,전통주,막걸리,서울생주조 서울생막걸리 750ML,서울생주,750ML
75035,Training|Validation,주류,전통주,막걸리,서울생주조 서울생밀막걸리 750ML,서울생주,750ML
90290,Training|Validation,주류,전통주,막걸리,서울생주조서울생살균캔막걸리,서울생주,350ML
20304,Training|Validation,주류,전통주,막걸리,서울생주조)서울생살균캔막걸리,서울생주조,350ML
50254,Training|Validation,주류,전통주,막걸리,서울장수)월매쌀막걸리,서울장수,350ML
55654,Training|Validation,주류,전통주,막걸리,서울장수생막걸리효모가살아있는유통기한10일,서울장수,750ML
55718,Training|Validation,주류,전통주,막걸리,서울장수월매쌀막걸리6캔350ML*6,서울장수,2100ML
75013,Training|Validation,주류,전통주,막걸리,서울장수주식회사)인생막걸리,서울장수주식회사,750ML
55655,Training|Validation,주류,전통주,막걸리,서울장홍삼장수막걸리,서울장홍,750ML
45461,Training|Validation,주류,전통주,막걸리,우리술)톡쏘는알밤동동,우리술,750ML
30277,Training|Validation,주류,전통주,막걸리,조은술세종우도땅콩전통주,조은술,750ML
15640,Training|Validation,주류,전통주,막걸리,지평주조 지평이랑이랑스파클링막걸리 750ML,지평주조,750ML
35411,Training|Validation,주류,전통주,막걸리,지평주조)지평생막걸리쌀막걸리,지평주조,1.7L
35410,Training|Validation,주류,전통주,막걸리,지평주조)지평생막걸리옛막걸리,지평주조,1.7L
10307,Training|Validation,주류,전통주,막걸리,포천)포천쌀막걸리,포천,750ML
25092,Training|Validation,주류,맥주,무알콜맥주,그롤쉬 넌 안콜릭 500ML,그롤쉬,500ML
85044,Training|Validation,주류,맥주,무알콜맥주,칭따오논알콜릭,기타,330ML
15228,Training|Validation,주류,맥주,무알콜맥주,크롬바커필스알코올프라이(무알콜)(병),기타,330ML
15250,Training|Validation,주류,맥주,무알콜맥주,클라우스탈러(병),기타,330ML
45741,Training|Validation,주류,맥주,무알콜맥주,비어케이)칭따오논알콜릭,비어케이,330ML
15253,Training|Validation,주류,맥주,무알콜맥주,야콥스 클라우스탈러 330ML,야콥스,330ML
15226,Training|Validation,주류,맥주,무알콜맥주,에딩거프라이(무알콜)(병),에딩거,330ML
65240,Training|Validation,주류,맥주,무알콜맥주,에딩거프라이(무알콜)(캔),에딩거,500ML
65223,Training|Validation,주류,맥주,무알콜맥주,에코에프앤비호가든(무알코올)(캔),에코에프엔비,330ML
65225,Training|Validation,주류,맥주,무알콜맥주,오비카스0.0(무알코올)(캔),오비맥주,355ML
35716,Training|Validation,주류,맥주,무알콜맥주,웰니스)프뤼스포츠,웰니스,330ML
35717,Training|Validation,주류,맥주,무알콜맥주,제이엠기획)마이셀무알콜,제이엠기획,330ML
45722,Training|Validation,주류,맥주,무알콜맥주,제이엠기획)비트버거드라이브(성인용),제이엠기획,500ML
85055,Training|Validation,주류,맥주,무알콜맥주,제이엠기획비트버거레몬(성인용),제이엠기획,500ML
80244,Training|Validation,주류,기타주류,보드카,에드워드러시안베어파인애플향,기타,200ML
80131,Training|Validation,주류,기타주류,보드카,디아지오코리아길비스 보드카 블루750ml,디아지오,750ml
65799,Training|Validation,주류,기타주류,보드카,디아지오코리아)스미노프™그린애플향보드카(플라스틱병),디아지오코리아,200ML
35082,Training|Validation,주류,기타주류,보드카,디아지오코리아)스미노프아이스그린애플향275ML,디아지오코리아,275ML
55084,Training|Validation,주류,기타주류,보드카,인디펜던트코리아케이쥐비보트카위드레몬향330ML,인디펜던트리쿼코리아,330ML
65791,Training|Validation,주류,전통주,사케,니혼슈코리아)노호홍(종이팩),니혼슈코리아,500ML
65789,Training|Validation,주류,전통주,사케,니혼슈코리아)하나야구준마이(종이팩),니혼슈코리아,900ML
80248,Training|Validation,주류,전통주,사케,신세계엘앤비)키요스자쿠라오니코로시,신세계엘앤비,180ML
65788,Training|Validation,주류,전통주,사케,젠니혼주류)오제끼스모900(종이팩),젠니혼주류,900ML
65790,Training|Validation,주류,전통주,사케,젠니혼주류)월계관쯔키팩,젠니혼주류,900ML
65769,Training|Validation,주류,전통주,사케,젠니혼주류더컵,젠니혼주류,210ML
65768,Training|Validation,주류,전통주,사케,젠니혼주류월계관오쵸코다이긴죠,젠니혼주류,180ML
25938,Training|Validation,주류,전통주,사케,젠니혼주류월계관오쵸코사케180ML,젠니혼주류,180ML
55711,Training|Validation,주류,전통주,사케,젠니혼주류준마이긴조나마겐슈,젠니혼주류,200ML
85022,Training|Validation,주류,전통주,사케,젠니혼주류치어스준마이긴죠,젠니혼주류,180ML
65787,Training|Validation,주류,전통주,사케,태산주류)간바래오도상팩,태산주류,900ML
50124,Training|Validation,주류,기타주류,샴페인,무학주류)메종장베퀴,무학,750ML
65912,Training|Validation,주류,맥주,수입맥주,골든블루)칼스버그,골든블루,500ML
15249,Training|Validation,주류,맥주,수입맥주,롱보드아일랜드라거(캔),기타,473ML
10309,Training|Validation,주류,맥주,수입맥주,마이비어빅웨이브골든에일,기타,473ML
15251,Training|Validation,주류,맥주,수입맥주,바바바맥주(캔),기타,330ML
15241,Training|Validation,주류,맥주,수입맥주,벨코포포빅키코젤다크(캔),기타,500ML
15106,Training|Validation,주류,맥주,수입맥주,비어벨트 브라우펄 펄스 500ML,기타,500ML
66362,Training|Validation,주류,맥주,수입맥주,비어케이칭따오맥주200ML,기타,200ML
15229,Training|Validation,주류,맥주,수입맥주,사이공스페셜(병),기타,330ML
15244,Training|Validation,주류,맥주,수입맥주,스텔라아르투아(캔),기타,500ML
15252,Training|Validation,주류,맥주,수입맥주,스텔라아르투아(캔),기타,330ML
65246,Training|Validation,주류,맥주,수입맥주,주부르그랜드(캔),기타,550ML
65236,Training|Validation,주류,맥주,수입맥주,코로나엑스트라(캔),기타,355ML
65237,Training|Validation,주류,맥주,수입맥주,크롬바커(캔),기타,330ML
15223,Training|Validation,주류,맥주,수입맥주,크루저라즈베리향(병),기타,275ML
15225,Training|Validation,주류,맥주,수입맥주,크루저블루베리향(병),기타,275ML
15224,Training|Validation,주류,맥주,수입맥주,페로니나스트라즈로(병),기타,330ML
15245,Training|Validation,주류,맥주,수입맥주,페로니나스트라즈로(캔),기타,500ML
65235,Training|Validation,주류,맥주,수입맥주,페로니나스트라즈로(캔),기타,330ML
15248,Training|Validation,주류,맥주,수입맥주,호랄프리미엄필스너라거(캔),기타,500ML
20300,Training|Validation,주류,맥주,수입맥주,호프야거바이젠비어,기타,500ML
25093,Training|Validation,주류,맥주,수입맥주,홉고블린 골드 500ML,기타,500ML
65242,Training|Validation,주류,맥주,수입맥주,홉고블린(캔),기타,500ML
80247,Training|Validation,주류,맥주,수입맥주,뉴벨지움)팻타이어엠버에일,뉴벨지움,355ML
15243,Training|Validation,주류,맥주,수입맥주,에스트렐라담바르셀로나(캔),담,500ML
65238,Training|Validation,주류,맥주,수입맥주,에스트렐라담바르셀로나(캔),담,330ML
25080,Training|Validation,주류,맥주,수입맥주,도아 가펠 소넨호펜 330ML,도아인터내쇼날,330ML
70280,Training|Validation,주류,맥주,수입맥주,동아인터내셔널)에드남스고스트쉽,동아인터내셔널,440ML
45107,Training|Validation,주류,맥주,수입맥주,디아지오코리아 홉하우스13라거 500ML,디아지오코리아,500ML
45740,Training|Validation,주류,맥주,수입맥주,라사그라코리아)머피스아이리쉬스타우트,라사그라코리아,500ML
65247,Training|Validation,주류,맥주,수입맥주,레페브라운(캔),레페브라,500ML
10057,Training|Validation,주류,맥주,수입맥주,롯데)밀러(캔)473ML,롯데칠성음료,473ML
70055,Training|Validation,주류,맥주,수입맥주,롯데)밀러라이트(캔)473ML,롯데칠성음료,473ML
65234,Training|Validation,주류,맥주,수입맥주,리토벨모라반(캔),리토벨모,500ML
65244,Training|Validation,주류,맥주,수입맥주,리토벨클래식(캔),리토벨클,500ML
55810,Training|Validation,주류,맥주,수입맥주,마곡동류마타워)가펠쾰시(캔),마곡동류,500ML
65794,Training|Validation,주류,맥주,수입맥주,마이비어)롱보드아일랜드라거(병),마이비어,355ML
65228,Training|Validation,주류,맥주,수입맥주,마이와인즈대만망고(캔),마이와인,330ML
55091,Training|Validation,주류,맥주,수입맥주,뮤어스라핀쿨타,뮤어스,500ML
35974,Training|Validation,주류,맥주,수입맥주,뮤즈인터내셔날)담레몬,뮤즈인터내셔날,330ML
65220,Training|Validation,주류,맥주,수입맥주,뮤즈인터내셔날복담(병),뮤즈인터내셔날,250ML
20326,Training|Validation,주류,맥주,수입맥주,베를리너500ML,베를리너,500ML
65233,Training|Validation,주류,맥주,수입맥주,벨코포포빅키코젤넌알콜릭(캔),벨코포포,500ML
65241,Training|Validation,주류,맥주,수입맥주,볼파스엔젤맨아이피에이(캔),볼파스엔,568ML
65243,Training|Validation,주류,맥주,수입맥주,브라우하우스필스너(캔),브라우하,500ML
15673,Training|Validation,주류,맥주,수입맥주,브루워리 윌리안벨지안바이제 500ML,브루워리,500ML
15674,Training|Validation,주류,맥주,수입맥주,브루워리 윌리안벨지안에일 500ML,브루워리,500ML
26079,Training|Validation,주류,맥주,수입맥주,비어벨트코리아 볼파스엔젤맨568ML,비어벨트,568ML
45108,Training|Validation,주류,맥주,수입맥주,비어벨트코리아 템트세븐 500ML,비어벨트,500ml
55088,Training|Validation,주류,맥주,수입맥주,비어벨트코리아브라우펄바이젠,비어벨트,500ML
65230,Training|Validation,주류,맥주,수입맥주,비어벨트코리아브라우하우스바이젠(캔),비어벨트,500ML
55085,Training|Validation,주류,맥주,수입맥주,비어벨트코리아울프블랑쉐,비어벨트,330ML
65096,Training|Validation,주류,맥주,수입맥주,비어벨트코리아울프아이피에이330ML,비어벨트,330ML
65095,Training|Validation,주류,맥주,수입맥주,비어벨트코리아울프파이어플라이330ML,비어벨트,330ML
55081,Training|Validation,주류,맥주,수입맥주,비어벨트코리아캐논볼330ML,비어벨트,330ML
55086,Training|Validation,주류,맥주,수입맥주,비어벨트코리아하이와이어,비어벨트,330ML
65090,Training|Validation,주류,맥주,수입맥주,비어벨트판타스마330ML,비어벨트,33ML
65089,Training|Validation,주류,맥주,수입맥주,비어벨트하이와이어그레이프후르츠330ML,비어벨트,330ML
36004,Training|Validation,주류,맥주,수입맥주,비어케이)라오샨맥주,비어케이,500ML
60143,Training|Validation,주류,맥주,수입맥주,비어케이)칭따오(병)330ML,비어케이,330ML
40115,Training|Validation,주류,맥주,수입맥주,비어케이)칭따오500ML,비어케이,500ML
65783,Training|Validation,주류,맥주,수입맥주,비어케이)칭따오맥주200ML8캔,비어케이,1600ML
90284,Training|Validation,주류,맥주,수입맥주,비어케이에딩거바이스비어캔맥주,비어케이,500ML
20231,Training|Validation,주류,맥주,수입맥주,비어케이칭따오 (병)640ml,비어케이,640ML
26024,Training|Validation,주류,맥주,수입맥주,비즈에프엔비코리아 비어라오500ML,비즈에프,500ML
30271,Training|Validation,주류,맥주,수입맥주,빔산토코리아)호로요이화이트샤워,빔산토코리아,350ML
45743,Training|Validation,주류,맥주,수입맥주,사케마루)진달래맥주,사케마루,500ML
50120,Training|Validation,주류,맥주,수입맥주,사쿠오리지널(캔)500ML,사쿠오리,500ML
45725,Training|Validation,주류,맥주,수입맥주,산미상사)산미구엘페일필젠,산미상사,500ML
40113,Training|Validation,주류,맥주,수입맥주,기네스드레프트330ML(캔),서울로직,330ML
40116,Training|Validation,주류,맥주,수입맥주,기네스드레프트440ML(캔),서울로직,440ML
70058,Training|Validation,주류,맥주,수입맥주,롯데)블루문(캔)473ML,서울로직,473ML
80130,Training|Validation,주류,맥주,수입맥주,버드와이저330ML(병),서울로직,330ML
40114,Training|Validation,주류,맥주,수입맥주,산미구엘페일필젠330ML(캔),서울로직,330ML
90103,Training|Validation,주류,맥주,수입맥주,하이네켄(캔)500ML,서울로직,500ML
60144,Training|Validation,주류,맥주,수입맥주,하이네켄330ML(병),서울로직,330ML
15246,Training|Validation,주류,맥주,수입맥주,하이네켄다크비어(캔),서울로직,500ML
30274,Training|Validation,주류,맥주,수입맥주,하이네켄데스페라도스오리지널,서울로직,500ML
40112,Training|Validation,주류,맥주,수입맥주,하이네켄오리지날(캔)330ML,서울로직,330ML
55812,Training|Validation,주류,맥주,수입맥주,하이네켄코리아)타이거(캔),서울로직,500ML
66361,Training|Validation,주류,맥주,수입맥주,하이네켄코리아)하이네켄오리지널100ML,서울로직,100ML
65784,Training|Validation,주류,맥주,수입맥주,하이네켄코리아)하이네켄오리지널150ML8캔,서울로직,1200ML
65232,Training|Validation,주류,맥주,수입맥주,하이네켄코리아애플폭스(캔),서울로직,500ML
85057,Training|Validation,주류,맥주,수입맥주,하이네켄코리아에델바이스피치,서울로직,500ML
85056,Training|Validation,주류,맥주,수입맥주,하이네켄코리아타이거라들러레몬,서울로직,500ML
45742,Training|Validation,주류,맥주,수입맥주,선인터내셔널)앵그리오처드크리슾애플,선인터내셔널,473ML
45721,Training|Validation,주류,맥주,수입맥주,선인터내셔널)창맥주,선인터내셔널,500ML
55082,Training|Validation,주류,맥주,수입맥주,선인터내셔널사뮤엘아담스레벨아이피에이355ML(병),선인터내셔널,355ML
40291,Training|Validation,주류,맥주,수입맥주,신세계엘비윌리안벨지안에일,신세계엘,500ML
25786,Training|Validation,주류,맥주,수입맥주,신세계엘앤비 뉴벨지움시트라델릭텐저린아이피에이355ML,신세계엘,355ML
15641,Training|Validation,주류,맥주,수입맥주,신세계엘앤비 더킹덤오브벨지움엑스포트 1L,신세계엘,1L
15675,Training|Validation,주류,맥주,수입맥주,신세계엘앤비 발리하이로맨틱나이트라거 500ML,신세계엘,500ML
55653,Training|Validation,주류,맥주,수입맥주,신세계엘앤비더킹덤오브벨지움바이젠,신세계엘,1L
85034,Training|Validation,주류,맥주,수입맥주,신세계엘앤비마튼즈바이젠,신세계엘,1L
55652,Training|Validation,주류,맥주,수입맥주,신세계엘앤비마튼즈엑스포트,신세계엘,1L
55651,Training|Validation,주류,맥주,수입맥주,신세계엘앤비마튼즈필제너,신세계엘,1L
65640,Training|Validation,주류,맥주,수입맥주,신세계엘앤비바르슈타이너프리미엄,신세계엘,500ML
65639,Training|Validation,주류,맥주,수입맥주,신세계엘앤비발리하이로맨틱데이라거,신세계엘,500ML
80246,Training|Validation,주류,맥주,수입맥주,신세계엘앤비스팀브루임페리얼스타우트,신세계엘,500ML
70279,Training|Validation,주류,맥주,수입맥주,신세계엘앤비스팀브루임페리얼아이피에이,신세계엘,500ML
85058,Training|Validation,주류,맥주,수입맥주,신세계엘앤비윌리안라들러,신세계엘,500ML
70275,Training|Validation,주류,맥주,수입맥주,신세계엘앤비윌리안벨지안바이젠,신세계엘,500ML
85059,Training|Validation,주류,맥주,수입맥주,신세계엘앤비트롤브루레몬,신세계엘,500ML
45533,Training|Validation,주류,맥주,수입맥주,신세계엘앤비)1866블랑쉬,신세계엘앤비,500ML
45534,Training|Validation,주류,맥주,수입맥주,신세계엘앤비)186블론드,신세계엘앤비,500ML
35718,Training|Validation,주류,맥주,수입맥주,신세계엘앤비)발리하이로맨틱나이트라거,신세계엘앤비,500ML
45720,Training|Validation,주류,맥주,수입맥주,신세계엘앤비)트롤브루자몽,신세계엘앤비,500ML
30275,Training|Validation,주류,맥주,수입맥주,신한에프앤비에페스필스너,신한에프앤비,500ML
15247,Training|Validation,주류,맥주,수입맥주,아크페일에일(캔),아크비어,500ML
25107,Training|Validation,주류,맥주,수입맥주,에스피알인터내셔날 예버 필스너 500ML,애스피알인터네셔날,500ML
36003,Training|Validation,주류,맥주,수입맥주,야콥스)웨팅어프라이,야콥스,500ML
15242,Training|Validation,주류,맥주,수입맥주,에딩거둔켈캔맥주(캔),에딩거,500ML
65218,Training|Validation,주류,맥주,수입맥주,에이이브랜드벨코포포빅키코젤다크(병),에이이,500ML
15677,Training|Validation,주류,맥주,수입맥주,에이이브랜드코리아 필스너우르켈 500ML,에이이,500ML
65229,Training|Validation,주류,맥주,수입맥주,에이이브랜드코리아벨코포포빅키코젤다크(캔),에이이,330ML
45699,Training|Validation,주류,맥주,수입맥주,에이치비무역)리퍼비인디아페일에일,에이치비무역,500ML
55811,Training|Validation,주류,맥주,수입맥주,에이치비무역)카프치너바이스비어(캔),에이치비무역,500ML
65094,Training|Validation,주류,맥주,수입맥주,엘티케이그린블레이즈아이피에이355ML,엘티케이,355ML
55087,Training|Validation,주류,맥주,수입맥주,엘티케이케이오틱더블아이피에이,엘티케이,355ML
45727,Training|Validation,주류,맥주,수입맥주,엠즈베버리지)삿포로프리미엄생맥주,엠즈베버리지,500ML
36005,Training|Validation,주류,맥주,수입맥주,엠즈베버리지)프리미엄에비스,엠즈베버리지,500ML
40111,Training|Validation,주류,맥주,수입맥주,오비)구스아일랜드덕덕구스473ML,오비,473ML
90104,Training|Validation,주류,맥주,수입맥주,오비)버드와이저(캔)355ML,오비,355ML
50121,Training|Validation,주류,맥주,수입맥주,오비)버드와이저(캔)740ML,오비,740ML
90105,Training|Validation,주류,맥주,수입맥주,오비)호가든(캔)330ML,오비,330ML
85042,Training|Validation,주류,맥주,수입맥주,오비맥주)구스아일랜드312얼반위트,오비맥주,473ML
85041,Training|Validation,주류,맥주,수입맥주,오비맥주)구스아일랜드아이피에이,오비맥주,473ML
45717,Training|Validation,주류,맥주,수입맥주,오비맥주)레페블론드,오비맥주,500ML
45726,Training|Validation,주류,맥주,수입맥주,오비맥주)벡스,오비맥주,500ML
35719,Training|Validation,주류,맥주,수입맥주,오비맥주)산토리프리미엄몰트,오비맥주,500ML
55747,Training|Validation,주류,맥주,수입맥주,오비맥주)호가든로제,오비맥주,250ML
65222,Training|Validation,주류,맥주,수입맥주,오비맥주스텔라아르투아(병),오비맥주,330ML
65219,Training|Validation,주류,맥주,수입맥주,오비맥주코로나엑스트라(병),오비맥주,355ML
65224,Training|Validation,주류,맥주,수입맥주,오비호가든(캔),오비맥주,473ML
65239,Training|Validation,주류,맥주,수입맥주,호가든로제(캔),오비맥주,500ML
15107,Training|Validation,주류,맥주,수입맥주,오칼라한트레이딩 베어비어 위트 500ML,오칼라한트레이딩,500ML
85050,Training|Validation,주류,맥주,수입맥주,와인나라양평점바바리아0.0%,와인나라,330ML
85051,Training|Validation,주류,맥주,수입맥주,와인나라양평점바바리아애플,와인나라,330ML
65085,Training|Validation,주류,맥주,수입맥주,이안마케팅허니브라운355ML(병),이시스코스메틱,355ML
10311,Training|Validation,주류,맥주,수입맥주,인더비어데슈츠프레쉬헤이즈,인더비어코리아,355ML
60264,Training|Validation,주류,맥주,수입맥주,인더비어코리아스윗워터420,인더비어코리아,355ML
30273,Training|Validation,주류,맥주,수입맥주,인더비어코리아트로픽오브썬더,인더비어코리아,355ML
15634,Training|Validation,주류,맥주,수입맥주,인덜지 버니니스프리처스트로베리 500ML,인덜지,500ML
35962,Training|Validation,주류,맥주,수입맥주,인디펜던트리쿼코리아)머드쉐이크에스프레소,인디펜던트리쿼코리아,200ML
35961,Training|Validation,주류,맥주,수입맥주,인디펜던트리쿼코리아)머드쉐이크초코렛향,인디펜던트리쿼코리아,200ML
25106,Training|Validation,주류,맥주,수입맥주,인터비어 프라가 프리미엄 필스 500ML,인터비어코리아,500ML
25787,Training|Validation,주류,맥주,수입맥주,인터비어코리아 데슈츠와우자355ML,인터비어코리아,355ML
35720,Training|Validation,주류,맥주,수입맥주,인터비어코리아)피어.무비.라이언스,인터비어코리아,473ML
90286,Training|Validation,주류,맥주,수입맥주,인터비어코리아스톤탠저린익스프레스,인터비어코리아,355ML
50255,Training|Validation,주류,맥주,수입맥주,인판티나)그레벤슈타이너오리지널,인판티나,500ML
35104,Training|Validation,주류,맥주,수입맥주,인판티나)그레벤슈타이너오리지널500ML,인판티나,500ML
45748,Training|Validation,주류,맥주,수입맥주,체트온)린데만스,체트온,250ML
65221,Training|Validation,주류,맥주,수입맥주,케이비코리아크롬바커(병),케이비코리아,330ML
65231,Training|Validation,주류,맥주,수입맥주,케이비코리아크롬바커(캔),케이비코리아,500ML
45078,Training|Validation,주류,맥주,수입맥주,크루저복숭아향)275ML,크루저복숭아향,275ML
65088,Training|Validation,주류,맥주,수입맥주,유니베브테넌츠라거500ML,테넌츠,500ML
35721,Training|Validation,주류,맥주,수입맥주,프로스트)이네딧담,프로스트,500ML
35722,Training|Validation,주류,맥주,수입맥주,피코무역)라이온라거,피코무역,500ML
35103,Training|Validation,주류,맥주,수입맥주,필젠스키프레즈드로이)감브리너스오리지널500ML,필젠스키프레즈드로이,500ML
70271,Training|Validation,주류,맥주,수입맥주,하이네켄)에델바이스,하이네켄,500ML
15676,Training|Validation,주류,맥주,수입맥주,하이트진로 싱하 490ML,하이트진로,490ML
45719,Training|Validation,주류,맥주,수입맥주,하이트진로)싱하,하이트진로,490ML
45723,Training|Validation,주류,맥주,수입맥주,하이트진로)파울라너뮌헨라거,하이트진로,500ML
20302,Training|Validation,주류,맥주,수입맥주,하이트진로1664블랑,하이트진로,500ML
65226,Training|Validation,주류,맥주,수입맥주,하이트진로싱하(캔),하이트진로,330ML
40292,Training|Validation,주류,맥주,수입맥주,하이트진로크로넨버그1664,하이트진로,500ML
90285,Training|Validation,주류,맥주,수입맥주,하이트진로파울라너바이스비어,하이트진로,500ML
15227,Training|Validation,주류,와인,스파클링와인,다다(병),기타,275ML
80241,Training|Validation,주류,와인,스파클링와인,롯데주류스펠세이세코,롯데주류,275ML
80135,Training|Validation,주류,와인,스파클링와인,롯데)울프블라스이글호크퀴베브롯750ML,롯데칠성음료,750ML
45718,Training|Validation,주류,와인,스파클링와인,비어케이)매그너스쥬시애플,비어케이,500ML
75020,Training|Validation,주류,와인,스파클링와인,신세계)칸티프로세코디오씨,신세계,200ML
90289,Training|Validation,주류,와인,스파클링와인,신세계엘앤비미안더모스카토,신세계엘,275ML
60261,Training|Validation,주류,와인,스파클링와인,신세계엘앤비미안더핑크모스카토,신세계엘,275ML
35427,Training|Validation,주류,와인,스파클링와인,아영에프비씨)돈루치아노모스카토,아영에프비씨,750ML
35412,Training|Validation,주류,와인,스파클링와인,아영에프비씨)돈루치아노브뤼,아영에프비씨,750ML
45728,Training|Validation,주류,와인,스파클링와인,오비맥주)베이브그리지오위드버블스,오비맥주,250ML
45736,Training|Validation,주류,와인,스파클링와인,오비맥주)베이브로제위드버블스,오비맥주,250ML
50249,Training|Validation,주류,와인,스파클링와인,인덜리버니니,인덜지,275ML
75033,Training|Validation,주류,와인,스파클링와인,인덜지 버니니스프리처레몬 500ML,인덜지,500ML
90288,Training|Validation,주류,와인,스파클링와인,인덜지버니니블러쉬,인덜지,275ML
45751,Training|Validation,주류,와인,스파클링와인,체트온)린데만스크릭(체리),체트온,250ML
35367,Training|Validation,주류,기타주류,요리주,롯데미림알콜14%,롯데제과,500ML
55391,Training|Validation,주류,기타주류,요리주,백설맛술생강,씨제이제일제당,800ML
35106,Training|Validation,주류,기타주류,위스키,"디아지오코리아)조니워커""레드레이블""200ML",디아지오코리아,200ML
90214,Training|Validation,주류,기타주류,위스키,한라주조세네이트 로얄 (병)750ml,서울로직,750ML
25079,Training|Validation,주류,기타주류,위스키,페르노리카코리아 100파이퍼스 200ML,페르노리카코리아,200ML
65087,Training|Validation,주류,기타주류,위스키,페르노리카코리아발렌타인파이니스트200ML,페르노리카코리아,200ML
65801,Training|Validation,주류,기타주류,위스키,한국브라운포맨)잭다니엘스테네시허니(병),한국브라운포맨,200ML
70277,Training|Validation,주류,소주,증류식소주,국순당)려25증류소주,국순당,75ML
45970,Training|Validation,주류,소주,증류식소주,금복주)소주왕금복주,금복주,130G
20067,Training|Validation,주류,소주,증류식소주,충북맑은바람360ML,기타,360ML
25078,Training|Validation,주류,소주,증류식소주,롯데 진한처럼 360ML,롯데제과,360ML
90054,Training|Validation,주류,소주,증류식소주,롯데)부드러운처음처럼PET1L,롯데주류,1L
40081,Training|Validation,주류,소주,증류식소주,롯데)진한처음처럼1.8L,롯데주류,1.8
60080,Training|Validation,주류,소주,증류식소주,롯데부드러운처음처럼1.8L,롯데주류,1.8L
40217,Training|Validation,주류,소주,증류식소주,롯데부드러운처음처럼360ML(PET),롯데주류,360ML
70196,Training|Validation,주류,소주,증류식소주,롯데부드러운처음처럼360ML(병),롯데주류,360ML
20048,Training|Validation,주류,소주,증류식소주,롯데처음처럼PET400ML,롯데주류,400ML
20305,Training|Validation,주류,소주,증류식소주,롯데처음처럼플렉스,롯데주류,400ML
20053,Training|Validation,주류,소주,증류식소주,(신)롯데처음처럼순한360ML,롯데주류BG,360ML
55715,Training|Validation,주류,소주,증류식소주,롯데칠성음료과실주용담금소주25%,롯데칠성음료,1.8L
55716,Training|Validation,주류,소주,증류식소주,롯데칠성음료과실주용담금소주30%,롯데칠성음료,1.8L
10115,Training|Validation,주류,소주,증류식소주,처음처럼포켓200ML,롯데칠성음료,200ML
20223,Training|Validation,주류,소주,증류식소주,보해잎새주300ML,보해잎새,300ML
10238,Training|Validation,주류,소주,증류식소주,진로골드360ML,서울로직,360ML
60140,Training|Validation,주류,소주,증류식소주,진로매화수300ML,서울로직,300ML
60189,Training|Validation,주류,소주,증류식소주,진로참이슬(PET)500ML,서울로직,500ML
60181,Training|Validation,주류,소주,증류식소주,진로참이슬클래식(PET)640ML,서울로직,640ML
10116,Training|Validation,주류,소주,증류식소주,진로참이슬포켓200ML,서울로직,200ML
20049,Training|Validation,주류,소주,증류식소주,참이슬후레쉬(PET)400ML,서울로직,400ML
20066,Training|Validation,주류,소주,증류식소주,하이트)참나무통맑은이슬(병)300ML,서울로직,300ML
80165,Training|Validation,주류,소주,증류식소주,하이트진로)청포도에이슬(병)360ML,서울로직,360ML
20068,Training|Validation,주류,소주,증류식소주,한라산순한17(병)360ML,서울로직,360ML
20054,Training|Validation,주류,소주,증류식소주,한라산오리지널(PET)400ML,서울로직,400ML
10059,Training|Validation,주류,소주,증류식소주,한라산오리지널(병)360ML,서울로직,360ML
35982,Training|Validation,주류,소주,증류식소주,안동소주일품)안동소주일품17%,안동소주일품,350ML
26080,Training|Validation,주류,소주,증류식소주,안동소주일품안동소주21%350ML,안동소주일품,350ML
70278,Training|Validation,주류,소주,증류식소주,제주샘술)고소리술29%,제주샘술,80ML
75036,Training|Validation,주류,소주,증류식소주,제주소주 제주도화산암반수로만든담금주과실용 1.8L,제주소주,1.8L
85024,Training|Validation,주류,소주,증류식소주,제주소주제주도화산암반수로만든담금주도수30도,제주소주,1.8L
10315,Training|Validation,주류,소주,증류식소주,제주소주푸른밤,제주소주,80ML
20306,Training|Validation,주류,소주,증류식소주,제주소주푸른밤,제주소주,200ML
85037,Training|Validation,주류,소주,증류식소주,제주소주푸른밤,제주소주,1800ML
10313,Training|Validation,주류,소주,증류식소주,제주소주푸른밤20지픈맛,제주소주,200ML
60260,Training|Validation,주류,소주,증류식소주,제주소주푸른밤병,제주소주,360ML
30270,Training|Validation,주류,소주,증류식소주,제주소주푸른밤제주소주지픈맛20,제주소주,80ML
90283,Training|Validation,주류,소주,증류식소주,제주소주푸른밤지픈맛,제주소주,360ML
80242,Training|Validation,주류,소주,증류식소주,제주소주푸른밤지픈맛페트,제주소주,640ML
60266,Training|Validation,주류,소주,증류식소주,제주소주푸른밤페트,제주소주,640ML
80243,Training|Validation,주류,소주,증류식소주,제주소주푸른밤페트,제주소주,400ML
60265,Training|Validation,주류,소주,증류식소주,제주소주푸른밤페트20지픈맛,제주소주,400ML
10230,Training|Validation,주류,소주,증류식소주,좋은데이오리지널360ML(병),좋은데이,360ML
90197,Training|Validation,주류,소주,증류식소주,(신)진로소주360ML,하이트진로,360ML
60182,Training|Validation,주류,소주,증류식소주,(신)진로참이슬클래식360ML(병),하이트진로,360ML
10239,Training|Validation,주류,소주,증류식소주,참이슬후레쉬(병)360ML,하이트진로,360ML
20308,Training|Validation,주류,소주,증류식소주,하이트진로)진로,하이트진로,160ML
40082,Training|Validation,주류,소주,증류식소주,하이트진로석수2L,하이트진로,1.8
85054,Training|Validation,주류,기타주류,진,뮤어스TEL오리지널롱드링크진&그레이프프루트,뮤어스,440ML
65796,Training|Validation,주류,기타주류,진,아영에프비씨)더보타니스트(병),아영에프비씨,200ML
10312,Training|Validation,주류,전통주,청주,경주법주)경주법주,경주법주,200ML
35658,Training|Validation,주류,전통주,청주,경주법주)화랑,경주법주,100ML
90287,Training|Validation,주류,전통주,청주,경주법주화랑,경주법주,100ML
15712,Training|Validation,주류,전통주,청주,국순당 예담차례주 700ML,국순당,700ML
90158,Training|Validation,주류,전통주,청주,국순당백세주375ML,국순당,375ML
60267,Training|Validation,주류,전통주,청주,국순당백세주95ML,국순당,95ML
10314,Training|Validation,주류,전통주,청주,문배주양조원문배술,기타,100ML
35083,Training|Validation,주류,전통주,청주,남경무역)양하대곡125ML,남경무역,125ML
65792,Training|Validation,주류,전통주,청주,농업회사법인금산인삼주)금산인삼주43%(병),농업회사법인금산인삼,180ML
55714,Training|Validation,주류,전통주,청주,농업회사법인우포의아침조선주조사,농업회사법인우포의아침,300ML
80266,Training|Validation,주류,전통주,청주,롯데)백화수복,롯데주류,180ML
60142,Training|Validation,주류,전통주,청주,(신)롯데청하300ML,롯데주류BG,300ML
66078,Training|Validation,주류,전통주,청주,롯데칠성음료)대장부23大丈夫375ML,롯데칠성음료,375ML
65086,Training|Validation,주류,전통주,청주,롯데칠성청하드라이300ML,롯데칠성음료,300ML
65793,Training|Validation,주류,전통주,청주,명가원영농조합법인)담솔40(병),명가원영,180ML
15638,Training|Validation,주류,전통주,청주,배상면주가 심술6 750ML,배상면주가,750ML
70273,Training|Validation,주류,전통주,청주,배상면주가)민들레대포,배상면주가,330ML
46049,Training|Validation,주류,전통주,청주,배상면주가)보리아락21,배상면주가,360ML
70202,Training|Validation,주류,전통주,청주,배상면주가심술 10 (병)330ml,배상면주가,330ML
65426,Training|Validation,주류,전통주,청주,배혜정도가우곡생주,배혜정도가,750ML
65797,Training|Validation,주류,전통주,청주,시트러스)신례명주(병),시트러스,100ML
75014,Training|Validation,주류,전통주,청주,전주이강주)이강주,전주이강주,375ML
90033,Training|Validation,주류,전통주,청주,문배술23(병)375ML,참우리술,375ML
65795,Training|Validation,주류,전통주,청주,화요)화요17(병),화요,200ML
65702,Training|Validation,주류,전통주,청주,화요)화요25,화요,200ML
65701,Training|Validation,주류,전통주,청주,화요)화요41,화요,200ML
65708,Training|Validation,주류,전통주,청주,화요)화요미니어처3종세트1호(50ML*3),화요,150ML
55712,Training|Validation,주류,전통주,청주,화요17,화요,200ML
10054,Training|Validation,주류,기타주류,칵테일,순하리소다톡바나나355ML,롯데주류,355ML
20051,Training|Validation,주류,기타주류,칵테일,(신)롯데처음처럼순하리복숭아360ML,롯데주류BG,360ML
40209,Training|Validation,주류,기타주류,칵테일,롯데)순하리깔라만시(병)360ML,롯데칠성음료,360ML
20059,Training|Validation,주류,기타주류,칵테일,롯데순하리소다톡355ML,롯데칠성음료,355ML
40295,Training|Validation,주류,기타주류,칵테일,롯데칠성순하리복숭아맛소다,롯데칠성음료,355ML
20056,Training|Validation,주류,기타주류,칵테일,롯데칠성순하리유자360ML,롯데칠성음료,360ML
70192,Training|Validation,주류,기타주류,칵테일,(신)무학좋은데이블루베리360ML,무학,360ML
90028,Training|Validation,주류,기타주류,칵테일,(신)무학트로피컬이톡소다(병)360ML,무학,360ML
70274,Training|Validation,주류,기타주류,칵테일,빔산토코리아)호로요이그레이프,빔산토코리아,350ML
70276,Training|Validation,주류,기타주류,칵테일,빔산토코리아)호로요이피치,빔산토코리아,350ML
20065,Training|Validation,주류,기타주류,칵테일,보해복받은부라더360ML,서울로직,360ML
70048,Training|Validation,주류,기타주류,칵테일,하이트)망고링고(캔)500ML,서울로직,500ML
85053,Training|Validation,주류,기타주류,칵테일,신세계앤엘비츄하이스위토나피치,신세계앤,350ML
40294,Training|Validation,주류,기타주류,칵테일,신세계엘비츄하이스위토나요구르트,신세계엘,350ML
85060,Training|Validation,주류,기타주류,칵테일,신세계엘앤비신트라애플사이더,신세계엘,500ML
40296,Training|Validation,주류,기타주류,칵테일,아영에프앤씨미니엠,아영에프비씨,275ML
85046,Training|Validation,주류,기타주류,칵테일,에이티엘코리아와일드베이슨블랙라즈베리,에이티엘코리아,355ML
85045,Training|Validation,주류,기타주류,칵테일,에이티엘코리아와일드베이슨블루베리망고,에이티엘코리아,355ML
85047,Training|Validation,주류,기타주류,칵테일,에이티엘코리아와일드베이슨스트로베리코코넛,에이티엘코리아,355ML
45732,Training|Validation,주류,기타주류,칵테일,인덜지)쉐이크베이비쉐이크패션후르츠마티니,인덜지,250ML
45734,Training|Validation,주류,기타주류,칵테일,인덜지)올슉업패션후르츠마티니,인덜지,250ML
85049,Training|Validation,주류,기타주류,칵테일,인덜지올슉업하와이안다이키리,인덜지,250ML
40293,Training|Validation,주류,기타주류,칵테일,케이앤알코리아피즈블루베리사이더,케이앤알코리아,500ML
50256,Training|Validation,주류,기타주류,칵테일,케이앤알코리아피즈애플사이더,케이앤알코리아,500ML
60263,Training|Validation,주류,기타주류,칵테일,케이앤알코리아피즈페어사이더,케이앤알코리아,500ML
85052,Training|Validation,주류,기타주류,칵테일,크리스터파카하드셀처그레이프후루츠텐저린,크리스터,355ML
45739,Training|Validation,주류,기타주류,칵테일,크리스터파카하드셀처믹스베리,크리스터,355ML
65798,Training|Validation,주류,기타주류,칵테일,트랜스베버리지)캄파리(병),트랜스베버리지,200ML
40067,Training|Validation,주류,기타주류,칵테일,하이트이슬톡톡복숭아355ml,하이트진로,355ML
30276,Training|Validation,주류,기타주류,칵테일,하이트진로써머스비사과,하이트진로,500ML
40299,Training|Validation,주류,와인,화이트와인,신세계엘비G7샤도네이,신세계엘,187ML
50248,Training|Validation,주류,와인,화이트와인,신세계엘앤비라쿠엔화이트,신세계엘,180ML
85021,Training|Validation,주류,와인,화이트와인,신세계엘앤비바로크(화이트)빈241,신세계엘,250ML
85028,Training|Validation,주류,와인,화이트와인,신세계엘앤비바로크버블리샤도네이세미용,신세계엘,250ML
85025,Training|Validation,주류,와인,화이트와인,신세계엘앤비피치니프로세코엑스트라드라이,신세계엘,200ML
80132,Training|Validation,주류,와인,화이트와인,옐로우주류)따베르넬로비노비앙코750ML,옐로우주류,750ML
50125,Training|Validation,주류,와인,화이트와인,옐로우주류)타베르넬로비앙코프리잔테750ML,옐로우주류,750ML
30144,Training|Validation,주류,와인,화이트와인,옐로우주류따베르넬로 비노 (화이트와인)250ml,옐로우주류,250ml
20232,Training|Validation,주류,와인,화이트와인,옐로우주류파베르넬로 샤도네이 (병)750ml,옐로우주류,750ML
60186,Training|Validation,주류,와인,화이트와인,옐로우주류파베르넬로 피노 그리지오 (병)750ml,옐로우주류,750ML
65097,Training|Validation,커피차,액상차,과실절임차,CJ백설리얼매실청310ML,CJ제일제당,310ML
65099,Training|Validation,커피차,액상차,과실절임차,CJ백설리얼오미자청310ML,CJ제일제당,310ML
35939,Training|Validation,커피차,액상차,과실절임차,가고파힐링푸드)노니차,가고파힐링푸드,12G
35940,Training|Validation,커피차,액상차,과실절임차,가고파힐링푸드)모과차,가고파힐링푸드,18G
35941,Training|Validation,커피차,액상차,과실절임차,가고파힐링푸드)오미자차,가고파힐링푸드,12G
66059,Training|Validation,커피차,액상차,과실절임차,가고파힐링푸드2공장)힐링N팜블루베리즙10포,가고파힐링푸드,800ML
65806,Training|Validation,커피차,액상차,과실절임차,금광약초)다섯가지아름다운맛오미자,금광약초,190G
65807,Training|Validation,커피차,액상차,과실절임차,금광약초)지친남성을위한산수유,금광약초,150G
45017,Training|Validation,커피차,액상차,과실절임차,꽃샘 별난알맹이한라봉 500G,꽃샘식품,500g
40225,Training|Validation,커피차,분말차,과실절임차,꽃샘 피어나다 국화 유자,꽃샘식품,350g
65324,Training|Validation,커피차,분말차,과실절임차,꽃샘꿀유자차포션15T,꽃샘식품,450G
45363,Training|Validation,커피차,액상차,과실절임차,녹차원)깔라만시100,녹차원,480G
65312,Training|Validation,커피차,액상차,과실절임차,녹차원베리베리오미자10T,녹차원,150G
45300,Training|Validation,커피차,액상차,과실절임차,대상)100%자연숙성발효초사용석류250ML,대상,250ML
25375,Training|Validation,커피차,분말차,과실절임차,바이오믹스무설탕배모과차,바이오믹스테크,100G
35012,Training|Validation,커피차,액상차,과실절임차,보해 매원 500ML,보해 매,500ML
45077,Training|Validation,커피차,액상차,과실절임차,삼광식품)리얼레몬청310ML,삼광식품,310ML
15013,Training|Validation,커피차,분말차,과실절임차,순작 모과유자차 20T,순작,16G
65863,Training|Validation,커피차,액상차,과실절임차,쌍계명차)모과돌배차20T,쌍계명차,26G
56063,Training|Validation,커피차,액상차,과실절임차,씨제이제일제당)쁘띠첼미초깔라만시,씨제이제일제당,900ML
55296,Training|Validation,커피차,액상차,과실절임차,이디야블렌티네이블오렌지,이디야,15G
65427,Training|Validation,커피차,액상차,과실절임차,자임에프앤비프리미엄라임청,자임에프앤비,1KG
45899,Training|Validation,커피차,분말차,과실절임차,티젠)콤부차유자,티젠,50G
25067,Training|Validation,커피차,분말차,과실절임차,프로바이오틱스 매실차,프로바이오틱스,100G
25416,Training|Validation,커피차,액상차,과실절임차,힌성푸드 자임 딸기유자청 1KG,한성푸드,1KG
55318,Training|Validation,커피차,액상차,과실절임차,홈플러스국산매실로건강하게만든매실청,홈플러스,660G
65190,Training|Validation,커피차,분말차,기타,CJ투썸요거트파우더,CJ제일제당,320G
35938,Training|Validation,커피차,액상차,기타,가고파힐링푸드)도라지차,가고파힐링푸드,12G
35942,Training|Validation,커피차,분말차,기타,가고파힐링푸드)로즈힙,가고파힐링푸드,15G
35944,Training|Validation,커피차,분말차,기타,가고파힐링푸드)영지버섯차,가고파힐링푸드,15G
35306,Training|Validation,커피차,분말차,기타,감로700)유기농고소하고달콤한차10G,감로700,10G
35304,Training|Validation,커피차,분말차,기타,감로700)유기농달콤한어성초감로차10G,감로700,10G
35305,Training|Validation,커피차,분말차,기타,감로700)유기농오리지날감로차3G,감로700,3G
65696,Training|Validation,커피차,분말차,기타,궁파무역)건조맥주효모,궁파무역,220G
65690,Training|Validation,커피차,분말차,기타,금광약초)신령스런기운영지버섯,금광약초,65G
15442,Training|Validation,커피차,분말차,기타,산들 계피 180G,기타,180G
15441,Training|Validation,커피차,분말차,기타,산들 노니 140G,기타,140G
15469,Training|Validation,커피차,분말차,기타,산들 볶음돼지감자 140G,기타,140G
15443,Training|Validation,커피차,분말차,기타,산들 차가버섯 120G,기타,120G
20205,Training|Validation,커피차,분말차,기타,양파껍질차24G,기타,24G
15018,Training|Validation,커피차,액상차,기타,꽃샘 별난알맹이레몬 500G,꽃샘식품,500G
65323,Training|Validation,커피차,분말차,기타,꽃샘모링가40T,꽃샘식품,40G
65315,Training|Validation,커피차,분말차,기타,꽃샘모링가추출분말10T,꽃샘식품,15G
65393,Training|Validation,커피차,분말차,기타,꽃샘식품타트체리분말,꽃샘식품,75G
55078,Training|Validation,커피차,분말차,기타,꽃샘핑거루트추출분말15G,꽃샘식품,15G
10318,Training|Validation,커피차,분말차,기타,남양몸이가벼워지는시간17차25T,남양유업,37.5G
65804,Training|Validation,커피차,분말차,기타,네추럴브릿지)동결건조아로니아분말,네추럴브릿지,180G
65631,Training|Validation,커피차,분말차,기타,노비스바이오안먹은걸로20포,노비스바이오,100G
55003,Training|Validation,커피차,분말차,기타,녹차원 통곡물율무차 10T 180G,녹차원,180G
35009,Training|Validation,커피차,분말차,기타,녹차원 호두아몬드율무차 30T 540G,녹차원,54G
45360,Training|Validation,커피차,분말차,기타,녹차원)여주차,녹차원,28G
45361,Training|Validation,커피차,분말차,기타,녹차원)핑거루트티,녹차원,40G
45364,Training|Validation,커피차,분말차,기타,녹차원)헛개열매차,녹차원,480ML
65203,Training|Validation,커피차,분말차,기타,녹차원검은콩참깨차10T,녹차원,180G
55294,Training|Validation,커피차,분말차,기타,녹차원연자육차40T,녹차원,36G
65205,Training|Validation,커피차,분말차,기타,녹차원팥알이통통달콤팥차10T,녹차원,180G
65331,Training|Validation,커피차,분말차,기타,녹차원편안한시간대추계피차10T,녹차원,20G
25372,Training|Validation,커피차,분말차,기타,농업회사법인목을상쾌하게황사차,농업회사법인목을상쾌하게,26G
40172,Training|Validation,커피차,분말차,기타,담더)단호박마차225G,담더,225G
15004,Training|Validation,커피차,분말차,기타,담터 천마차 12T 252G,담터,252G
45228,Training|Validation,커피차,분말차,기타,담터)플레인요거티450G,담터,450G
65867,Training|Validation,커피차,분말차,기타,담터)피코크아몬드호두율무차20개입,담터,360G
20200,Training|Validation,커피차,분말차,기타,담터호두아몬드율무차15T270G,담터,270G
35290,Training|Validation,커피차,분말차,기타,동서)건강한생각을더한구기자차40티백,동서식품,40티백
55005,Training|Validation,커피차,분말차,기타,동서식품 도라지작두콩차 40T 36G,동서식품,36G
45004,Training|Validation,커피차,분말차,기타,동서식품 오곡차 144G,동서식품,144g
55006,Training|Validation,커피차,분말차,기타,동서식품 타라클래식잉글리시브렉퍼스트 20T 36G,동서식품,36G
45362,Training|Validation,커피차,분말차,기타,동서식품)프리마웰빙1/2라이트,동서식품,500G
35839,Training|Validation,커피차,분말차,기타,미성패밀리)엠에스라인,미성패밀리,200ML
45068,Training|Validation,커피차,분말차,기타,바이오믹스테크)무설탕파워비타민티100G,바이오믹스테크,100G
35534,Training|Validation,커피차,액상차,기타,바이오에프이)유기농블루베리통통,바이오에프이,40G
25433,Training|Validation,커피차,분말차,기타,북안동농협 산약촌 안동마 250G,북안동농,250G
75007,Training|Validation,커피차,분말차,기타,산내들식품)건강에미치다얼큰맛재료,산내들식품,160G
25437,Training|Validation,커피차,분말차,기타,산들 건도라지 110G,산들 건,110G
25436,Training|Validation,커피차,분말차,기타,산들 볶은작두콩차 100G,산들 볶,100G
55449,Training|Validation,커피차,분말차,기타,산들깊은향을더해주는황기,산들깊은,100G
55456,Training|Validation,커피차,분말차,기타,산들온가족이함께하는삼계재료,산들온가,100G
65330,Training|Validation,커피차,액상차,기타,상하목장슬로우키친로제파스타소스,상하목장,465G
45371,Training|Validation,커피차,분말차,기타,샘표)작두콩차,샘표,32G
25898,Training|Validation,커피차,분말차,기타,세명제다 럽티호박차22.5G,세명제다,22.5G
35774,Training|Validation,커피차,분말차,기타,세명제다)럽티팥차30G,세명제다,30G
30150,Training|Validation,커피차,분말차,기타,송원)17곡쑥차255G,송원,255G
65699,Training|Validation,커피차,분말차,기타,수내추럴)쌀눈조아(분말),수내추럴,110G
65805,Training|Validation,커피차,분말차,기타,수내추럴)쌀눈조아(분말),수내추럴,230G
65707,Training|Validation,커피차,분말차,기타,신농바이오)건강에味치다누룽지재료,신농바이오,160G
65705,Training|Validation,커피차,분말차,기타,신농바이오)건강에味치다더덕간편영양재료,신농바이오,50G
65706,Training|Validation,커피차,분말차,기타,신농바이오)건강에味치다얼큰맛재료,신농바이오,160G
65704,Training|Validation,커피차,분말차,기타,신농바이오)건강에味치다옛날맛간편영양재료,신농바이오,50G
35547,Training|Validation,커피차,분말차,기타,신농바이오)옛날맛간편영양재료,신농바이오,50G
56038,Training|Validation,커피차,분말차,기타,신성에프엔비)몸애조화계피,신성에프엔비,90G
55781,Training|Validation,커피차,분말차,기타,신세계인터내셔날)배칩이들어있는유산균단백질쉐이크5봉,신세계인터내셔날,200G
55780,Training|Validation,커피차,분말차,기타,신세계인터내셔날)사과칩이들어있는유산균단백질쉐이크5봉,신세계인터내셔날,200G
55761,Training|Validation,커피차,분말차,기타,신세계인터내셔날)일주일견과자주손이가는커피땅콩7개입,신세계인터내셔날,210G
55335,Training|Validation,커피차,분말차,기타,쌍계명차맑은순환돼지감자차,쌍계명차,26G
56062,Training|Validation,커피차,액상차,기타,씨제이제일제당)쁘띠첼미초청포도,씨제이제일제당,900ML
15096,Training|Validation,커피차,액상차,기타,애경 2080비타덴트스트롱민트향 120G,애경,120G
35293,Training|Validation,커피차,분말차,기타,에스앤피인터내셔널)애플앤시나몬트위스트40G,에스앤피인터내셔널,40G
30173,Training|Validation,커피차,분말차,기타,우리차도라지차40티백,우리차,40개
25802,Training|Validation,커피차,분말차,기타,이마트피코크 마론블렌드티7G,이마트,7G
65698,Training|Validation,커피차,분말차,기타,젤텍2)피쉬콜라겐,젤텍2,120G
30149,Training|Validation,커피차,분말차,기타,청솔에프앤비)마차260G,청솔에프앤비,260G
45349,Training|Validation,커피차,분말차,기타,코레쉬텍)따끈따끈어묵국물티오리지날,코레쉬텍,40G
45673,Training|Validation,커피차,분말차,기타,코스맥스)뱃심아이스푸로&푸리바이오틱스,코스맥스,150G
45633,Training|Validation,커피차,분말차,기타,콜마비앤에이치)쓰리세컨즈티,콜마비앤에이치,18.2G
15031,Training|Validation,커피차,분말차,기타,퀘이커 마시는 오트밀 50G,퀘이커,50G
66145,Training|Validation,커피차,분말차,기타,태광푸드)블랙푸드미숫가루,태광푸드,700G
66042,Training|Validation,커피차,분말차,기타,티젠)에너지티10T,티젠,50G
45503,Training|Validation,커피차,분말차,기타,티젠)티젠콤부차레몬,티젠,50G
45502,Training|Validation,커피차,분말차,기타,티젠)티젠콤부차베리,티젠,50G
15444,Training|Validation,커피차,분말차,기타,한국라이스텍 쌀눈 300G,한국라이스텍,300G
45365,Training|Validation,커피차,액상차,기타,한국맥널티)도시의아침,한국맥널티,200G
35374,Training|Validation,커피차,액상차,기타,한국맥널티설레는밤,한국맥널티,200G
25378,Training|Validation,커피차,액상차,기타,한국맥널티오후의일상,한국맥널티,200G
35300,Training|Validation,커피차,분말차,기타,홈플러스)도라지차20G,홈플러스,20G
65630,Training|Validation,커피차,분말차,기타,화인에프티제나선다이어트차10스틱,화인바이오,110G
35861,Training|Validation,커피차,분말차,기타,흥국에프엔비)푸드쉐이크밀크티맛,흥국에프엔비,90G
35860,Training|Validation,커피차,분말차,기타,흥국에프엔비)푸드쉐이크초콜릿맛,흥국에프엔비,90G
35859,Training|Validation,커피차,분말차,기타,흥국에프엔비)푸드쉐이크커피맛,흥국에프엔비,90G
35862,Training|Validation,커피차,분말차,기타,흥국에프엔비)푸드쉐이크쿠키앤크림맛,흥국에프엔비,90G
25066,Training|Validation,커피차,분말차,꿀차,바이오믹스테크 무설탕 굿나잇 허니티 100G,바이오믹스테크,100G
65188,Training|Validation,커피차,분말차,녹차,CJ투썸그린티파우더,CJ제일제당,320G
45358,Training|Validation,커피차,분말차,녹차,녹차원)그린티카페베이스,녹차원,450G
65318,Training|Validation,커피차,분말차,녹차,녹차원맛있는녹차작설10T,녹차원,15G
65018,Training|Validation,커피차,분말차,녹차/현미녹차,캐모마일 현미녹차 40T,기타,40T
40301,Training|Validation,커피차,분말차,녹차/현미녹차,꽃샘현미녹차20T,꽃샘식품,30G
25373,Training|Validation,커피차,분말차,녹차/현미녹차,녹차원유기농보성녹차,녹차원,10G
55332,Training|Validation,커피차,분말차,녹차/현미녹차,녹차원찬물에서도풍부한맛냉현미녹차40T,녹차원,60G
55762,Training|Validation,커피차,분말차,녹차/현미녹차,농업회사법인쌍계명차)유기농하동녹차50T,농업회사법인쌍계명차,28G
15094,Training|Validation,커피차,분말차,녹차/현미녹차,다농원 가루녹차 60G,다농원,60G
A20015,Training|Validation,커피차,분말차,녹차/현미녹차,다농원)가루녹차,다농원,60G
65001,Training|Validation,커피차,분말차,녹차/현미녹차,동서 캐모마일현미녹차 80T 120G,동서식품,120G
90192,Training|Validation,커피차,분말차,녹차/현미녹차,동서)현미녹차100T150G,동서식품,150G
20206,Training|Validation,커피차,분말차,녹차/현미녹차,동서)현미녹차37.5G,동서식품,37.5G
55010,Training|Validation,커피차,분말차,녹차/현미녹차,동서식품 타라클래식녹차 20T 26G,동서식품,26G
45018,Training|Validation,커피차,분말차,녹차/현미녹차,동서식품 현미지리산가루녹차 40G,동서식품,40g
30171,Training|Validation,커피차,분말차,녹차/현미녹차,동서현미녹차50티백,동서식품,50개
25008,Training|Validation,커피차,분말차,녹차/현미녹차,초L 현미녹차 50T 75G,롯데슈퍼프레시,75G
15927,Training|Validation,커피차,분말차,녹차/현미녹차,이마트피코크 유기농시원한찬물제주녹차1.2G*50개입,이마트,60G
15925,Training|Validation,커피차,분말차,녹차/현미녹차,이마트피코크 유기농현미제주녹차1.5G*100개입,이마트,150G
15928,Training|Validation,커피차,분말차,녹차/현미녹차,이마트피코크 유기농현미제주녹차1.5G*50개입,이마트,75G
15926,Training|Validation,커피차,분말차,녹차/현미녹차,이마트피코크 유기농현미하동녹차1.5G*50개입,이마트,75G
25004,Training|Validation,커피차,분말차,녹차/현미녹차,simplus 현미녹차 100T 150G,홈플러스,150G
35289,Training|Validation,커피차,분말차,녹차/현미녹차,홈플러스)유기농현미제주녹차40티백,홈플러스,40티백
35015,Training|Validation,커피차,분말차,녹차/현미녹차,홈플러스시그니처 국산가루녹차 200G,홈플러스,200G
55293,Training|Validation,커피차,분말차,녹차/현미녹차,홈플러스유기농보성녹차작설,홈플러스,40G
55297,Training|Validation,커피차,분말차,녹차/현미녹차,홈플러스유기농현미제주녹차100T,홈플러스,150G
65692,Training|Validation,커피차,분말차,둥굴레차,금광약초)매일마시는2리터의습관둥굴레차,금광약초,120G
80253,Training|Validation,커피차,분말차,둥굴레차,꽃샘둥굴레차20T,꽃샘식품,24G
55759,Training|Validation,커피차,분말차,둥굴레차,담터)둥굴레차주전자용15T,담터,60G
20193,Training|Validation,커피차,분말차,둥굴레차,동서 둥굴레차60G,동서식품,60G
70151,Training|Validation,커피차,분말차,둥굴레차,동서)둥굴레차30G,동서식품,30G
30195,Training|Validation,커피차,분말차,둥굴레차,동서둥굴레차120G(100매),동서식품,120G
40199,Training|Validation,커피차,분말차,둥굴레차,동서둥굴레차72G,동서식품,72G
50144,Training|Validation,커피차,분말차,둥굴레차,송원)누룽지둥굴레차60G,송원,60G
56037,Training|Validation,커피차,분말차,둥굴레차,신성에프엔비)몸애조화둥굴레,신성에프엔비,100G
66070,Training|Validation,커피차,분말차,둥굴레차,신성에프엔비)몸애조화둥굴레180G,신성에프엔비,180G
15012,Training|Validation,커피차,분말차,둥굴레차,simplus 둥굴레차 100T 120G,홈플러스,120G
65015,Training|Validation,커피차,분말차,둥굴레차,simplus 둥굴레차 100T 120G,홈플러스,120G
35291,Training|Validation,커피차,분말차,둥굴레차,홈플러스)1095일의기다림국내산둥굴레차40티백,홈플러스,40티백
45007,Training|Validation,커피차,분말차,마테차,녹차원 마테차 40T 40G,녹차원,40g
60270,Training|Validation,커피차,분말차,메밀차,꽃샘메밀차20T,꽃샘식품,32G
30172,Training|Validation,커피차,분말차,메밀차,담터메밀차40티백,담터,40개
65008,Training|Validation,커피차,분말차,메밀차,동서식품 메밀차 100T 150G,동서식품,150G
45002,Training|Validation,커피차,분말차,메밀차,샘표 순작유기농고소한메밀차 80T 120G,샘표식품,120g
45372,Training|Validation,커피차,분말차,메밀차,홈플러스)메밀차,홈플러스,60G
65325,Training|Validation,커피차,분말차,메밀차,홈플러스메밀차,홈플러스,150G
65204,Training|Validation,커피차,분말차,밀크티,남양루카스나인흑당밀크티10T,남양유업,350G
45359,Training|Validation,커피차,분말차,밀크티,녹차원)밀크티카페베이스,녹차원,450G
25002,Training|Validation,커피차,분말차,밀크티,바이오믹스푸드시스템흑원당 쑥밀크티 150,바이오믹스테크,150G
25001,Training|Validation,커피차,분말차,밀크티,시첸푸드3시15분오리지날밀크티 100G,시첸푸드,100G
15386,Training|Validation,커피차,분말차,밀크티,제이에스푸드흑당밀크티,제이에스,350G
45006,Training|Validation,커피차,분말차,밀크티,흑원당 말차밀크티 10T,흑원당,150g
35006,Training|Validation,커피차,분말차,밀크티,흑원당 팥밀크티 10T,흑원당,150G
35007,Training|Validation,커피차,분말차,밀크티,흑원당 흑당밀크티10T (150G),흑원당,150G
80262,Training|Validation,커피차,분말차,보리차,꽃샘보리차20T,꽃샘식품,20G
60171,Training|Validation,커피차,분말차,보리차,동서)보리차150G,동서식품,150G
60138,Training|Validation,커피차,분말차,보리차,동서)보리차300G,동서식품,300G
65004,Training|Validation,커피차,분말차,보리차,동서식품 루이보스보리차 100T 150G,동서식품,150G
15005,Training|Validation,커피차,분말차,보리차,동서식품 루이보스보리차 75G,동서식품,75G
15001,Training|Validation,커피차,분말차,보리차,동서식품 엄마순보리차 240G,동서식품,240G
20320,Training|Validation,커피차,분말차,보리차,동서엄마순보리차15T,동서식품,120G
65633,Training|Validation,커피차,분말차,보리차,금광약초매일마시는2리터의습관통보리차,매일유업,650G
55001,Training|Validation,커피차,분말차,보리차,샘표 순작유기농보리차 300G,샘표식품,300G
65003,Training|Validation,커피차,분말차,보리차,순작 우리아이 첫보리차 144G,순작,144G
45374,Training|Validation,커피차,분말차,보리차,순작)우리아이첫보리차,순작,144G
66133,Training|Validation,커피차,분말차,보리차,신성에프엔비)알곡보리차,신성에프엔비,450G
65866,Training|Validation,커피차,분말차,보리차,쌍계명차)우리아이뽀로로보리차15T,쌍계명차,120G
66168,Training|Validation,커피차,분말차,보리차,일동후디스)키요출동슈퍼윙스유기농보리차,일동후디스,235ML
26040,Training|Validation,커피차,분말차,보리차,청오 국산발아유기농보리차100G,청오건강,100G
35576,Training|Validation,커피차,분말차,보리차,청오건강)유기농순발아아이보리차,청오건강,150G
35548,Training|Validation,커피차,분말차,보리차,청정원)유기농100%국내산우리아이보리차,청정원,120G
35556,Training|Validation,커피차,분말차,보리차,청정원)청정원유기농100%국내산현미보리차,청정원,120G
45063,Training|Validation,커피차,분말차,보리차,퓨어잇 유기농 순수한 아이보리차 54G,퓨어잇,54G
25308,Training|Validation,커피차,분말차,보리차,홈플러스시그니쳐 유기농국내산보리차식수용200G,홈플러스,200G
15724,Training|Validation,커피차,분말차,뿌리차,금광약초 엄나무 90G,금광약초,90G
15723,Training|Validation,커피차,분말차,뿌리차,금광약초 칡뿌리 160G,금광약초,160G
65098,Training|Validation,커피차,액상차,생강차,CJ백설리얼생강청310ML,CJ제일제당,310ML
65019,Training|Validation,커피차,분말차,생강차,꽃샘 THE생강차 15T 225G,꽃샘식품,225G
65332,Training|Validation,커피차,분말차,생강차,녹차원따뜻한습관귤피생강차10T,녹차원,12G
65314,Training|Validation,커피차,분말차,생강차,녹차원썡썡한하루를위한사과생강10T,녹차원,150G
65865,Training|Validation,커피차,분말차,생강차,담터)피코크정성스럽게고른생강으로만든생강차20개입,담터,260G
20201,Training|Validation,커피차,분말차,생강차,담터생강차225G,담터,225G
55011,Training|Validation,커피차,분말차,생강차,초L 진한생강차 15G 15입,롯데슈퍼프레시,15입
45341,Training|Validation,커피차,분말차,생강차,바이오믹스테크)무설탕레몬생강차,바이오믹스테크,100G
45008,Training|Validation,커피차,분말차,생강차,순작 도라지생강차 티백 20T,순작,14g
45342,Training|Validation,커피차,분말차,생강차,코엔에프)꿀생강차,코엔에프,450G
65014,Training|Validation,커피차,분말차,생강차,simplus 생강차 30T 450G,홈플러스,450G
25376,Training|Validation,커피차,분말차,생강차,홈플러스생강차,홈플러스,20G
55002,Training|Validation,커피차,분말차,생강차,홈플러스시그니처 도라지생강차 50T 40G,홈플러스,40G
46041,Training|Validation,커피차,분말차,아이스티,가고파힐링푸드)레몬그라스,가고파힐링푸드,12G
35018,Training|Validation,커피차,분말차,아이스티,꽃샘 별난알맹이자몽 500G,꽃샘식품,500G
65064,Training|Validation,커피차,분말차,아이스티,꽃샘식품립톤아이스티레몬&라임300G,꽃샘식품,300G
65206,Training|Validation,커피차,분말차,아이스티,네슬레블루레모네이드C+40T,네슬레코리아,542G
65213,Training|Validation,커피차,분말차,아이스티,담터꿀자몽차믹스10T,담터,230G
55776,Training|Validation,커피차,분말차,아이스티,동서식품)티오아이스티블루베리맛40개입,동서식품,520G
25163,Training|Validation,커피차,분말차,아이스티,롯데네슬레)네스티 아이스티 자몽맛875G,롯데네슬레코리아,875G
25086,Training|Validation,커피차,분말차,아이스티,립톤 리퀴드 아이스티 레몬앤라임 300G,립톤 리,300G
45340,Training|Validation,커피차,분말차,아이스티,바이오믹스테크)무설탕말차레몬에이드,바이오믹스테크,100G
45067,Training|Validation,커피차,분말차,아이스티,스윗티)립톤아이스티믹스레몬맛280G,스윗티,280G
45070,Training|Validation,커피차,분말차,아이스티,스윗티)립톤티앤허니아이스티복숭아맛200G,스윗티,200G
45345,Training|Validation,커피차,분말차,아이스티,에스앤피)피치파라다이스,에스앤피,40G
45346,Training|Validation,커피차,분말차,아이스티,유니레버)립톤피치앤트로피칼망고,유니레버,45G
65074,Training|Validation,커피차,분말차,아이스티,유니레버코리아립톤티앤허니200G,유니레버코리아,200G
55896,Training|Validation,커피차,분말차,아이스티,크래프트하인즈코리아)크리스탈라이트핑크레몬에이드10T,크래프트하인즈코리아,36.8G
25248,Training|Validation,커피차,분말차,아이스티,크래프트하인즈코리아)크리스탈라이트핑크레몬에이드82G,크래프트하인즈코리아,82G
45504,Training|Validation,커피차,분말차,아이스티,티젠)티젠자몽쏙,티젠,50G
65189,Training|Validation,커피차,액상차,아이스티,홈플러스그린에이드샤인머스캣,홈플러스,225G
65216,Training|Validation,커피차,분말차,아이스티,홈플러스블루에이드소다맛15T,홈플러스,225G
65215,Training|Validation,커피차,분말차,아이스티,홈플러스핑크에이드레몬15T,홈플러스,225G
75019,Training|Validation,커피차,분말차,옥수수차,기린농협)통옥수수차,기린농협,750G
15384,Training|Validation,커피차,분말차,옥수수차,대한다업순작유기농옥수수수염차,기타,60G
15385,Training|Validation,커피차,분말차,옥수수차,꽃샘식품홈플러스옥수수수염차,꽃샘식품,60G
20318,Training|Validation,커피차,분말차,옥수수차,꽃샘옥수수수염차20T,꽃샘식품,30G
40180,Training|Validation,커피차,분말차,옥수수차,담터)옥수수수염차60G,담터,60G
60137,Training|Validation,커피차,분말차,옥수수차,동서)옥수수차300G,동서식품,300G
45375,Training|Validation,커피차,분말차,옥수수차,동서)자색옥수수차,동서식품,60G
30175,Training|Validation,커피차,분말차,옥수수차,동서옥수수차150G,동서식품,150G
35008,Training|Validation,커피차,분말차,옥수수차,샘표 순작유기농옥수수수염차 80T 120G,샘표식품,120G
45373,Training|Validation,커피차,분말차,옥수수차,순작)유기농옥수수차,순작,300G
66172,Training|Validation,커피차,분말차,옥수수차,신성에프앤비)몸애조화알곡옥수수차,신성에프앤비,450G
66058,Training|Validation,커피차,분말차,옥수수차,유기농산)국산발아유기농옥수수차,유기농산,100G
15617,Training|Validation,커피차,분말차,옥수수차,이마트 피코크 유기농국내산옥수수차 200G,이마트,200G
45687,Training|Validation,커피차,분말차,옥수수차,청정원)청정원유기농옥수수차,청정원,300G
55012,Training|Validation,커피차,분말차,옥수수차,simplus 옥수수수염차 100T 150G,홈플러스,150G
25005,Training|Validation,커피차,분말차,옥수수차,홈플러스시그니처 국내산옥수수수염차 100T 150G,홈플러스,150G
35934,Training|Validation,커피차,분말차,우엉차,가고파힐링푸드)우엉차,가고파힐링푸드,12G
65691,Training|Validation,커피차,분말차,우엉차,금광약초)매일마시는2리터의습관우엉차,금광약초,140G
15011,Training|Validation,커피차,분말차,우엉차,녹차원 팔방미인우엉차 100T 100G,녹차원,100G
65002,Training|Validation,커피차,분말차,우엉차,샘표 순작연근우엉차 40T 32G,샘표식품,32G
20204,Training|Validation,커피차,분말차,우엉차,송원)우엉차40G,송원,40G
35867,Training|Validation,커피차,분말차,우엉차,신성에프엔비)우엉차,신성에프엔비,100G
46039,Training|Validation,커피차,분말차,잎차,가고파힐링푸드)새싹보리차,가고파힐링푸드,12G
35943,Training|Validation,커피차,분말차,잎차,가고파힐링푸드)유기농라벤더,가고파힐링푸드,15G
35935,Training|Validation,커피차,분말차,잎차,가고파힐링푸드)유기농히비스커스,가고파힐링푸드,15G
65695,Training|Validation,커피차,분말차,잎차,광일)모링가잎분말,광일,130G
35005,Training|Validation,커피차,분말차,잎차,트와이닝 레몬보이차 25T 50G,기타,50G
25009,Training|Validation,커피차,분말차,잎차,꽃샘 그라비올라차 40T 28G,꽃샘식품,28G
45368,Training|Validation,커피차,분말차,잎차,꽃샘식품)보이차,꽃샘식품,90G
26016,Training|Validation,커피차,분말차,잎차,녹차원 히비스커스차52G,녹차원,52G
45019,Training|Validation,커피차,분말차,잎차,녹차원 히비스커스피라미드티백 60T 78G,녹차원,78g
55334,Training|Validation,커피차,분말차,잎차,녹차원메리골드결명자차10T,녹차원,6G
55331,Training|Validation,커피차,분말차,잎차,녹차원붉은빛새콤한맛을담은히비스커스차20T,녹차원,18G
65392,Training|Validation,커피차,분말차,잎차,녹차원뽕잎차40EA,녹차원,40G
70153,Training|Validation,커피차,분말차,잎차,담더)자스민차20G,담더,20G
35557,Training|Validation,커피차,분말차,잎차,더원비엔에프)카카오닙스,더원비엔에프,220G
30174,Training|Validation,커피차,분말차,잎차,동서결명자차144G,동서식품,144G
25007,Training|Validation,커피차,분말차,잎차,샘표 순작우리아이가좋아하는결명자차 160G,샘표식품,160G
20203,Training|Validation,커피차,분말차,잎차,송원)으뜸결명자차48G,송원,48G
90172,Training|Validation,커피차,분말차,잎차,송원뽕잎차,송원뽕잎,32G
45370,Training|Validation,커피차,분말차,잎차,순작)맛있는결명자차,순작,160G
46043,Training|Validation,커피차,분말차,잎차,신성에프엔비)결명자,신성에프엔비,250G
45012,Training|Validation,커피차,분말차,잎차,쌍계명차 보이차추출분말 12T 12G,쌍계명차,12g
25816,Training|Validation,커피차,분말차,잎차,쌍계명차 선명한세상결명국화차26G,쌍계명차,26G
45366,Training|Validation,커피차,분말차,잎차,쌍계명차)새싹보리착즙분말,쌍계명차,12G
35372,Training|Validation,커피차,분말차,잎차,쌍계명차히비스커스,쌍계명차,12G
36000,Training|Validation,커피차,분말차,잎차,엄마사랑)보이차추출분말,엄마사랑,220G
45357,Training|Validation,커피차,분말차,잎차,엔바이오텍)새싹보리분말,엔바이오텍,50G
60166,Training|Validation,커피차,분말차,잎차,우리차보이차24G,우리차,24G
66014,Training|Validation,커피차,분말차,잎차,티젠)티젠보이차10T마실수록가벼워지는보이차,티젠,18G
55778,Training|Validation,커피차,분말차,잎차,티젠)티젠보이차40T,티젠,28G
65864,Training|Validation,커피차,분말차,잎차,티젠)히비스커스아름다운여신들의차20T,티젠,36G
45367,Training|Validation,커피차,분말차,잎차,홈플러스)1000일의기다림보이차,홈플러스,90G
45369,Training|Validation,커피차,분말차,잎차,홈플러스)국내산결명자차,홈플러스,120G
55292,Training|Validation,커피차,분말차,잎차,홈플러스1000일의기다림보이차40T,홈플러스,36G
55009,Training|Validation,커피차,분말차,잎차,홈플러스시그니처 결명자차 50T 60G,홈플러스,60G
55007,Training|Validation,커피차,분말차,전통차,꽃샘 대추차포션 30Gx15 450G,꽃샘식품,450G
65214,Training|Validation,커피차,분말차,전통차,꽃샘더대추차플러스15T,꽃샘식품,225G
15017,Training|Validation,커피차,액상차,전통차,녹차원) 진쌍화차 480ML,녹차원,480ML
25018,Training|Validation,커피차,액상차,전통차,녹차원) 진한대추차 480ML,녹차원,480ML
55779,Training|Validation,커피차,분말차,전통차,담터)정성스럽게고른대추로만든대추차20T,담터,260G
55758,Training|Validation,커피차,분말차,전통차,담터)피코크정성스럽게고른쌍화원료로만든쌍화차20T,담터,260G
90153,Training|Validation,커피차,분말차,전통차,담터쌍화차225G,담터,225G
90154,Training|Validation,커피차,분말차,전통차,담터한차225G,담터,225G
65084,Training|Validation,커피차,분말차,전통차,두레방전통식혜메이킹240G,두레방식품,240G
45001,Training|Validation,커피차,분말차,전통차,초L 진한쌍화차 15G 15입,롯데슈퍼프레시,225g
56039,Training|Validation,커피차,분말차,전통차,신성에프엔비)몸애조화대추,신성에프엔비,100G
10200,Training|Validation,커피차,분말차,전통차,오뚜기)궁중한차270g,오뚜기,270G
45973,Training|Validation,커피차,분말차,전통차,율성라이프)대추야자,율성라이프,450G
55004,Training|Validation,커피차,분말차,전통차,simplus 대추차 30T 450G,홈플러스,450G
15006,Training|Validation,커피차,분말차,전통차,simplus 쌍화차 30T 450G,홈플러스,450G
60286,Training|Validation,커피차,분말차,커피,SweetHug)모카커피믹스40T,SweetHug,480G
60271,Training|Validation,커피차,분말차,커피,SweetHug)아메리카노30T,SweetHug,30G
60098,Training|Validation,커피차,분말차,커피,카페드롭탑더치아메리카노20G,기타,20G
25014,Training|Validation,커피차,분말차,커피,트룽 G7블랙커피 15T 30G,기타,30G
35021,Training|Validation,커피차,분말차,커피,파워루트_알리카페카푸치노_10T 200G,기타,200G
A40015,Training|Validation,커피차,분말차,커피,(주)나무인터내셔널헤이즐넛향커피,나무인터내셔널,200g
15376,Training|Validation,커피차,분말차,커피,남양 루카스나인 더블샷라떼 149G,남양유업,149G
45005,Training|Validation,커피차,분말차,커피,남양 루카스나인돌체라떼 30T 507G,남양유업,507g
45003,Training|Validation,커피차,분말차,커피,남양 프리미엄프렌치카페골드라벨 50T 535G,남양유업,535g
45022,Training|Validation,커피차,분말차,커피,남양_루카스나인라떼_10T 149G,남양유업,149G
15024,Training|Validation,커피차,분말차,커피,남양_루카스나인바닐라라떼_10T 169G,남양유업,169G
55330,Training|Validation,커피차,분말차,커피,남양프렌치카페카페믹스20T,남양유업,218G
10322,Training|Validation,커피차,분말차,커피,남양프렌치카페카페믹스50T,남양유업,545G
65016,Training|Validation,커피차,분말차,커피,네스카페 부드러운모카 50T,네스카페,50T
15009,Training|Validation,커피차,분말차,커피,네스카페 신선한모카믹스 20T 234G,네스카페,234G
20109,Training|Validation,커피차,분말차,커피,네스카페)수프리모아메리카노22G,네스카페,22G
70233,Training|Validation,커피차,분말차,커피,네스카페오리진스알타리카,네스카페,11G
40253,Training|Validation,커피차,분말차,커피,네스카페오리진스콜롬비아10T,네스카페,11G
40252,Training|Validation,커피차,분말차,커피,네스카페우간다케냐10T,네스카페,11G
20264,Training|Validation,커피차,분말차,커피,네스카페인도네시아수마트라10T,네스카페,11G
15374,Training|Validation,커피차,분말차,커피,네슬레 네스카페 수프리모오리지널커피믹스 234G,네슬레코리아,234G
45016,Training|Validation,커피차,분말차,커피,네슬레 초이스오리지날 리필 170G,네슬레코리아,170g
20120,Training|Validation,커피차,분말차,커피,네슬레)신선한모카커피믹스15.2G,네슬레코리아,15.2G
25025,Training|Validation,커피차,분말차,커피,네슬레_네스카페수프리모디카페인_150G,네슬레코리아,150G
10317,Training|Validation,커피차,분말차,커피,네슬레네스카페부드러운모카,네슬레코리아,220G
30281,Training|Validation,커피차,분말차,커피,네슬레네스카페부드러운모카50T,네슬레코리아,550G
80254,Training|Validation,커피차,분말차,커피,네슬레네스카페크레마인텐소미니아메리카노30T,네슬레코리아,30G
65309,Training|Validation,커피차,분말차,커피,동서맥심원두분쇄커피싱글오리진10T,동서,80G
A30019,Training|Validation,커피차,분말차,커피,(주)동서식품맥심시그니처블렌드,동서식품,200g
A40018,Training|Validation,커피차,분말차,커피,(주)맥심부드러운블랙,동서식품,56g
15373,Training|Validation,커피차,분말차,커피,동서 맥심 아라비카100 236G,동서식품,236G
55008,Training|Validation,커피차,분말차,커피,동서 맥심 화이트골드 믹스 (50T 11.7G),동서식품,50T
70207,Training|Validation,커피차,분말차,커피,동서 맥심카누 돌체라떼 8T,동서식품,138.4g
15339,Training|Validation,커피차,액상차,커피,동서 스타벅스 파이크 플레이스로스트 스위트블랙커피 275ML,동서식품,275ML
45350,Training|Validation,커피차,분말차,커피,동서)카누시그니처다크로스트,동서식품,21.6G
25377,Training|Validation,커피차,분말차,커피,동서맥심모카골드마일드,동서식품,100G
15380,Training|Validation,커피차,분말차,커피,동서맥심모카골드마일드커피믹스,동서식품,360G
15387,Training|Validation,커피차,분말차,커피,동서맥심모카골드마일드커피믹스20T,동서식품,240G
65313,Training|Validation,커피차,분말차,커피,동서맥심부드러운블랙아라비카10020T,동서식품,56G
55390,Training|Validation,커피차,분말차,커피,동서맥심부드러운블랙오리지날,동서식품,54G
90164,Training|Validation,커피차,분말차,커피,동서맥심오리지날(50개입)500G,동서식품,500G
35368,Training|Validation,커피차,분말차,커피,동서맥심원두분쇄커피싱글오리진브라질산로스,동서식품,80G
40300,Training|Validation,커피차,분말차,커피,동서맥심카누라떼10T,동서식품,135G
65327,Training|Validation,커피차,분말차,커피,동서맥심카누마일드로스트스위트아메리카노10T,동서식품,52G
10319,Training|Validation,커피차,분말차,커피,동서맥심카누마일드아메리카노10T,동서식품,16G
65334,Training|Validation,커피차,분말차,커피,동서맥심카누미니마일드로스트스위트아메리카노10T,동서식품,29G
65336,Training|Validation,커피차,분말차,커피,동서맥심카누시그니처다크로스트12T(미니),동서식품,10.8G
65335,Training|Validation,커피차,분말차,커피,동서맥심카누시그니처미디엄로스트12T,동서식품,21.6G
65337,Training|Validation,커피차,분말차,커피,동서맥심카누시그니처미디엄로스트12T(미니),동서식품,10.8G
30278,Training|Validation,커피차,분말차,커피,동서맥심카누콜롬비아다크로스트10T,동서식품,16G
15010,Training|Validation,커피차,분말차,커피,동서식품 맥심모카골드라이트믹스 20T 236G,동서식품,236G
35016,Training|Validation,커피차,분말차,커피,동서식품 맥심모카골드마일드 리필 170G,동서식품,170G
65012,Training|Validation,커피차,분말차,커피,동서식품 맥심아라비카커피 리필 150G,동서식품,150G
15003,Training|Validation,커피차,분말차,커피,동서식품 맥심카누더블샷라떼 30T 405G,동서식품,405G
25021,Training|Validation,커피차,분말차,커피,동서식품 카누디카페인미니아메리카노 10T 9G,동서식품,9G
15014,Training|Validation,커피차,분말차,커피,동서식품 카누디카페인미니아메리카노 30T 27G,동서식품,27G
25023,Training|Validation,커피차,분말차,커피,동서식품_맥심아라비카100아메리카노_20T 18G,동서식품,18G
15022,Training|Validation,커피차,분말차,커피,동서식품_맥심원두분쇄시그니처 블렌드 _200G,동서식품,200G
55018,Training|Validation,커피차,분말차,커피,동서식품_맥심카페카라멜향마키아또_10T 130G,동서식품,130G
15378,Training|Validation,커피차,분말차,커피,동서식품맥심모카골드심플라떼,동서식품,210G
20317,Training|Validation,커피차,분말차,커피,동서카누마일드미니스위트30T,동서식품,87G
30279,Training|Validation,커피차,분말차,커피,동서카누마일드아메리카노30T,동서식품,27G
A20014,Training|Validation,커피차,분말차,커피,맥심)디카페인,동서식품,10G
60139,Training|Validation,커피차,분말차,커피,맥심)모카골드마일드커피믹스50스틱600G,동서식품,600G
A20013,Training|Validation,커피차,분말차,커피,맥심)부드러운블랙모카골드,동서식품,54G
20107,Training|Validation,커피차,분말차,커피,맥심)스위트아메리카노54G,동서식품,54G
A10018,Training|Validation,커피차,분말차,커피,맥심)아라비카100,동서식품,100G
30167,Training|Validation,커피차,분말차,커피,맥심)오리지널커피믹스20스틱236G,동서식품,236G
20106,Training|Validation,커피차,분말차,커피,맥심)카누시그니처다크로스트10.8G,동서식품,10.85G
15381,Training|Validation,커피차,분말차,커피,맥심모카골드라이트커피믹스,동서식품,590G
60100,Training|Validation,커피차,분말차,커피,맥심모카골드마일드커피믹스18G,동서식품,18G
50128,Training|Validation,커피차,분말차,커피,맥심모카골드마일드커피믹스585G,동서식품,585G
65329,Training|Validation,커피차,분말차,커피,맥심카누다크로스트아메리카노10T,동서식품,16G
55299,Training|Validation,커피차,분말차,커피,맥심카누디카페인아메리카노10T,동서식품,16G
65328,Training|Validation,커피차,분말차,커피,맥심카누마일드로스트아메리카노10T,동서식품,16G
50153,Training|Validation,커피차,분말차,커피,맥심화이트골드234G,동서식품,234G
50123,Training|Validation,커피차,분말차,커피,맥심화이트골드585G,동서식품,585G
60099,Training|Validation,커피차,분말차,커피,맥심화이트골드커피믹스17.55G,동서식품,17.55G
10201,Training|Validation,커피차,분말차,커피,커맥스웰하우스커피믹스오리지날236G,동서식품,236G
25921,Training|Validation,커피차,분말차,커피,두리인터내셔날 폴바셋바리스타파우치과테말라우에우에테낭고48G,두리인터내셔날,48G
65322,Training|Validation,커피차,분말차,커피,로버트팀즈다크로스트10T,로버트팀,58G
65321,Training|Validation,커피차,분말차,커피,로버트팀즈이탈리안에스프레소스타일8T,로버트팀,46G
45347,Training|Validation,커피차,분말차,커피,롯데)콜롬비아수프레모,롯데제과,56G
45348,Training|Validation,커피차,분말차,커피,롯데)케냐AA,롯데칠성음료,56G
15382,Training|Validation,커피차,분말차,커피,롯데네스까페수프리모아메리카노,롯데칠성음료,100G
26041,Training|Validation,커피차,분말차,커피,롯데네슬레 스윗허그아메리카노30G,롯데칠성음료,30G
15383,Training|Validation,커피차,분말차,커피,롯데테이스터스초이스마일드모카,롯데칠성음료,170G
25920,Training|Validation,커피차,분말차,커피,롯데푸드 엔젤리너스콜롬비아수프리모드립백56G,롯데푸드,56G
35633,Training|Validation,커피차,분말차,커피,롯데푸드)콜롬비아유기농,롯데푸드,56G
45670,Training|Validation,커피차,분말차,커피,롯데푸드)콜롬비아유기농,롯데푸드,40G
15020,Training|Validation,커피차,분말차,커피,맥널티 헤즐넛향커피 50G,맥널티,50G
65021,Training|Validation,커피차,분말차,커피,맥널티_자메이카블루마운틴블렌드분쇄_226G,맥널티,226G
65311,Training|Validation,커피차,분말차,커피,맥널티액상커피헤이즐넛향8T,맥널티,160G
25302,Training|Validation,커피차,분말차,커피,맥널티커피 에티오피아예가체프G2핸드드립원두커피 56G,맥널티,56G
20108,Training|Validation,커피차,분말차,커피,맥널티커피)아이브루헤이즐넛30G,맥널티,30G
55295,Training|Validation,커피차,분말차,커피,맥널티케냐더블에이,맥널티,56G
65319,Training|Validation,커피차,분말차,커피,맥널티콜롬비아슈프리모맥널티싱글오리진핸드드립커피,맥널티,56G
45338,Training|Validation,커피차,분말차,커피,바이오믹스테크)무설탕비타민C복숭아티,바이오믹스테크,100G
45339,Training|Validation,커피차,분말차,커피,바이오믹스테크)무설탕슈퍼아로니아베리티,바이오믹스테크,100G
45337,Training|Validation,커피차,분말차,커피,바이오믹스테크)무설탕콜라겐석류베리티,바이오믹스테크,100G
20266,Training|Validation,커피차,분말차,커피,서울 강릉커피블랙 2+1,서울 강,250ML
65843,Training|Validation,커피차,분말차,커피,에스씨디글로벌)포켓커피초콜릿에스프레소5개입,에스씨디글로벌,62G
65310,Training|Validation,커피차,분말차,커피,엔지레너스에티오피아예가체프8T,엔지레너스,56G
A10019,Training|Validation,커피차,분말차,커피,오울)코코넛슈거커피,오울,200G
A30018,Training|Validation,커피차,분말차,커피,(주)이디야케냐AA테이블탑,이디야,200g
25022,Training|Validation,커피차,분말차,커피,이디야_비니스트아메리카노 오리지널 _30T 30G,이디야,30G
55020,Training|Validation,커피차,분말차,커피,이디야_커피랩페르소나블렌드_200G,이디야,200G
65333,Training|Validation,커피차,분말차,커피,이디야블렌딩티피나콜라다10T,이디야,15G
55333,Training|Validation,커피차,분말차,커피,이디야비니스트카페라떼10T,이디야,130G
15853,Training|Validation,커피차,분말차,커피,이마트 피코크과테말라에스에이치비200G,이마트,200G
35613,Training|Validation,커피차,분말차,커피,이마트)라바짜에스프레소델리카토캡슐커피,이마트,50G
15891,Training|Validation,커피차,분말차,커피,이마트피코크 브라질세라도엔와이투커피원두200G,이마트,200G
A20012,Training|Validation,커피차,분말차,커피,지7에스프레소인스턴트커피,지세븐,37.5G
80124,Training|Validation,커피차,분말차,커피,카누다크로스트스위트아메리카노9g,카누,9g
80122,Training|Validation,커피차,분말차,커피,카누다크로스트아메리카노9g,카누,9g
80123,Training|Validation,커피차,분말차,커피,카누마일드로스트스위트아메리카노9g,카누,9g
80121,Training|Validation,커피차,분말차,커피,카누마일드로스트아메리카노9g,카누,9g
56047,Training|Validation,커피차,분말차,커피,커피빈코리아)커피빈캡틴아메리카노10T,커피빈코리아,9G
56046,Training|Validation,커피차,분말차,커피,커피빈코리아)커피빈콜롬비아아메리카노10T,커피빈코리아,9G
65384,Training|Validation,커피차,분말차,커피,코엔에프맥널티아메리카노블랙,코엔에프,144G
65326,Training|Validation,커피차,분말차,커피,알리카페클래식15T,파워루트,27G
65997,Training|Validation,커피차,분말차,커피,한국맥널티)그레인라떼10T,한국맥널티,280G
45344,Training|Validation,커피차,분말차,커피,한국맥널티)맥널티헤이즐넛향핸드드립원두커피,한국맥널티,42G
30074,Training|Validation,커피차,분말차,커피,한국맥널티)콜롬비아싱글오리진5G,한국맥널티,5G
30073,Training|Validation,커피차,분말차,커피,한국맥널티)행복을주는커피헤이즐넛향5G,한국맥널티,5G
25374,Training|Validation,커피차,분말차,커피,한국맥널티깊은맛블루마운틴스타일원두커피팩,한국맥널티,60G
35369,Training|Validation,커피차,분말차,커피,한국맥널티향이좋은헤이즐넛향원두커피백,한국맥널티,60G
45356,Training|Validation,커피차,분말차,커피,홈플러스)이탈리안로스트분쇄커피,홈플러스,227G
45352,Training|Validation,커피차,분말차,커피,홈플러스)콜롬비안분쇄커피,홈플러스,227G
45353,Training|Validation,커피차,분말차,커피,홈플러스)콜롬비안홀빈커피,홈플러스,227G
45354,Training|Validation,커피차,분말차,커피,홈플러스)프랜치로스트분쇄커피,홈플러스,227G
45355,Training|Validation,커피차,분말차,커피,홈플러스)하우스블랜드분쇄커피,홈플러스,227G
35373,Training|Validation,커피차,분말차,커피,홈플러스하우스블랜드홀빈커피,홈플러스,227G
15375,Training|Validation,커피차,분말차,커피,효성 지7커피믹스3인1 288G,효성,288G
65437,Training|Validation,커피차,분말차,커피,효성인터내셔날지7커피100T,효성인터내셔날,200G
75090,Training|Validation,커피차,분말차,커피,효성지7커피믹스3IN1(10T),효성인터내셔날,160G
65320,Training|Validation,커피차,분말차,커피,효성지7커피인스턴트커피15T(지쎄븐),효성인터내셔날,30G
A40017,Training|Validation,커피차,분말차,코코아/핫초코,미가방주식회사제티초콕딸기맛,기타,72g
A40016,Training|Validation,커피차,분말차,코코아/핫초코,미가방주식회사제티초콕바나나맛,기타,72g
35023,Training|Validation,커피차,분말차,코코아/핫초코,남양유업_루카스나인그린티라떼10T_189G,남양유업,189G
25020,Training|Validation,커피차,분말차,코코아/핫초코,네슬레 네스퀵쵸코리필 400G,네슬레코리아,400G
45011,Training|Validation,커피차,분말차,코코아/핫초코,네슬레 핫초코오리지날 600G,네슬레코리아,600g
10108,Training|Validation,커피차,분말차,코코아/핫초코,네슬레)네슬레핫쵸코오리지날24G,네슬레코리아,24G
25003,Training|Validation,커피차,분말차,코코아/핫초코,녹차원 녹차라떼 10T 130G,녹차원,130G
65013,Training|Validation,커피차,분말차,코코아/핫초코,동서 미떼 핫초코 오리지날 10T 30G,동서식품,30G
20319,Training|Validation,커피차,분말차,코코아/핫초코,동서맥심카누민트초코라떼 8T,동서식품,138G
15002,Training|Validation,커피차,분말차,코코아/핫초코,동서미떼핫초코티라미수 300G,동서식품,300G
65010,Training|Validation,커피차,분말차,코코아/핫초코,동서식품 미떼핫초코마일드 10T 300G,동서식품,300G
65009,Training|Validation,커피차,분말차,코코아/핫초코,동서식품 미떼핫초코오리지날 40T 680G,동서식품,680G
65007,Training|Validation,커피차,분말차,코코아/핫초코,동서식품 미떼핫초코오리지날캔 430G,동서식품,430G
15007,Training|Validation,커피차,분말차,코코아/핫초코,동서식품 제티딸기스틱 20T 340G,동서식품,340G
15008,Training|Validation,커피차,분말차,코코아/핫초코,동서식품 제티쿠키앤초코 20T 340G,동서식품,340G
A20017,Training|Validation,커피차,분말차,코코아/핫초코,동서식품)제티바나나맛,동서식품,340G
55019,Training|Validation,커피차,분말차,코코아/핫초코,동서식품_제티초콕초코렛맛_10T 36G,동서식품,36G
45025,Training|Validation,커피차,분말차,코코아/핫초코,동서식품_제티초콕쿠키앤초코맛_20T 72G,동서식품,72G
65025,Training|Validation,커피차,분말차,코코아/핫초코,동서식품_제티초콕쿠키앤쵸코_36G,동서식품,36G
15802,Training|Validation,커피차,분말차,코코아/핫초코,마음푸드 처음먹는칼슘시리얼코코아100G,마음푸드,100G
66210,Training|Validation,커피차,분말차,코코아/핫초코,미성패밀리)스위스미스마시멜로핫코코아믹스5입,미성패밀리,140g
35824,Training|Validation,커피차,분말차,코코아/핫초코,미성패밀리)허쉬오리지널핫초코,미성패밀리,120G
55695,Training|Validation,커피차,분말차,코코아/핫초코,미성패밀리스위스미스마시멜로핫코코아믹스,미성패밀리,280g
65006,Training|Validation,커피차,분말차,코코아/핫초코,허쉬 핫초코 오리지널 450G,미성패밀리,450G
65338,Training|Validation,커피차,분말차,코코아/핫초코,허쉬오리지널핫초코(종이컵분말),미성패밀리,30G
25011,Training|Validation,커피차,분말차,코코아/핫초코,스위스미스머쉬멜로우코코아 10T 280G,스위스미,280G
65005,Training|Validation,커피차,분말차,코코아/핫초코,스위스미스머쉬멜로우코코아 737G,스위스미,737G
15965,Training|Validation,커피차,분말차,코코아/핫초코,롯데쇼핑 신비아파트핫초코300G,스위트허그,300G
30072,Training|Validation,커피차,분말차,코코아/핫초코,한국맥널티)얼그레이라떼30G,한국맥널티,30G
35933,Training|Validation,커피차,분말차,허브차,가고파힐링푸드)유기농레몬밤,가고파힐링푸드,10G
35937,Training|Validation,커피차,분말차,허브차,가고파힐링푸드)유기농루이보스,가고파힐링푸드,15G
35936,Training|Validation,커피차,분말차,허브차,가고파힐링푸드)유기농페파민트,가고파힐링푸드,15G
35986,Training|Validation,커피차,분말차,허브차,롯데마트)루이보스차,기타,40G
36044,Training|Validation,커피차,분말차,허브차,롯데쇼핑)페퍼민트차미국산(OEM)20T,기타,40G
65697,Training|Validation,커피차,분말차,허브차,내추럴브릿지)레몬밤추출물분말,내추럴브릿지,190G
15377,Training|Validation,커피차,분말차,허브차,녹차원 레몬밤 허브차 16G,녹차원,16G
65316,Training|Validation,커피차,분말차,허브차,녹차원쟈스민허브차20T,녹차원,20G
65317,Training|Validation,커피차,분말차,허브차,녹차원페퍼민트허브차20T,녹차원,16G
35631,Training|Validation,커피차,분말차,허브차,동원)르블렌피치캐모마일,동원F&B,500ML
35924,Training|Validation,커피차,분말차,허브차,롯데쇼핑)틸리아얼그레이,롯데쇼핑,40G
45010,Training|Validation,커피차,분말차,허브차,립톤 레몬버베나허브티 10T 7G,립톤 레,7g
45009,Training|Validation,커피차,분말차,허브차,립톤 루이보스허브티 10T 15G,립톤 루,15g
35003,Training|Validation,커피차,분말차,허브차,립톤 캐모마일허브티 10T 12G,립톤 캐,12G
35004,Training|Validation,커피차,분말차,허브차,립톤 페퍼민트허브티 10T 12G,립톤 페,12G
26103,Training|Validation,커피차,분말차,허브차,롯데쇼핑 스위트허그캐모마일차40G,스위트허그,40G
35017,Training|Validation,커피차,분말차,허브차,쌍계명차 레몬밤추출분말 12T 12G,쌍계명차,12매
65869,Training|Validation,커피차,분말차,허브차,쌍계명차)피코크루이보스민트블렌드티7T,쌍계명차,7G
56064,Training|Validation,커피차,분말차,허브차,씨제이제일제당)쁘띠첼미초스트로베리쟈스민,씨제이제일제당,900ML
45376,Training|Validation,커피차,분말차,허브차,에스씨코리아)3시15분얼그레이밀크티,에스씨코리아,100G
45343,Training|Validation,커피차,분말차,허브차,에스앤피)오가닉카모마일&스피어민트,에스앤피,30G
36045,Training|Validation,커피차,분말차,허브차,롯데쇼핑)얼그레이홍차스리랑카산(OEM)20T,온리프라이스,40G
45351,Training|Validation,커피차,분말차,허브차,유니레버)립톤로즈마리허브티,유니레버,15G
35292,Training|Validation,커피차,분말차,허브차,유니레버코리아)립톤라임허브티9G,유니레버코리아,9G
55336,Training|Validation,커피차,분말차,허브차,이디야루이보스옐로우플라워,이디야,15G
15734,Training|Validation,커피차,분말차,허브차,이마트 루이보스오렌지블렌드티 7G,이마트,7G
15733,Training|Validation,커피차,분말차,허브차,이마트 페퍼민트티 4.9G,이마트,4.9G
25801,Training|Validation,커피차,분말차,허브차,이마트피코크 레몬밤5.6G,이마트,5.6G
25803,Training|Validation,커피차,분말차,허브차,이마트피코크 바닐라민트4G,이마트,4G
25800,Training|Validation,커피차,분말차,허브차,이마트피코크 얼그레이4.9G,이마트,4.9G
25799,Training|Validation,커피차,분말차,허브차,이마트피코크 캐모마일허니블렌드티4.9G,이마트,4.9G
55291,Training|Validation,커피차,분말차,허브차,이지케어오늘하루굿나잇캐모마일감태차,이지케어,10G
46032,Training|Validation,커피차,분말차,홍차,가고파힐링푸드)얼그레이홍차,가고파힐링푸드,10G
26065,Training|Validation,커피차,분말차,홍차,동서식품 타라클래식블랙티망고피치향36G,동서식품,36G
45902,Training|Validation,커피차,분말차,홍차,한국뉴초이스푸드)아쌈블랙티,한국뉴초이스푸드,400ML
65648,Training|Validation,통조림/안주,통조림,가미통조림,CJ더건강한페퍼&갈릭블랙페퍼가햄속으로,CJ제일제당,200G
10170,Training|Validation,통조림/안주,통조림,가미통조림,CJ스팸200G,CJ제일제당,200G
10168,Training|Validation,통조림/안주,통조림,가미통조림,CJ스팸340G,CJ제일제당,340G
35264,Training|Validation,통조림/안주,통조림,가미통조림,CJ제일제당)더건강한오리지널340G,CJ제일제당,340G
20313,Training|Validation,통조림/안주,통조림,가미통조림,그린자이안트니블렛스위트콘 340G,그린자이언트,340G
35262,Training|Validation,통조림/안주,통조림,가미통조림,프랑스)그린자이언트니블렛스위트콘340G,기타,340G
10264,Training|Validation,통조림/안주,통조림,가미통조림,대상 종가집 캔김치깔끔한맛,대상,160G
35778,Training|Validation,통조림/안주,통조림,가미통조림,대상)고소한맛종가집볶음김치,대상,160G
35779,Training|Validation,통조림/안주,통조림,가미통조림,대상)제주돼지햄,대상,340G
65802,Training|Validation,통조림/안주,통조림,가미통조림,대상)종가집깔끔한맛종가집김치(캔),대상,160G
65815,Training|Validation,통조림/안주,통조림,가미통조림,대상)피코크제주흑돼지햄,대상,340G
55708,Training|Validation,통조림/안주,통조림,가미통조림,대상피코크금돼지식당,대상,200G
46002,Training|Validation,통조림/안주,통조림,가미통조림,대주바이오)캣츠미어참치와도미토핑,대주바이오,170G
46070,Training|Validation,통조림/안주,통조림,가미통조림,대주바이오)캣츠미어참치와연어토핑,대주바이오,170G
46001,Training|Validation,통조림/안주,통조림,가미통조림,대주바이오)캣츠미어참치와오리지날,대주바이오,170G
46003,Training|Validation,통조림/안주,통조림,가미통조림,대주바이오)캣츠미어참치와치킨토핑,대주바이오,170G
46071,Training|Validation,통조림/안주,통조림,가미통조림,대주바이오)캣츠미어참치와흰살토핑,대주바이오,170G
A20022,Training|Validation,통조림/안주,통조림,가미통조림,동원)고추참치,동원F&B,100G
50147,Training|Validation,통조림/안주,통조림,가미통조림,동원)고추참치250G,동원F&B,250G
45996,Training|Validation,통조림/안주,통조림,가미통조림,동원)뉴트라플랜흰살참치와게맛살,동원F&B,160G
45998,Training|Validation,통조림/안주,통조림,가미통조림,동원)뉴트라플랜흰살참치와치즈,동원F&B,160G
46065,Training|Validation,통조림/안주,통조림,가미통조림,동원)뉴트리나비스트로흰살참치와연어,동원F&B,160G
46075,Training|Validation,통조림/안주,통조림,가미통조림,동원)뉴트리플랜스페셜데이건강한간식참치,동원F&B,90G
46074,Training|Validation,통조림/안주,통조림,가미통조림,동원)뉴트리플랜스페셜데이든든한아침참치와닭고기,동원F&B,90G
46068,Training|Validation,통조림/안주,통조림,가미통조림,동원)뉴트리플랜참치와통새우,동원F&B,160G
46067,Training|Validation,통조림/안주,통조림,가미통조림,동원)뉴트리플랜흰살참치와연어,동원F&B,160G
25204,Training|Validation,통조림/안주,통조림,가미통조림,동원)동원참치100G,동원F&B,100G
66330,Training|Validation,통조림/안주,통조림,가미통조림,동원)동원참치쿡미역국용100G,동원F&B,100G
35287,Training|Validation,통조림/안주,통조림,가미통조림,동원)동원참치쿡미역국용300G,동원F&B,300G
66332,Training|Validation,통조림/안주,통조림,가미통조림,동원)동원참치쿡볶음밥용100G,동원F&B,100G
25205,Training|Validation,통조림/안주,통조림,가미통조림,동원)동원참치쿡짜글이용100G,동원F&B,100G
35286,Training|Validation,통조림/안주,통조림,가미통조림,동원)동원참치쿸미역국용100G,동원F&B,100G
65814,Training|Validation,통조림/안주,통조림,가미통조림,동원)리챔오리지날,동원F&B,340G
25203,Training|Validation,통조림/안주,통조림,가미통조림,동원)맛있는살코기더참치고소한쌈90G,동원F&B,90G
65846,Training|Validation,통조림/안주,통조림,가미통조림,동원)볶음카레참치3개입(번들),동원F&B,300G
35682,Training|Validation,통조림/안주,통조림,가미통조림,동원)양반갓김치,동원F&B,160G
35681,Training|Validation,통조림/안주,통조림,가미통조림,동원)양반총각김치,동원F&B,160G
35902,Training|Validation,통조림/안주,통조림,가미통조림,동원F&B)뉴트리플랜흰살참치와멸치,동원F&B,160G
35249,Training|Validation,통조림/안주,통조림,가미통조림,동원F&B)리챔오리지널300G,동원F&B,300G
35248,Training|Validation,통조림/안주,통조림,가미통조림,동원F&B)리챔오리지널900G,동원F&B,900G
10139,Training|Validation,통조림/안주,통조림,가미통조림,동원고추참치150G,동원F&B,150G
10171,Training|Validation,통조림/안주,통조림,가미통조림,동원리챔200G,동원F&B,200G
10172,Training|Validation,통조림/안주,통조림,가미통조림,동원리챔오리지날120G,동원F&B,120G
65759,Training|Validation,통조림/안주,통조림,가미통조림,동원맛있게발라먹는스낵참치고소마요3캔100G*3,동원F&B,300G
65760,Training|Validation,통조림/안주,통조림,가미통조림,동원맛있게발라먹는스낵참치매콤마요3캔100G*3,동원F&B,300G
65758,Training|Validation,통조림/안주,통조림,가미통조림,동원맛있게발라먹는스낵참치상큼마요3캔100G*3,동원F&B,300G
10141,Training|Validation,통조림/안주,통조림,가미통조림,동원매운고추참치150G,동원F&B,150G
66373,Training|Validation,통조림/안주,통조림,가미통조림,동원볶음짜장참치100G,동원F&B,100G
66334,Training|Validation,통조림/안주,통조림,가미통조림,동원볶음카레참치100G,동원F&B,100G
65761,Training|Validation,통조림/안주,통조림,가미통조림,동원부드럽게비벼먹는뽀로로참치키즈3캔100G*3,동원F&B,300G
66326,Training|Validation,통조림/안주,통조림,가미통조림,동원뽀로로참치키즈100G,동원F&B,100G
66328,Training|Validation,통조림/안주,통조림,가미통조림,동원스낵참치고소마요100G,동원F&B,100G
66329,Training|Validation,통조림/안주,통조림,가미통조림,동원스낵참치매콤마요100G,동원F&B,100G
66327,Training|Validation,통조림/안주,통조림,가미통조림,동원스낵참치상큼마요100G,동원F&B,100G
10167,Training|Validation,통조림/안주,통조림,가미통조림,동원스위트콘340G,동원F&B,340G
40177,Training|Validation,통조림/안주,통조림,가미통조림,동원야채참치100g,동원F&B,100g
10142,Training|Validation,통조림/안주,통조림,가미통조림,동원야채참치150G,동원F&B,150G
10147,Training|Validation,통조림/안주,통조림,가미통조림,동원양반김치160G,동원F&B,160G
40179,Training|Validation,통조림/안주,통조림,가미통조림,동원참치200G,동원F&B,200G
40101,Training|Validation,통조림/안주,통조림,가미통조림,동원참치라이트스탠다드100G,동원F&B,100G
65763,Training|Validation,통조림/안주,통조림,가미통조림,동원참치쿡볶음밥용3캔100G*3,동원F&B,300G
10169,Training|Validation,통조림/안주,통조림,가미통조림,롯데런천미트340G,롯데푸드,340G
40305,Training|Validation,통조림/안주,통조림,가미통조림,롯데푸드 로스팜엔네이처 120G,롯데푸드,120G
20315,Training|Validation,통조림/안주,통조림,가미통조림,롯데푸드 롯데햄 런천미트 200G,롯데푸드,200G
60273,Training|Validation,통조림/안주,통조림,가미통조림,롯데푸드 롯데햄 런천미트 200G,롯데푸드,200G
15294,Training|Validation,통조림/안주,통조림,가미통조림,롯데햄 장조림240G(번들),롯데햄,240G
15296,Training|Validation,통조림/안주,통조림,가미통조림,롯데햄 장조림80G(단품),롯데햄,80G
10148,Training|Validation,통조림/안주,통조림,가미통조림,롯데햄고추장고기볶음95G,롯데햄,95G
10140,Training|Validation,통조림/안주,통조림,가미통조림,롯데햄장조림140G,롯데햄,140G
10149,Training|Validation,통조림/안주,통조림,가미통조림,롯데햄장조림95G,롯데햄,95G
25287,Training|Validation,통조림/안주,통조림,가미통조림,사조 안심팜340G,사조,340G
25206,Training|Validation,통조림/안주,통조림,가미통조림,사조)손이안전한안심따개고추참치100G,사조,100G
25207,Training|Validation,통조림/안주,통조림,가미통조림,사조)손이안전한안심따개야채참치100G,사조,100G
66336,Training|Validation,통조림/안주,통조림,가미통조림,사조바베큐맛참치100G,사조,100G
65756,Training|Validation,통조림/안주,통조림,가미통조림,사조손이안전한바베큐맛참치3캔100G*3,사조,300G
65755,Training|Validation,통조림/안주,통조림,가미통조림,사조손이안전한안심따개고추참치3캔100G*3,사조,300G
50180,Training|Validation,통조림/안주,통조림,가미통조림,사조참치살코기(안심따개)100g,사조,100g
45282,Training|Validation,통조림/안주,통조림,가미통조림,샘표)우리엄마매콤한깻잎70G,샘표,70G
80196,Training|Validation,통조림/안주,통조림,가미통조림,샘표 우리엄마명이절임,샘표식품,70G
55283,Training|Validation,통조림/안주,통조림,가미통조림,샘표우리엄마돼지장조림,샘표식품,110G
55282,Training|Validation,통조림/안주,통조림,가미통조림,샘표우리엄마쇠고기장조림,샘표식품,110G
35679,Training|Validation,통조림/안주,통조림,가미통조림,씨제이)스팸25%라이트,씨제이제일제당,340G
35680,Training|Validation,통조림/안주,통조림,가미통조림,씨제이)스팸리치치즈,씨제이제일제당,340G
45528,Training|Validation,통조림/안주,통조림,가미통조림,씨제이)스팸리치치즈,씨제이제일제당,200G
35678,Training|Validation,통조림/안주,통조림,가미통조림,씨제이)스팸핫&스파이시,씨제이제일제당,340G
55444,Training|Validation,통조림/안주,통조림,가미통조림,씨제이더건강한햄클래식오리지널,씨제이제일제당,200G*3
65810,Training|Validation,통조림/안주,통조림,가미통조림,씨제이제일제당스팸25%라이트,씨제이제일제당,340G
65483,Training|Validation,통조림/안주,통조림,가미통조림,씨제이제일제당스팸핫&스파이시,씨제이제일제당,200G
66338,Training|Validation,통조림/안주,통조림,가미통조림,알알이)스위트콘340G,알알이,340G
35285,Training|Validation,통조림/안주,통조림,가미통조림,양포식품)우리엄마메추리알장조림130G,양포식품,130G
45205,Training|Validation,통조림/안주,통조림,가미통조림,양포식품주식회사)우리엄마깨끗한깻잎70G,양포식품주식회사,70G
25288,Training|Validation,통조림/안주,통조림,가미통조림,오뚜기 살코기오뚜기참치안심알미늄150G,오뚜기,150G
15037,Training|Validation,통조림/안주,통조림,가미통조림,오뚜기 스위트콘 340G,오뚜기,340G
56076,Training|Validation,통조림/안주,통조림,가미통조림,우리와)프로베스트캣푸드참치와게맛살,우리와,80G
46059,Training|Validation,통조림/안주,통조림,가미통조림,우리와)프로베스트캣푸드참치와연어,우리와,80G
46061,Training|Validation,통조림/안주,통조림,가미통조림,우리와)프로베스트캣푸드참치와치어,우리와,80G
46060,Training|Validation,통조림/안주,통조림,가미통조림,우리와)프로베스트캣푸드참치와치킨,우리와,80G
65817,Training|Validation,통조림/안주,통조림,가미통조림,이마트)알알이스위트콘3개입,이마트,1020G
45206,Training|Validation,통조림/안주,통조림,가미통조림,제너럴밀스코이라)그린자이언트니블렛스위트콘195G,제너럴밀스코이라,195G
35893,Training|Validation,통조림/안주,통조림,가미통조림,한국마즈)쉬바7세이상참치살코기와치어와그레이비소스,한국마즈,85G
46064,Training|Validation,통조림/안주,통조림,가미통조림,한국마즈)쉬바7세이상참치와게살과그레이비소스,한국마즈,85G
35894,Training|Validation,통조림/안주,통조림,가미통조림,한국마즈)쉬바참치살코기와새우와그레이비소스,한국마즈,85G
46066,Training|Validation,통조림/안주,통조림,가미통조림,한국마즈)쉬바참치슬라이스와그레이비소스,한국마즈,85G
35895,Training|Validation,통조림/안주,통조림,가미통조림,한국마즈)쉬바참치와게살과그레이비소스,한국마즈,85G
46062,Training|Validation,통조림/안주,통조림,가미통조림,한국마즈)쉬바참치와도미와그레이비소스,한국마즈,85G
30283,Training|Validation,통조림/안주,통조림,가미통조림,홈플러스시그니처 우리돼지리얼팜 200G,홈플러스,200G
80256,Training|Validation,통조림/안주,통조림,가미통조림,홈플러스시그니처 우리돼지리얼팜 340G,홈플러스,340G
65854,Training|Validation,통조림/안주,안주,견과류,길림양행)흑임자아몬드,길림양행,190G
70129,Training|Validation,통조림/안주,안주,견과류,대영식품THE고소한NUTSTIME커피땅콩70G,대영식품,70G
60123,Training|Validation,통조림/안주,안주,견과류,대형식품깐호두52G,대형식품,52G
45984,Training|Validation,통조림/안주,안주,견과류,동우농산)매일견과하루한봉9개입,동우농산,180G
75039,Training|Validation,통조림/안주,안주,견과류,동원리챔핫치폴레,동원F&B,200G
60122,Training|Validation,통조림/안주,안주,견과류,마음애들애)더고소한넛츠타임볶음땅콩70G,마음애들애,70G
56055,Training|Validation,통조림/안주,안주,견과류,맑은농산)코코크런치넛시나몬피칸,맑은농산,120G
26020,Training|Validation,통조림/안주,안주,견과류,머거본 새우몬드80G,머거본,80G
35964,Training|Validation,통조림/안주,안주,견과류,머거본)꿀땅콩,머거본,135G
35966,Training|Validation,통조림/안주,안주,견과류,머거본)넛츠&스낵,머거본,105G
45977,Training|Validation,통조림/안주,안주,견과류,머거본)머거본5봉기획팩(커피땅콩3봉+꿀땅콩2봉),머거본,320G
35965,Training|Validation,통조림/안주,안주,견과류,머거본)커피땅콩,머거본,130G
46037,Training|Validation,통조림/안주,안주,견과류,머거본)코코넛땅콩,머거본,300G
35963,Training|Validation,통조림/안주,안주,견과류,머거본)콘소메맛아몬드,머거본,130G
60185,Training|Validation,통조림/안주,안주,견과류,머거본)후렌치후라이드아몬드40G,머거본,40G
66370,Training|Validation,통조림/안주,안주,견과류,머거본꿀땅콩60G,머거본,60G
60159,Training|Validation,통조림/안주,안주,견과류,머거본맛땅콩135G,머거본,135G
65428,Training|Validation,통조림/안주,안주,견과류,머거본믹스파티플러스,머거본,800G
80170,Training|Validation,통조림/안주,안주,견과류,머거본알땅콩55G,머거본,55G
60158,Training|Validation,통조림/안주,안주,견과류,머거본칼몬드100G,머거본,100G
66371,Training|Validation,통조림/안주,안주,견과류,머거본커피땅콩70G,머거본,70G
80259,Training|Validation,통조림/안주,안주,견과류,밴캠프포크빈스 425G,밴캠프포,425G
35073,Training|Validation,통조림/안주,안주,견과류,삼양사)아몬드120G,삼양사,120G
46027,Training|Validation,통조림/안주,안주,견과류,석보유통)매일견과오리지널10개입,석보유통,200G
46028,Training|Validation,통조림/안주,안주,견과류,석보유통)매일견과요거트10개입,석보유통,200G
56049,Training|Validation,통조림/안주,안주,견과류,석보유통)매일견과크랜베리10봉,석보유통,200G
35872,Training|Validation,통조림/안주,안주,견과류,세계식품)칼몬드,세계식품,150G
10160,Training|Validation,통조림/안주,통조림,과일통조림,골드)황도슬라이스,골드,430G
55276,Training|Validation,통조림/안주,통조림,과일통조림,일쿠니아황도2절,기타,850G
65269,Training|Validation,통조림/안주,통조림,과일통조림,"코코넛밀크(AROY-D,캔)",기타,100ML
15038,Training|Validation,통조림/안주,통조림,과일통조림,델몬트 피에스타 후르츠칵테일 850G,델몬트,850G
35034,Training|Validation,통조림/안주,통조림,과일통조림,델몬트 후레쉬 슬라이스 파인애플 836G,델몬트,836G
65436,Training|Validation,통조림/안주,통조림,과일통조림,델몬트피에스타트로피칼후르츠칵테일,델몬트,850G
45026,Training|Validation,통조림/안주,통조림,과일통조림,델몬트후레쉬컷슬라이스파인애플836G,델몬트,836G
60279,Training|Validation,통조림/안주,통조림,과일통조림,동원 Dole파인애플 439G,동원F&B,439G
80257,Training|Validation,통조림/안주,통조림,과일통조림,동원 Dole후르츠칵테일 432G,동원F&B,432G
30287,Training|Validation,통조림/안주,통조림,과일통조림,동원 깐포도 400G,동원F&B,400G
15461,Training|Validation,통조림/안주,통조림,과일통조림,동원 지중해황도 번들4입 1240G,동원F&B,1240G
80258,Training|Validation,통조림/안주,통조림,과일통조림,동원 황도2절 400G,동원F&B,400G
45285,Training|Validation,통조림/안주,통조림,과일통조림,동원)제철담은황도400G,동원F&B,400G
66340,Training|Validation,통조림/안주,통조림,과일통조림,동원)지중해황도410G,동원F&B,410G
35255,Training|Validation,통조림/안주,통조림,과일통조림,동원F&B)돌트로피칼후르츠칵테일836G,동원F&B,836G
10145,Training|Validation,통조림/안주,통조림,과일통조림,동원미니파인애플234G,동원F&B,234G
45202,Training|Validation,통조림/안주,통조림,과일통조림,동원에프앤비)돌트로피칼후르츠칵테일432G,동원F&B,432G
65271,Training|Validation,통조림/안주,통조림,과일통조림,몬람부탄&파인애플,몬람부탄,565G
20191,Training|Validation,통조림/안주,통조림,과일통조림,오뚜기딸기잼500G,오뚜기,500G
90215,Training|Validation,통조림/안주,통조림,과일통조림,오뚜기백도400g,오뚜기,400g
30153,Training|Validation,통조림/안주,통조림,과일통조림,오뚜기포도쨈500G,오뚜기,500G
25409,Training|Validation,통조림/안주,통조림,과일통조림,그리스 온리프라이스 반으로자른지중해황도 820G,온리프라이스,820G
25039,Training|Validation,통조림/안주,통조림,과일통조림,팜팩토리 피치 420G,팜팩토리,420G
25408,Training|Validation,통조림/안주,통조림,과일통조림,팜팩토리피치 840G,팜팩토리,840G
10163,Training|Validation,통조림/안주,통조림,과일통조림,펭귄)황도슬라이스400g,펭귄,400G
10161,Training|Validation,통조림/안주,통조림,과일통조림,펭귄백도400g,펭귄,400G
30284,Training|Validation,통조림/안주,통조림,과일통조림,프레스코파인애플 410G,프레스코,410G
40310,Training|Validation,통조림/안주,통조림,과일통조림,프레스코후르츠칵테일 410G,프레스코,410G
60274,Training|Validation,통조림/안주,통조림,과일통조림,홈플러스시그니처 그리스황도2절 410G,홈플러스,410G
20312,Training|Validation,통조림/안주,통조림,과일통조림,홈플러스시그니처 그리스황도슬라이스 410G,홈플러스,410G
15633,Training|Validation,통조림/안주,안주,냉장/냉동식품,CJ 더건강한치즈200G,CJ제일제당,200G
25118,Training|Validation,통조림/안주,안주,냉장/냉동식품,CJ 제일안주 매콤알찜 170G,CJ제일제당,170G
15099,Training|Validation,통조림/안주,안주,냉장/냉동식품,CJ 제일안주 순살불닭 190G,CJ제일제당,190G
50088,Training|Validation,통조림/안주,안주,냉장/냉동식품,솔표위청수골드액75ML,솔표위청,75ML
50079,Training|Validation,통조림/안주,통조림,보일드통조림,CJ렛츠웰맛밤80G,CJ제일제당,80G
66305,Training|Validation,통조림/안주,통조림,보일드통조림,CJ맛고구마60G,CJ제일제당,60G
60280,Training|Validation,통조림/안주,통조림,보일드통조림,S W프리미엄블랙빈 425G,S&W,425G
10326,Training|Validation,통조림/안주,통조림,보일드통조림,S W프리미엄칠리빈 130G,S&W,130G
20311,Training|Validation,통조림/안주,통조림,보일드통조림,S W프리미엄키드니빈 432G,S&W,432G
10157,Training|Validation,통조림/안주,통조림,보일드통조림,다크레드 강낭콩 400g,기타,400G
10323,Training|Validation,통조림/안주,통조림,보일드통조림,베이크드빈스 420G,기타,420G
10162,Training|Validation,통조림/안주,통조림,보일드통조림,베이크드빈스400g,기타,400G
35626,Training|Validation,통조림/안주,통조림,보일드통조림,동남상사)세빌프리미엄블랙올리브,동남상사,385G
35756,Training|Validation,통조림/안주,통조림,보일드통조림,동림식품)사조고등어,동림식품,400G
65818,Training|Validation,통조림/안주,통조림,보일드통조림,동서)리치스슬라이스블랙올리브3개입,동서식품,600G
66339,Training|Validation,통조림/안주,통조림,보일드통조림,동서리치스슬라이스블랙올리브200G,동서식품,200G
40308,Training|Validation,통조림/안주,통조림,보일드통조림,동원 고등어 400G,동원F&B,400G
20314,Training|Validation,통조림/안주,통조림,보일드통조림,동원 김치찌개참치 250G,동원F&B,250G
65803,Training|Validation,통조림/안주,통조림,보일드통조림,동원)고소하고짭짤한추억의맛번데기,동원F&B,130G
66331,Training|Validation,통조림/안주,통조림,보일드통조림,동원)동원참치쿡김치찌개용100G,동원F&B,100G
45217,Training|Validation,통조림/안주,통조림,보일드통조림,동원)리챔트러플300G,동원F&B,300G
45283,Training|Validation,통조림/안주,통조림,보일드통조림,동원)마일드참치200G,동원F&B,200G
65847,Training|Validation,통조림/안주,통조림,보일드통조림,동원)손으로찢어결이살아있는순닭가슴살3개입(번들),동원F&B,270G
55861,Training|Validation,통조림/안주,통조림,보일드통조림,동원)술한잔생각날때번데기탕매콤한맛3개입,동원F&B,270G
35901,Training|Validation,통조림/안주,통조림,보일드통조림,동원F&B)뉴트리플랜건강프로젝트장&유리너리,동원F&B,160G
35900,Training|Validation,통조림/안주,통조림,보일드통조림,동원F&B)뉴트리플랜스페셜데이편안한저녁김치와닭고기,동원F&B,90G
10143,Training|Validation,통조림/안주,통조림,보일드통조림,동원마일드참치150G,동원F&B,150G
10144,Training|Validation,통조림/안주,통조림,보일드통조림,동원순닭가슴살135G,동원F&B,135G
66335,Training|Validation,통조림/안주,통조림,보일드통조림,동원순닭가슴살90G,동원F&B,90G
65268,Training|Validation,통조림/안주,통조림,보일드통조림,동원을지로골뱅이무침용(캔),동원F&B,300G
10158,Training|Validation,통조림/안주,통조림,보일드통조림,동원자연산골뱅이400G,동원F&B,400G
55281,Training|Validation,통조림/안주,통조림,보일드통조림,동원자연산쫄깃골뱅이,동원F&B,400G
10138,Training|Validation,통조림/안주,통조림,보일드통조림,동원참치라이트스탠다드200G,동원F&B,200G
65762,Training|Validation,통조림/안주,통조림,보일드통조림,동원참치쿡김치찌개용3캔100G*3,동원F&B,300G
25201,Training|Validation,통조림/안주,통조림,보일드통조림,동표)홈플러스Signature골뱅이400G,동표,400G
80260,Training|Validation,통조림/안주,통조림,보일드통조림,라세빌라나블랙올리브슬라이스 350G,라세빌라,350G
30294,Training|Validation,통조림/안주,통조림,보일드통조림,라소타 그린올리브스터프드위드엔쵸비 350G,라소타,350G
15293,Training|Validation,통조림/안주,통조림,보일드통조림,롯데햄 고추장고기볶음240G(번들),롯데햄,240G
15295,Training|Validation,통조림/안주,통조림,보일드통조림,롯데햄 고추장고기볶음80G(단품),롯데햄,80G
45201,Training|Validation,통조림/안주,통조림,보일드통조림,미국)거버오가닉화이트빈후무스릴크런치45G,미국,45G
35256,Training|Validation,통조림/안주,통조림,보일드통조림,미국)헌트홀토마토411G,미국,411G
30282,Training|Validation,통조림/안주,통조림,보일드통조림,사조 리얼닭가슴살 90G,사조,90G
75038,Training|Validation,통조림/안주,통조림,보일드통조림,사조 마일드참치 150G,사조,150G
10325,Training|Validation,통조림/안주,통조림,보일드통조림,사조 훈제닭가슴살 90G,사조,90G
35284,Training|Validation,통조림/안주,통조림,보일드통조림,사조)간편하게먹는고등어로제맛120G,사조,120G
45778,Training|Validation,통조림/안주,통조림,보일드통조림,사조)간편하게먹는고등어숯불바베큐맛,사조,120G
45246,Training|Validation,통조림/안주,통조림,보일드통조림,사조)안심닭가슴살135G,사조,135G
45245,Training|Validation,통조림/안주,통조림,보일드통조림,사조)안심닭가슴살540G,사조,540G
35251,Training|Validation,통조림/안주,통조림,보일드통조림,사조)안심훈제닭가슴살135G,사조,135G
35250,Training|Validation,통조림/안주,통조림,보일드통조림,사조)안심훈제닭가슴살540G,사조,540G
46076,Training|Validation,통조림/안주,통조림,보일드통조림,사조)초이스엘건강담은습식사료맛살,사조,160G
55284,Training|Validation,통조림/안주,통조림,보일드통조림,사조간편하게먹는고등어매콤한맛,사조,120G
60192,Training|Validation,통조림/안주,통조림,보일드통조림,사조꽁치(캔)400g,사조,400g
65757,Training|Validation,통조림/안주,통조림,보일드통조림,사조손이안전한찌개전용참치3캔100G*3,사조,300G
66337,Training|Validation,통조림/안주,통조림,보일드통조림,사조안심닭가슴살훈제135G,사조,135G
65270,Training|Validation,통조림/안주,통조림,보일드통조림,사조자연산골뱅이(캔),사조,400G
66333,Training|Validation,통조림/안주,통조림,보일드통조림,사조찌개전용참치100G,사조,100G
10155,Training|Validation,통조림/안주,통조림,보일드통조림,HC고등어 400g,사조대림,400G
10153,Training|Validation,통조림/안주,통조림,보일드통조림,사조)마일드참치200G,사조대림,200G
80261,Training|Validation,통조림/안주,통조림,보일드통조림,삼양 불닭볶음김치 160G,삼양식품,160G
45247,Training|Validation,통조림/안주,통조림,보일드통조림,상하목장)클램차우더스프액상450G,상하목장,450G
40307,Training|Validation,통조림/안주,통조림,보일드통조림,샘표 김치찌개전용꽁치 200G,샘표식품,200G
30286,Training|Validation,통조림/안주,통조림,보일드통조림,샘표 김치찌개전용꽁치 400G,샘표식품,400G
50204,Training|Validation,통조림/안주,통조림,보일드통조림,샘표 우리엄마더덕장아찌(캔),샘표식품,90G
10150,Training|Validation,통조림/안주,통조림,보일드통조림,샘표우리엄마멸치볶음50G,샘표식품,50G
35782,Training|Validation,통조림/안주,통조림,보일드통조림,설정식품)죽순통조림,설정식품,400G
25289,Training|Validation,통조림/안주,통조림,보일드통조림,세방유통 롱간통조림565G,세방유통,565G
45284,Training|Validation,통조림/안주,통조림,보일드통조림,신진물산)동원구운골뱅이300G,신진물산,200G
65861,Training|Validation,통조림/안주,통조림,보일드통조림,씨제이제일제당)맛고구마3개입,씨제이제일제당,180G
65856,Training|Validation,통조림/안주,통조림,보일드통조림,씨제이제일제당)맛밤3개입,씨제이제일제당,240G
66306,Training|Validation,통조림/안주,통조림,보일드통조림,아트위드미 유기농참밤60G,아트위드미,60G
65857,Training|Validation,통조림/안주,통조림,보일드통조림,아트위드미)유기농참밤3개입,아트위드미,180G
45207,Training|Validation,통조림/안주,통조림,보일드통조림,양포식품주식회사)김치찌개전용꽁치280G,양포식품주식회사,280G
60191,Training|Validation,통조림/안주,통조림,보일드통조림,오뚜기고등어(캔)400g,오뚜기,400g
20236,Training|Validation,통조림/안주,통조림,보일드통조림,오뚜기꽁치(캔)400g,오뚜기,400g
60276,Training|Validation,통조림/안주,통조림,보일드통조림,유동 1초골뱅이청양고추조림 140G,유성물산교역,140G
40306,Training|Validation,통조림/안주,통조림,보일드통조림,유동 1초매콤골뱅이 오징어 140G,유성물산교역,140G
10164,Training|Validation,통조림/안주,통조림,보일드통조림,유동)깔끔하게매운자연산골뱅이300G,유성물산교역,300G
10324,Training|Validation,통조림/안주,통조림,보일드통조림,유동번데기 280G,유성물산교역,280G
10146,Training|Validation,통조림/안주,통조림,보일드통조림,유동번데기130G,유성물산교역,130G
10165,Training|Validation,통조림/안주,통조림,보일드통조림,유동순살왕꼬막&골뱅이280G,유성물산교역,280G
60281,Training|Validation,통조림/안주,통조림,보일드통조림,유동신안천일염꽁치,유성물산교역,400G
10166,Training|Validation,통조림/안주,통조림,보일드통조림,유동자연산골뱅이230G,유성물산교역,230G
10159,Training|Validation,통조림/안주,통조림,보일드통조림,유동자연산골뱅이400G,유성물산교역,400G
65267,Training|Validation,통조림/안주,통조림,보일드통조림,유동청양고추골뱅이(캔),유성물산교역,300G
25202,Training|Validation,통조림/안주,통조림,보일드통조림,유성물산교역)유동순살왕꼬막280G,유성물산교역,280G
40125,Training|Validation,통조림/안주,통조림,보일드통조림,아기밀냠냠유기농쌀과자자색고구마떡뻥30G,일동후디스,30G
40126,Training|Validation,통조림/안주,통조림,보일드통조림,일동)후디스냠냠 DHA웨하스36G,일동후디스,36G
46000,Training|Validation,통조림/안주,통조림,보일드통조림,지이디통상)캄포유기농촙트토마토통조림,지이디통상,400G
35967,Training|Validation,통조림/안주,통조림,보일드통조림,지이디통상)캄포유기농홀토마토통조림,지이디통상,400G
25413,Training|Validation,통조림/안주,통조림,보일드통조림,티디에프코리아 베이키드빈스 425G,티디에프코리아,425G
25412,Training|Validation,통조림/안주,통조림,보일드통조림,티디에프코리아 베이키드빈스 425G 2개입(번들),티디에프코리아,850G
10152,Training|Validation,통조림/안주,통조림,보일드통조림,펭권번데기 130g,펭귄,130G
10154,Training|Validation,통조림/안주,통조림,보일드통조림,펭귄고등어보일드 400G,펭귄,400G
46063,Training|Validation,통조림/안주,통조림,보일드통조림,한국마즈)쉬바7세이상촉촉한닭가슴살과그레이비소스,한국마즈,85G
15086,Training|Validation,통조림/안주,통조림,보일드통조림,한아름영농 프리미엄 치킨무 200G,한아름영농,200G
25074,Training|Validation,통조림/안주,통조림,보일드통조림,한아름영농 프리미엄 치킨무 치자열매색 200G,한아름영농,200G
30285,Training|Validation,통조림/안주,통조림,보일드통조림,헌트토마토페이스트 340G,헌트,340G
20162,Training|Validation,통조림/안주,안주,수산물/건해산,CJ)쫄깃한육포45G,CJ제일제당,45G
66322,Training|Validation,통조림/안주,안주,수산물/건해산,머거본꾸이한닢20G,머거본,20G
66315,Training|Validation,통조림/안주,안주,수산물/건해산,머거본달콤한직화육포20G,머거본,20G
66132,Training|Validation,통조림/안주,안주,수산물/건해산,명성식품)꺠부산어포,명성식품,120G
35882,Training|Validation,통조림/안주,안주,수산물/건해산,명성식품)한입부산어포,명성식품,120G
90147,Training|Validation,통조림/안주,안주,수산물/건해산,목우촌육포,목우촌육,50G
60124,Training|Validation,통조림/안주,안주,수산물/건해산,삼호식품)맛존미니왕다리,삼호식품,1개
90165,Training|Validation,통조림/안주,안주,수산물/건해산,서울지앤비)홍쥐포스틱65G,서울지앤비,65G
56032,Training|Validation,통조림/안주,안주,수산물/건해산,신한에프앤비)미니꾸이짱오리지날,신한에프앤비,60G
56054,Training|Validation,통조림/안주,안주,수산물/건해산,아라움)바삭하게튀겨고소한오징어튀김크리스피오징어40G,아라움,40G
65192,Training|Validation,통조림/안주,안주,수산물/건해산,아이배넷꼬마육포쇠고기,아이배냇,30G
65193,Training|Validation,통조림/안주,안주,수산물/건해산,아이배넷꼬마치즈포,아이배냇,30G
65988,Training|Validation,통조림/안주,안주,수산물/건해산,와이즈유엑스글로벌)아임닭고추씨송송수제매콤닭가슴살육표20G,와이즈유엑스글로벌,20G
70131,Training|Validation,통조림/안주,안주,수산물/건해산,일승건어물안주멸치25G,일승,25G
70130,Training|Validation,통조림/안주,안주,수산물/건해산,코주부육포100G,코주,100G
35829,Training|Validation,통조림/안주,안주,수산물/건해산,한진식품)꼬마꾸이킬(매운맛),한진식품,25G
35828,Training|Validation,통조림/안주,안주,수산물/건해산,한진식품)꼬마꾸이킬(오리지널),한진식품,25G
35807,Training|Validation,통조림/안주,안주,수산물/건해산,한진식품)한입사각어포(매콤한맛),한진식품,50G
35827,Training|Validation,통조림/안주,안주,수산물/건해산,한진식품)한입사각어포(와사비맛),한진식품,50G
15065,Training|Validation,통조림/안주,통조림,애견식품,시저 쇠고기와닭고기 100G,기타,100G
46069,Training|Validation,통조림/안주,통조림,애견식품,동원)뉴트리플랜건강프로젝트체중조절&관절,동원F&B,160G
35899,Training|Validation,통조림/안주,통조림,애견식품,드림펫푸드)이코노미런치플러스캔참치&게살스틱,드림펫푸드,80G
46072,Training|Validation,통조림/안주,통조림,애견식품,드림펫푸드)이코노미런치플러스캔참치&고등어,드림펫푸드,80G
45999,Training|Validation,통조림/안주,통조림,애견식품,드림펫푸드)이코노미런치플러스캔참치&치어,드림펫푸드,80G
46073,Training|Validation,통조림/안주,통조림,애견식품,드림펫푸드)이코노미런치플러스캔참치&치킨,드림펫푸드,80G
66377,Training|Validation,통조림/안주,통조림,애견식품,롯데네슬레코리아)팬시피스트로스트치킨85G,롯데네슬레코리아,85G
35896,Training|Validation,통조림/안주,통조림,애견식품,롯데네슬레코리아)팬시피스트메들리파테프리마베라연어,롯데네슬레코리아,85G
45994,Training|Validation,통조림/안주,통조림,애견식품,롯데네슬레코리아)팬시피스트메들리파테프리마베라치킨,롯데네슬레코리아,85G
45993,Training|Validation,통조림/안주,통조림,애견식품,롯데네슬레코리아)팬시피스트메들리파테플로렌틴치킨&치즈,롯데네슬레코리아,85G
35898,Training|Validation,통조림/안주,통조림,애견식품,롯데네슬레코리아)팬시피스트엘레강트메들리투스카니튜나,롯데네슬레코리아,85G
45997,Training|Validation,통조림/안주,통조림,애견식품,롯데네슬레코리아)팬시피스트엘레강트메들리프리마베라샐몬,롯데네슬레코리아,85G
35897,Training|Validation,통조림/안주,통조림,애견식품,롯데네슬레코리아)팬시피스트엘레강트메들리플로렌틴치킨,롯데네슬레코리아,85G
66374,Training|Validation,통조림/안주,통조림,애견식품,롯데네슬레코리아)팬시피스트연어85G,롯데네슬레코리아,85G
66379,Training|Validation,통조림/안주,통조림,애견식품,롯데네슬레코리아)팬시피스트치킨&참치85G,롯데네슬레코리아,85G
66378,Training|Validation,통조림/안주,통조림,애견식품,롯데네슬레코리아)팬시피스트칠면조85G,롯데네슬레코리아,85G
56069,Training|Validation,통조림/안주,통조림,애견식품,롯데네슬레코리아)팬시피스트화이트라벨그레이비러버스흰살생선3입,롯데네슬레코리아,255G
56067,Training|Validation,통조림/안주,통조림,애견식품,롯데네슬레코리아)팬시피스트화이트라벨로스트치킨3입,롯데네슬레코리아,255G
66117,Training|Validation,통조림/안주,통조림,애견식품,롯데네슬레코리아)팬시피스트화이트라벨연어85G*3개입,롯데네슬레코리아,255G
56068,Training|Validation,통조림/안주,통조림,애견식품,롯데네슬레코리아)팬시피스트화이트라벨참치와흰살생선3입,롯데네슬레코리아,255G
55976,Training|Validation,통조림/안주,통조림,애견식품,롯데네슬레코리아)팬시피스트화이트라벨치킨&튜나플레이크85G*3개입,롯데네슬레코리아,255G
46004,Training|Validation,통조림/안주,통조림,애견식품,롯데네슬레코리아)팬시피스트화이트라벨키튼칠면조3개입,롯데네슬레코리아,255G
66375,Training|Validation,통조림/안주,통조림,애견식품,롯데네슬레코리아)팬시피스트흰생선&참치85G,롯데네슬레코리아,85G
66376,Training|Validation,통조림/안주,통조림,애견식품,롯데네슬레코리아)팬시피스트흰생선&참치사우티드시푸드85G,롯데네슬레코리아,85G
16022,Training|Validation,통조림/안주,통조림,애견식품,미소 캣퓨어미니캔닭가슴살180G,미소,180G
16020,Training|Validation,통조림/안주,통조림,애견식품,미소 캣퓨어미니캔대구살180G,미소,180G
16021,Training|Validation,통조림/안주,통조림,애견식품,미소 캣퓨어미니캔참치180G,미소,180G
65063,Training|Validation,통조림/안주,통조림,애견식품,시저 불고기맛 100G,시저 불,100G
25058,Training|Validation,통조림/안주,통조림,애견식품,시저 쇠고기100G,시저 쇠,100G
35060,Training|Validation,통조림/안주,통조림,애견식품,시저 쇠고기와  참치 100G,시저 쇠,100G
45064,Training|Validation,통조림/안주,통조림,애견식품,시저 양고기 100G,시저 양,100G
46056,Training|Validation,통조림/안주,통조림,애견식품,오션)마시꾸냥(참치&닭가슴살),오션,80G
46058,Training|Validation,통조림/안주,통조림,애견식품,오션)마시꾸냥(참치&타우린),오션,80G
46057,Training|Validation,통조림/안주,통조림,애견식품,오션)마시꾸냥(참치&헤어볼),오션,80G
45995,Training|Validation,통조림/안주,통조림,애견식품,오션)마시꾸냥(참치),오션,85G
A20045,Training|Validation,통조림/안주,통조림,애견식품,한국마즈 시저쇠고기와치즈,한국마즈,100g
45508,Training|Validation,홈클린,화장지,각티슈/미용티슈,SCA하이젠코리아)템포(손수건행키티슈)6개입,SCA 하이진 코리아,10매
35299,Training|Validation,홈클린,제습/탈취,개미/바퀴살충제,유한양행)해피홈개미제로과립(히드라메틸논)10G,유한양행,10G
35313,Training|Validation,홈클린,제습/탈취,개미/바퀴살충제,지에스켐)에프킬라개미용멀티,지에스켐,450ML
35315,Training|Validation,홈클린,제습/탈취,개미/바퀴살충제,헨켈)컴배트스피드에어졸,헨켈,450ML
15360,Training|Validation,홈클린,섬유유연제,고농축섬유유연제,다우니 고농축 섬유유연제 화이트티와 릴리 2L,기타,2L
15368,Training|Validation,홈클린,섬유유연제,고농축섬유유연제,피엔지 다우니고농축섬유유연제 레몬그라스와라일락 2L,기타,2L
15367,Training|Validation,홈클린,섬유유연제,고농축섬유유연제,피엔지 다우니고농축섬유유연제 베리베리와바닐라 2L,기타,2L
30225,Training|Validation,홈클린,섬유유연제,고농축섬유유연제,르샤트라 고농축 섬유유연제 1L 라벤더부케,르샤트라,1L
80199,Training|Validation,홈클린,섬유유연제,고농축섬유유연제,르샤트라 고농축 섬유유연제 1L뮤게부케향,르샤트라,1L
90237,Training|Validation,홈클린,섬유유연제,고농축섬유유연제,르샤트라 고농축 섬유유연제 1L피오니부케향,르샤트라,1L
65370,Training|Validation,홈클린,섬유유연제,고농축섬유유연제,르샤트라섬유유연제라벤터부케,르샤트라,2L
65371,Training|Validation,홈클린,섬유유연제,고농축섬유유연제,르샤트라섬유유연제뮤게부케,르샤트라,2L
45335,Training|Validation,홈클린,섬유유연제,고농축섬유유연제,애경)르샤트라섬유유연제피오니부케,애경,1.6L
35322,Training|Validation,홈클린,세탁세제,고농축섬유유연제,LG생활건강)엘지샤프란꽃담초부케가르니라벤더&파인,엘지생활건강,1.6L
45021,Training|Validation,홈클린,섬유유연제,고농축섬유유연제,LG생활건강_샤프란아로마시트코튼블로썸향_50매,엘지생활건강,50매
45023,Training|Validation,홈클린,섬유유연제,고농축섬유유연제,LG생활건강_샤프란아로마시트후레쉬드림향_50매,엘지생활건강,50매
25345,Training|Validation,홈클린,섬유유연제,고농축섬유유연제,엘지 샤프란 아우라 로즈워터프리지아윌유메리미 1.7L,엘지생활건강,1.7L
25342,Training|Validation,홈클린,섬유유연제,고농축섬유유연제,엘지 샤프란 아우라 소프트클라우드 1.7L,엘지생활건강,1.7L
25343,Training|Validation,홈클린,섬유유연제,고농축섬유유연제,엘지 샤프란 아우라 홀리데이판타지 1.7L,엘지생활건강,1.7L
65285,Training|Validation,홈클린,섬유유연제,고농축섬유유연제,엘지생활건강핑크퐁베이비식초아기옷린스,엘지생활건강,1L
35345,Training|Validation,홈클린,섬유유연제,고농축섬유유연제,피죤)피죤옐로미모사,피죤,2.1L
80161,Training|Validation,홈클린,섬유유연제,고농축섬유유연제,한국피앤지)다우니고농축섬유유연제(레몬그라스와달콤한라일락향700ML),한국피앤지,700ML
90189,Training|Validation,홈클린,섬유유연제,고농축섬유유연제,한국피앤지)다우니고농축섬유유연제(베리베리와바닐라크림향700ML),한국피앤지,700ML
10228,Training|Validation,홈클린,섬유유연제,고농축섬유유연제,한국피앤지)다우니고농축섬유유연제리필(베리베리와바닐라크림향1L),한국피앤지,1L
50164,Training|Validation,홈클린,섬유유연제,고농축섬유유연제,한국피앤지)다우니고농축섬유유연제본품(화이트릴리향)700ML,한국피앤지,700ML
80167,Training|Validation,홈클린,섬유유연제,고농축섬유유연제,P&G)다우니엑스퍼트스포츠1L,한국피앤지판매유한회사,1L
50170,Training|Validation,홈클린,섬유유연제,고농축섬유유연제,P&G)다우니퍼퓸핫핑크블룸1L,한국피앤지판매유한회사,1L
30193,Training|Validation,홈클린,섬유유연제,고농축섬유유연제,다우니퍼퓸샤인1L,한국피앤지판매유한회사,1L
45320,Training|Validation,홈클린,섬유유연제,고농축섬유유연제,헨켈)고농축버넬아몬드블러섬,헨켈,900ML
45321,Training|Validation,홈클린,섬유유연제,고농축섬유유연제,헨켈)고농축버넬프레쉬모닝,헨켈,900ML
80213,Training|Validation,홈클린,세탁세제,고체표백제,금강깨끗한표백제(바르는타입),금강하이켐,250ML
90190,Training|Validation,홈클린,세탁세제,고체표백제,바르는비트220G,라이온코리아,220G
50161,Training|Validation,홈클린,세탁세제,고체형세탁세제,엘지)테크간편시트후레쉬,엘지생활건강,200H
80218,Training|Validation,홈클린,욕실주거세제,곰팡이제거제/차단제,씨티엠그린텍이끼예방제,씨티엠,120ML
80212,Training|Validation,홈클린,욕실주거세제,곰팡이제거제/차단제,엘지홈스타바르는곰팡이싹,엘지생활건강,120ML
15400,Training|Validation,홈클린,욕실주거세제,곰팡이제거제/차단제,엘지홈스타바르는공팡이싹,엘지생활건강,120ML
15398,Training|Validation,홈클린,욕실주거세제,곰팡이제거제/차단제,엘지홈스타뿌리는곰팡이싹,엘지생활건강,900ML
35340,Training|Validation,홈클린,욕실주거세제,곰팡이제거제/차단제,유한양행)유한락스곰팡이제거제,유한양행,718ML
15372,Training|Validation,홈클린,욕실주거세제,곰팡이제거제/차단제,피엔지 피죤 무균무때실리콘곰팡이제거용 150G,피엔지,150G
35329,Training|Validation,홈클린,욕실주거세제,곰팡이제거제/차단제,피죤)무균무때곰팡이용,피죤,900ML
35296,Training|Validation,홈클린,차류,과실차,이디야)그레이프엘더베리15G,이디야,15G
35295,Training|Validation,홈클린,차류,과실차,이디야)스트로베리루바브15G,이디야,15G
35310,Training|Validation,홈클린,욕실주거세제,광택제,신희)홈워시마루청소,신희,900ML
90252,Training|Validation,홈클린,청소욕실용품,구두약,아성에이치엠피액체구두약(브라운),아성에이치엠,75ML
75049,Training|Validation,홈클린,청소욕실용품,구두약,캉가루 구두약 검정 80G,캉가루,80G
75050,Training|Validation,홈클린,청소욕실용품,구두약,캉가루 구두약 브라운 80G,캉가루,80G
35233,Training|Validation,홈클린,기타,기타,메디앙스)B&B식기세정제-액상형750ML,메디앙스,750ML
35234,Training|Validation,홈클린,기타,기타,메디앙스)B&B유아용품제균스프레이300ML,메디앙스,300ML
35231,Training|Validation,홈클린,기타,기타,메디앙스)B&B젖병세정제-거품형550ML,메디앙스,550ML
50229,Training|Validation,홈클린,기타,기타,메디앙스B&B젖병세정제 액상형,메디앙스,600ML
65292,Training|Validation,홈클린,기타,기타,메디앙스비앤비유아용품제균스프레이,메디앙스,250ML
35279,Training|Validation,홈클린,기타,기타,보령메디앙스)일반생활화학제품1800ML,보령메디앙스,1800ML
35301,Training|Validation,홈클린,기타,기타,신희)일반생활화학제품530ML,신희,530ML
25369,Training|Validation,홈클린,기타,기타,유한양행유한락스주방용,유한양행,2L
35543,Training|Validation,홈클린,구강용품,기타구강관리용품,한울생약)121도씨구강청결티슈,한울생약,30개입
40243,Training|Validation,홈클린,가공분말류,기타제빵재료,브레드가든 베이킹소다,브레드가,170G
20282,Training|Validation,홈클린,욕실주거세제,다목적주방세제,디에스켐EM주방비누,디에스켐,200G
45767,Training|Validation,홈클린,욕실주거세제,다목적주방세제,애경)엄마의선택구연산,애경,1KG
A10014,Training|Validation,홈클린,욕실주거세제,다목적주방세제,LG생활건강)한입100%구연산알파,엘지생활건강,1KG
65379,Training|Validation,홈클린,주방세제,다목적주방세제,엘지생활건강메소드다목적주방세제프렌치라벤더향,엘지생활건강,500ML
55436,Training|Validation,홈클린,욕실주거세제,다목적주방세제,엘지생활건강홈스타베이킹소다욕실+주방(하늘색),엘지생활건강,900ML
35316,Training|Validation,홈클린,욕실주거세제,다목적주방세제,유한양행)암앤해머내츄럴쉐이커,유한양행,400G
35336,Training|Validation,홈클린,주방세제,다목적주방세제,유한양행)유한락스도마행주용,유한양행,483ML
45330,Training|Validation,홈클린,주방세제,다목적주방세제,유한양행)유한락스도마행주용,유한양행,483ML
45860,Training|Validation,홈클린,주방세제,다목적주방세제,유한양행)유한락스도마행주용,유한양행,990ML
15715,Training|Validation,홈클린,욕실주거세제,락스,상원상공 백광향락스 2L,상원상공,2L
85040,Training|Validation,홈클린,욕실주거세제,락스,상원상공)백광락스,상원상공,2L
45307,Training|Validation,홈클린,욕실주거세제,락스,LG생활건강)홈스타락스와세제,엘지생활건강,750ML
35309,Training|Validation,홈클린,욕실주거세제,락스,LG생활건강)홈스타락스와세제허벌시트러스,엘지생활건강,750ML
15364,Training|Validation,홈클린,욕실주거세제,락스,유한양행 유한락스 레귤러 1.5L,유한양행,1.5L
15370,Training|Validation,홈클린,욕실주거세제,락스,유한양행 유한락스 주방청소용 상큼한사과향 715ML,유한양행,715ML
15363,Training|Validation,홈클린,욕실주거세제,락스,유한양행 유한락스 후레쉬 2L,유한양행,2L
25351,Training|Validation,홈클린,욕실주거세제,락스,유한양행 유한락스 후로랄 1L,유한양행,1L
15369,Training|Validation,홈클린,욕실주거세제,락스,유한양행 유한락스 흰옷표백용 1L,유한양행,1L
45334,Training|Validation,홈클린,욕실주거세제,락스,유한양행)유한락스파워젤,유한양행,1L
65642,Training|Validation,홈클린,욕실주거세제,락스,유항양행유한락스후레쉬,유한양행,1.5L
65369,Training|Validation,홈클린,욕실주거세제,락스,심플러스락스BLEACH,홈플러스,2L
40271,Training|Validation,홈클린,위생용품,렌즈관리용품,월드켐안경클리너100ML,월드그린,100ML
35317,Training|Validation,홈클린,문화용품,문구,피스코리아)평화인주원터치50,피스코리아,1개입
45511,Training|Validation,홈클린,화장지,물티슈,깨끗한나라)깨끗한나라라인프렌즈물티슈,깨끗한나라,176G
90161,Training|Validation,홈클린,화장지,물티슈,맑은미소)무신개똥쑥 물티슈,맑은미소,20매입
40195,Training|Validation,홈클린,화장지,물티슈,모나리자부자가되는집소프트앤마일드,모나리자,192G
60172,Training|Validation,홈클린,화장지,물티슈,보솜이51G,보솜이5,51G
45510,Training|Validation,홈클린,화장지,물티슈,유한킴벌리)크리넥스수앤수코튼클린오리지널펭수,유한킴벌리,217G
35635,Training|Validation,홈클린,화장지,물티슈,자우버)코디클리너일회용티슈,자우버,30매
10195,Training|Validation,홈클린,위생용품,바디워시,네추럴)해피바스달콤한과일향,네추럴,100ML
40161,Training|Validation,홈클린,위생용품,바디워시,네추럴)해피바스포근한파우더향,네추럴,100G
80158,Training|Validation,홈클린,위생용품,바디워시,아모레퍼시픽해피바스 내추럴 정말 촉촉한 바디워시,아모레퍼시픽,900g
60168,Training|Validation,홈클린,위생용품,바디워시,LG생활건강온더바디 더 내추럴 아보카도 바디워시,엘지생활건강,500g
80151,Training|Validation,홈클린,위생용품,바디워시,LG생활건강온더바디 더 내추럴 코코넛 바디워시,엘지생활건강,500g
50155,Training|Validation,홈클린,위생용품,바디워시,LG생활건강온더바디 바이올렛 드림 바디워시,엘지생활건강,865ml
75159,Training|Validation,홈클린,주방세제,발포세정제,세이프텀블러클리너,세이프텀,12정
65390,Training|Validation,홈클린,제습/탈취,방충제,비손제로홈라벤다방충제서랍장용,비손제로,7.6G
15852,Training|Validation,홈클린,제습/탈취,방충제,유한양행 해피홈좀벌레아웃서랍장용20개입,유한양행,20개입
35341,Training|Validation,홈클린,제습/탈취,방충제,유한양행)해피홈좀벌레아웃옷장용,유한양행,7개입
55022,Training|Validation,홈클린,제습/탈취,방충제,제로홈_옷장방충제시트로넬라향_5입,제로홈,5개입
35335,Training|Validation,홈클린,제습/탈취,방충제,지에스켐)해피홈진드기제로스프레이액무향,지에스켐,290ML
75016,Training|Validation,홈클린,욕실주거세제,배수구세정제,상원상공)트래펑,상원상공,2L
70241,Training|Validation,홈클린,욕실주거세제,배수구세정제,에코프렌즈배수구크리너80G*3,에코프렌즈,80G
75139,Training|Validation,홈클린,욕실주거세제,변기세정제,변기크린리더(병타입)-라벤더향,기타,1개
75138,Training|Validation,홈클린,욕실주거세제,변기세정제,변기크린리더(병타입)-일반,기타,1개
55298,Training|Validation,홈클린,욕실주거세제,변기세정제,페이머스토일렛볼크리너,기타,200G
90188,Training|Validation,홈클린,욕실주거세제,변기세정제,LG)홈스타MAX퍼펙트변기클리너1입,엘지생활건강,900ML
90254,Training|Validation,홈클린,욕실주거세제,변기세정제,피앤비펭귄변기클리너,피앤비,120G
55448,Training|Validation,홈클린,화장지,변기세정제,헨켈홈코리아브레프듀오큐브4개입,헨켈코리아,50G*4
70184,Training|Validation,홈클린,세탁세제,분말세탁세제,애경)스파크1KG,애경,1KG
55950,Training|Validation,홈클린,세탁세제,분말표백제,극동케미칼)JAJU과탄산소다490G,극동케미칼,490G
55952,Training|Validation,홈클린,세탁세제,분말표백제,극동케미칼)JAJU베이킹소다490G,극동케미칼,490G
55951,Training|Validation,홈클린,세탁세제,분말표백제,극동케미칼)JAJU천연구연산390G,극동케미칼,390G
15361,Training|Validation,홈클린,세탁세제,분말표백제,라이온 비트 오투크린플러스 1.4KG,기타,1.4KG
35002,Training|Validation,홈클린,세탁세제,분말표백제,퐁퐁 베이킹소다 (1200ml),기타,1.2L
35302,Training|Validation,홈클린,세탁세제,분말표백제,라이온코리아)비트오투(O2)크린플러스150G,라이온코리아,150G
15401,Training|Validation,홈클린,세탁세제,분말표백제,슈가버블100%단일성분베이킹소다,슈가버블,500G
15871,Training|Validation,홈클린,세탁세제,분말표백제,애경 엄마의선택과탄산소다표백제1KG,애경,1KG
15354,Training|Validation,홈클린,세탁세제,분말표백제,엘지 테크 산소크린오투파워액션 1.4KG,엘지생활건강,1.4KG
15351,Training|Validation,홈클린,세탁세제,분말표백제,엘지 한입100%베이킹소다 2KG,엘지생활건강,2KG
15355,Training|Validation,홈클린,세탁세제,분말표백제,유한양행 암앤해머베이킹소다 2.1KG,유한양행,2.1KG
45389,Training|Validation,홈클린,세탁세제,분말표백제,유한양행)암언해머워싱소다,유한양행,1.55KG
35303,Training|Validation,홈클린,세탁세제,분말표백제,유한양행)유한젠200G,유한양행,200G
25988,Training|Validation,홈클린,섬유유연제,비농축섬유유연제,동방B&H 로로떼떼코코넛을담은유아섬유유연제리필1.3L,동방B&,1.3L
35342,Training|Validation,홈클린,섬유유연제,비농축섬유유연제,LG생활건강)엘지샤프란구연산플러스핑크페스티벌,엘지생활건강,2.1L
25346,Training|Validation,홈클린,섬유유연제,비농축섬유유연제,엘지 샤프란 구연산플러스아로마브리즈 2.1L,엘지생활건강,2.1L
25347,Training|Validation,홈클린,섬유유연제,비농축섬유유연제,엘지 샤프란 꽃담초 허브부케가르니 연꽃유칼립투스 1.6L,엘지생활건강,1.6L
15362,Training|Validation,홈클린,섬유유연제,비농축섬유유연제,피죤 블루비앙카 2100ML,피죤,2100ML
45474,Training|Validation,홈클린,섬유유연제,비농축섬유유연제,피죤)핑크로즈,피죤,2.1L
45311,Training|Validation,홈클린,섬유유연제,비농축섬유유연제,피죤빨래엔피죤핑크로즈,피죤,300ML
80141,Training|Validation,홈클린,주방용품,비닐장갑,크린랲크린장갑,크린랩,200매
50156,Training|Validation,홈클린,두발용품,샴푸,아모레퍼시픽미장센 에이징케어 샴푸,아모레퍼시픽,680ml
60173,Training|Validation,홈클린,두발용품,샴푸,애경케라시스 볼륨 클리닉 샴푸,애경,600ml
50160,Training|Validation,홈클린,두발용품,샴푸,애경케라시스 오이스처 클리닉 샴푸,애경,600ml
60169,Training|Validation,홈클린,두발용품,샴푸,애경하나로 플러스 샴푸,애경,680ml
90201,Training|Validation,홈클린,두발용품,샴푸,LG생활건강엘라스틴 마린콜라겐 탱글볼륨 샴푸,엘지생활건강,680ml
80152,Training|Validation,홈클린,두발용품,샴푸,LG생활건강엘라스틴아미노펩타이드케어 극손상집중케어샴푸,엘지생활건강,680ml
50169,Training|Validation,홈클린,두발용품,샴푸,LG생활건강엘라스틴피토케라틴모이스처샴푸(시어버터),엘지생활건강,680ml
30243,Training|Validation,홈클린,제습/탈취,섬유용탈취제,샤프란케어스타일러섬유탈취제,샤프란케,100ML
80077,Training|Validation,홈클린,제습/탈취,섬유용탈취제,샤프란케어스타일러섬유탈취제은은한향100ML,샤프란케,100ML
35328,Training|Validation,홈클린,제습/탈취,섬유용탈취제,LG생활건강)샤프란케어스타일러섬유탈취제은은한향,엘지생활건강,500ML
70248,Training|Validation,홈클린,제습/탈취,섬유용탈취제,엘지샤프란케어스타일러(섬유탈취제),엘지생활건강,100ML
80220,Training|Validation,홈클린,제습/탈취,섬유용탈취제,지엘제약섬유탈취제,지엘,100ML
10282,Training|Validation,홈클린,제습/탈취,섬유용탈취제,지엘제약섬유탈취제라벤더향,지엘제약,100ML
35288,Training|Validation,홈클린,제습/탈취,섬유용탈취제,피죤)에어시트피죤미스틱레인20스틱,피죤,20스틱
70249,Training|Validation,홈클린,제습/탈취,섬유용탈취제,피죤리치퍼퓸스프레이아이스플라워,피죤,80ML
25301,Training|Validation,홈클린,욕실주거세제,세정제,그린케미컬 배수구청4개입,그린케미칼,4개입
35972,Training|Validation,홈클린,욕실주거세제,세정제,나바켐)DR747강력먼지제거제(대용량),나비엠알오,223G
20276,Training|Validation,홈클린,욕실주거세제,세정제,무궁화소키행주도마주방세정제,무궁화,410ML
25016,Training|Validation,홈클린,욕실주거세제,세정제,무균무때 욕실그린허브 500ML,무균무때,500ML
25017,Training|Validation,홈클린,욕실주거세제,세정제,무균무때 욕실물때강력제거 300ML,무균무때,300ML
80265,Training|Validation,홈클린,욕실주거세제,세정제,불스원 다목적 실내세정제,불스원,300ML
60242,Training|Validation,홈클린,욕실주거세제,세정제,성진캠도마와행주살균세제,성진캠도,500ML
35323,Training|Validation,홈클린,욕실주거세제,세정제,슈가버블)뿌리는과일야채세정제,슈가버블,500ML
35771,Training|Validation,홈클린,욕실주거세제,세정제,신희)변기세정볼,신희,200G
35326,Training|Validation,홈클린,욕실주거세제,세정제,신희)살생물제품소독제,신희,550ML
60211,Training|Validation,홈클린,욕실주거세제,세정제,애경 랩신 홈백신 욕실용 세정제,애경,900ML
25300,Training|Validation,홈클린,욕실주거세제,세정제,애경 홈즈퀵크린배수구샷4개입,애경,4개입
45859,Training|Validation,홈클린,욕실주거세제,세정제,애경)랩신홈백신주방용세정제,애경,900ML
35314,Training|Validation,홈클린,욕실주거세제,세정제,애경에스티)홈즈퀵크린매직폼,애경,500ML
35298,Training|Validation,홈클린,욕실주거세제,세정제,멕시코)스크러빙버블변기용젤스탬프깨끗한비누향1개,에스씨존슨,1개
35297,Training|Validation,홈클린,욕실주거세제,세정제,멕시코)스크러빙버블변기용젤스탬프표백플러스허브향2개입,에스씨존슨,2개입
25298,Training|Validation,홈클린,욕실주거세제,세정제,에스씨존슨 스크러빙 버블변기용 젤스탬프시트러스향6회분,에스씨존슨코리아,6회분
25299,Training|Validation,홈클린,욕실주거세제,세정제,에스씨존슨 스크러빙 버블변기용 젤스탬프허브향6회분,에스씨존슨코리아,6회분
45322,Training|Validation,홈클린,욕실주거세제,세정제,에스씨존슨코리아)윈덱스유리세정제오리지널,에스씨존슨코리아,660ML
A40021,Training|Validation,홈클린,욕실주거세제,세정제,(주)엘지생활건강홈스타욕실용세정제,엘지생활건강,900ML
35312,Training|Validation,홈클린,욕실주거세제,세정제,LG생활건강)홈스타맥스세면대배수관클리너,엘지생활건강,230ML
45532,Training|Validation,홈클린,욕실주거세제,세정제,LG생활건강)홈스타맥스싱크대배수관클리너,엘지생활건강,680ML
60235,Training|Validation,홈클린,욕실주거세제,세정제,LG생활건강홈스타발포변기세정제,엘지생활건강,3포
65302,Training|Validation,홈클린,욕실주거세제,세정제,엘지생활건강홈스타내추럭스욕실용세정제라벤더향,엘지생활건강,750ML
65300,Training|Validation,홈클린,욕실주거세제,세정제,엘지생활건강홈스타내추럭스욕실용세정제차콜바질향,엘지생활건강,750ML
65301,Training|Validation,홈클린,욕실주거세제,세정제,엘지생활건강홈스타내추럭스주방용세정제레몬버베나향,엘지생활건강,750ML
30250,Training|Validation,홈클린,욕실주거세제,세정제,엘지생활건강홈스타보글보글발포배수구세정제40G,엘지생활건강,3포
15366,Training|Validation,홈클린,욕실주거세제,세정제,유한양행 유한펑크린 2L,유한양행,2L
35795,Training|Validation,홈클린,욕실주거세제,세정제,유한양행)유한락스렌지후드세정제,유한양행,600ML
35308,Training|Validation,홈클린,욕실주거세제,세정제,유한양행)유한락스변기세정제,유한양행,755ML
45318,Training|Validation,홈클린,욕실주거세제,세정제,유한양행)유한락스플러스세제,유한양행,755ML
65395,Training|Validation,홈클린,욕실주거세제,세정제,유한양행유한락스렌지후드세정제,유한양행,500ML
70185,Training|Validation,홈클린,욕실주거세제,세정제,파워피앤비)파워피비680ML,파워피앤비,680ML
65396,Training|Validation,홈클린,욕실주거세제,세정제,피죤무균무때욕실용,피죤,900ML
55434,Training|Validation,홈클린,욕실주거세제,세정제,피죤무균무때주방기름떄강력제거레몬향(주방용)(빨강),피죤,900ML
55435,Training|Validation,홈클린,욕실주거세제,세정제,피죤무균무때주방기름떄강력제거레몬향(주방용)(파랑),피죤,900ML
15399,Training|Validation,홈클린,욕실주거세제,세정제,피죤무균무때주방용,피죤,900ML
35420,Training|Validation,홈클린,욕실주거세제,세정제,한국디비케이)제타매직클리너,한국디비케이,600ML
15843,Training|Validation,홈클린,욕실주거세제,세정제,헨켈홈케어코리아 브레프파워액티브스파클링레몬50G,헨켈코리아,50G
15846,Training|Validation,홈클린,욕실주거세제,세정제,헨켈홈케어코리아 브레프파워액티브오션브리즈50G,헨켈코리아,50G
15849,Training|Validation,홈클린,욕실주거세제,세정제,헨켈홈케어코리아 브레프파워액티브오션브리즈50G*2,헨켈코리아,100G
15844,Training|Validation,홈클린,욕실주거세제,세정제,헨켈홈케어코리아 브레프파워액티브파인포레스트50G,헨켈코리아,50G
15845,Training|Validation,홈클린,욕실주거세제,세정제,헨켈홈케어코리아 브레프파워액티브프로방스라벤더50G,헨켈코리아,50G
15365,Training|Validation,홈클린,욕실주거세제,세정제,심플러스 배수관세정제 2L,홈플러스,2L
15371,Training|Validation,홈클린,욕실주거세제,세정제,홈플러스 차량겸용유리세정제 660ML,홈플러스,660ML
65397,Training|Validation,홈클린,화장지,세정티슈,유한양행유한크로락스세정살균티슈시트러스블렌드,유한양행,75매
45409,Training|Validation,홈클린,화장지,세정티슈,유한킴벌리)스카트기름찌든때서정티슈,유한킴벌리,30매
45509,Training|Validation,홈클린,화장지,세정티슈,한울생약)닥터스손소독티슈(에탄올),한울생약,200G
25365,Training|Validation,홈클린,세탁세제,세탁비누,우궁화찌든때전용비누,기타,150G
25730,Training|Validation,홈클린,세탁세제,세탁비누,디에스켐 표백99%세탁비누 200G,디에스켐,200G
35622,Training|Validation,홈클린,세탁세제,세탁비누,디에스켐)재활용비누(세탁용),디에스켐,200G
80214,Training|Validation,홈클린,세탁세제,세탁비누,디에스켐베이킹소다행주비누,디에스켐,250G
25294,Training|Validation,홈클린,세탁세제,세탁비누,무궁화 세탁비누 920G,무궁화,920G
25297,Training|Validation,홈클린,세탁세제,세탁비누,무궁화 왕표백450G,무궁화,450G
80126,Training|Validation,홈클린,세탁세제,세탁비누,무궁화)무궁화살균99%,무궁화,230ML
70146,Training|Validation,홈클린,세탁세제,세탁비누,무궁화)무궁화표백,무궁화,230ML
20210,Training|Validation,홈클린,세탁세제,세탁비누,무궁화)소키속옷전용비누127G,무궁화,127G
70149,Training|Validation,홈클린,세탁세제,세탁비누,무궁화하얀비누,무궁화,230G
80125,Training|Validation,홈클린,세탁세제,세탁비누,무궁화향비누230G,무궁화,230G
25283,Training|Validation,홈클린,세탁세제,세탁비누,보령비엔비 세탁비누 살균세탁용라벤더200G,보령비엔,200G
25284,Training|Validation,홈클린,세탁세제,세탁비누,보령비엔비 세탁비누 얼룩제거세탁용로즈마리200G,보령비엔,200G
25286,Training|Validation,홈클린,세탁세제,세탁비누,보령비엔비 세탁비누 유아의류세탁용아카시아200G,보령비엔,200G
25285,Training|Validation,홈클린,세탁세제,세탁비누,보령비엔비 세탁비누 유아의류세탁용카모마일200G,보령비엔,200G
40270,Training|Validation,홈클린,욕실주거세제,세탁조세정제,아성다이소세탁조크리너150G*3,아성에이치엠,450G
45329,Training|Validation,홈클린,욕실주거세제,세탁조세정제,애경)랩신홈백신세탁조클리너,애경,500ML
70253,Training|Validation,홈클린,욕실주거세제,세탁조세정제,엘지홈스타퍼펙트세탁조클리너,엘지생활건강,450ML
35327,Training|Validation,홈클린,세탁세제,세탁조세정제,유한양행)유한락스세탁조세정제,유한양행,500ML
55442,Training|Validation,홈클린,주방용품,수세미/솔,3M스카치브라이트항균망사수세미,한국쓰리엠,10입
16016,Training|Validation,홈클린,주방용품,수세미/솔,한국쓰리엠 스카치브라이트인덕션전용클리너패드2입,한국쓰리엠,2입
45473,Training|Validation,홈클린,주방용품,수세미/솔,한국쓰리엠)스카치브라이트원데이수세미소프트,한국쓰리엠,10매
75166,Training|Validation,홈클린,주방용품,싱크대/배수구용품,스텐씽크하수구망(대),기타,1개
75168,Training|Validation,홈클린,주방용품,싱크대/배수구용품,스텐씽크하수구망(소),기타,1개
75167,Training|Validation,홈클린,주방용품,싱크대/배수구용품,스텐씽크하수구망(특대),기타,1개
25987,Training|Validation,홈클린,세탁세제,액상세탁세제,동방B&H 로로떼떼코코넛을담은유아세탁세제리필1.3L,동방B&,1.3L
25370,Training|Validation,홈클린,세탁세제,액상세탁세제,무궁화울킴중성세제,무궁화,1.6L
45841,Training|Validation,홈클린,세탁세제,액상세탁세제,비엔디생활건강)자연유래성분속옷전용세제,비엔디생활건강,500ML
75040,Training|Validation,홈클린,세탁세제,액상세탁세제,애경리큐베이직 4L,애경,4L
85043,Training|Validation,홈클린,세탁세제,액상세탁세제,애경리큐베이직3L일반드럼겸용,애경,3L
A30024,Training|Validation,홈클린,세탁세제,액상세탁세제,(주)엘지생활건강울드라이오리지널,엘지생활건강,1.3L
45313,Training|Validation,홈클린,세탁세제,액상세탁세제,LG생활건강)테크울드라이오리지널,엘지생활건강,1.3L
15285,Training|Validation,홈클린,세탁세제,액상세탁세제,엘지 베비언스 핑크퐁세탁세제2.2L,엘지생활건강,2.2L
15870,Training|Validation,홈클린,세탁세제,액상세탁세제,엘지 테크울드라이엑스퍼트1.3L,엘지생활건강,1.3L
15353,Training|Validation,홈클린,세탁세제,액상세탁세제,유한양행 유한젠 1.4KG,유한양행,1.4KG
15352,Training|Validation,홈클린,세탁세제,액상세탁세제,유한양행 유한젠 가드니아향 1.4KG,유한양행,1.4KG
25371,Training|Validation,홈클린,세탁세제,액상세탁세제,유한양행암앤해머트로피컬파라다이스,유한양행,2.21L
45308,Training|Validation,홈클린,세탁세제,액상표백제,라이온코리아)때가쏙비트O2,라이온코리아,500ML
15858,Training|Validation,홈클린,세탁세제,액상표백제,애경 리큐제트얼룩지우개애벌빨래용200ML,애경,200ML
65955,Training|Validation,홈클린,욕실주거세제,욕실전용청소세제,슈가버블)JAJU베이킹소다수주방욕실청소용500ML,슈가버블,500ML
35339,Training|Validation,홈클린,욕실주거세제,욕실전용청소세제,유한양행)유한락스욕실청소용,유한양행,715ML
A40024,Training|Validation,홈클린,욕실주거세제,욕실전용청소세제,헨켈홈케어코리아브레프파워욕실용,헨켈코리아,500ML
30145,Training|Validation,홈클린,위생용품,일반비누,동방)노니인진쑥때비누100G,동방,100G
20176,Training|Validation,홈클린,위생용품,일반비누,동방)해피바스올리브,동방,100G
10182,Training|Validation,홈클린,위생용품,일반비누,무궁화)5곡때비누100G,무궁화,100G
90155,Training|Validation,홈클린,위생용품,일반비누,무궁화)샤워랑핑크로즈130G,무궁화,130G
80118,Training|Validation,홈클린,위생용품,일반비누,무궁화)식물나라라벤더비누100G,무궁화,100G
60133,Training|Validation,홈클린,위생용품,일반비누,무궁화)식물나리히노끼100G,무궁화,100G
90151,Training|Validation,홈클린,위생용품,일반비누,무궁화)자연미인라벤더비누100G,무궁화,100G
90149,Training|Validation,홈클린,위생용품,일반비누,무궁화)자연미인살구비누100G,무궁화,100G
20175,Training|Validation,홈클린,위생용품,일반비누,무궁화)자연미인아보카도솝,무궁화,100ML
70144,Training|Validation,홈클린,위생용품,일반비누,무궁화)자연미인알로에비누,무궁화,100ML
80119,Training|Validation,홈클린,위생용품,일반비누,무궁화)자연미인오이비누,무궁화,100ML
80120,Training|Validation,홈클린,위생용품,일반비누,무궁화)자연미인우유비누,무궁화,100ML
90150,Training|Validation,홈클린,위생용품,일반비누,무궁화)자연미인코코넛솝100G,무궁화,100G
70145,Training|Validation,홈클린,위생용품,일반비누,아모레)오이후레쉬마사지비누,아모레퍼시픽,100ML
40193,Training|Validation,홈클린,위생용품,일반비누,아모레퍼시픽쑥에센스보습비누,아모레퍼시픽,100G
40192,Training|Validation,홈클린,위생용품,일반비누,에스엠솝랜드)곡물때비누170G,에스엠솝랜드,170G
90157,Training|Validation,홈클린,위생용품,일반비누,엘지)알뜨랑오리지널(옐로우)140G,엘지생활건강,140G
90156,Training|Validation,홈클린,위생용품,일반비누,엘지)알뜨랑오리지널(핑크)140G,엘지생활건강,140G
30141,Training|Validation,홈클린,위생용품,일반비누,옥시)데톨데일리케어,옥시,95ML
40163,Training|Validation,홈클린,위생용품,일반비누,옥시)데톨모이스처라이징,옥시,95G
40160,Training|Validation,홈클린,위생용품,일반비누,유니테버)도브핑크100G,유니테버,100G
40164,Training|Validation,홈클린,위생용품,일반비누,유니테버)도브화이트100G,유니테버,100G
90181,Training|Validation,홈클린,위생용품,일반비누,유니테버)럭스85G,유니테버,85G
10183,Training|Validation,홈클린,위생용품,일반비누,자연미인)탱글망고솝,자연미인,100G
40162,Training|Validation,홈클린,위생용품,일반비누,자연미인로즈비누,자연미인,100G
10180,Training|Validation,홈클린,위생용품,일반비누,크리오)골드디비누,크리오,100ML
30146,Training|Validation,홈클린,위생용품,일반비누,크리오)동산씨앤지창포100G,크리오,100G
10194,Training|Validation,홈클린,위생용품,일반비누,크리오)인삼비누,크리오,100ML
75153,Training|Validation,홈클린,주방세제,일반주방세제,리오퐁주방세제(레몬향),기타,500G
25349,Training|Validation,홈클린,주방세제,일반주방세제,라이온 참그린 녹차뽀드득 2L,라이온코리아,2L
15350,Training|Validation,홈클린,주방세제,일반주방세제,라이온 참그린 순수발효곡물 2L,라이온코리아,2L
15357,Training|Validation,홈클린,주방세제,일반주방세제,라이온 참그린 허브식초설거지 860ML,라이온코리아,860ML
30182,Training|Validation,홈클린,주방세제,일반주방세제,라이온)참그린녹차뽀드득480ML,라이온코리아,480ML
40211,Training|Validation,홈클린,주방세제,일반주방세제,라이온)참그린콤팩트485ML,라이온코리아,485G
65378,Training|Validation,홈클린,주방세제,일반주방세제,라이온참그린매실청정설거지,라이온코리아,960ML
45333,Training|Validation,홈클린,주방세제,일반주방세제,라이온코리아)참그린냄새없는뽀드득,라이온코리아,2L
35321,Training|Validation,홈클린,주방세제,일반주방세제,라이온코리아)참그린순수발효식물,라이온코리아,2L
45317,Training|Validation,홈클린,주방세제,일반주방세제,라이온코리아)참그린순수발효식물,라이온코리아,725ML
45315,Training|Validation,홈클린,주방세제,일반주방세제,라이온코리아)참그린제주유기농녹차,라이온코리아,300ML
25783,Training|Validation,홈클린,주방세제,일반주방세제,슈가버블 식기세척기용액체세제1L,슈가버블,1L
15860,Training|Validation,홈클린,주방세제,일반주방세제,슈가버블 식기세척기용헹굼보조제1L,슈가버블,1L
15344,Training|Validation,홈클린,주방세제,일반주방세제,슈가버블 친환경주방세제 리치블루베리 1.2L,슈가버블,1.2L
35330,Training|Validation,홈클린,주방세제,일반주방세제,슈가버블)친환경주방세제리치레몬,슈가버블,940ML
65372,Training|Validation,홈클린,주방세제,일반주방세제,슈가버블리치레몬(주방세제),슈가버블,2L
10222,Training|Validation,홈클린,주방세제,일반주방세제,슈가버블친환경주방세제470ML,슈가버블,470ML
15854,Training|Validation,홈클린,주방세제,일반주방세제,애경 순샘버블올리브350ML,애경,350ML
15358,Training|Validation,홈클린,주방세제,일반주방세제,애경 트리오 곡물설거지 우리밀 1.2L,애경,1.2L
15359,Training|Validation,홈클린,주방세제,일반주방세제,애경 트리오 곡물설거지 우리쌀겨 1.2L,애경,1.2L
15347,Training|Validation,홈클린,주방세제,일반주방세제,애경 트리오 홍초를담은주방세제 2.3L,애경,2.3L
15857,Training|Validation,홈클린,주방세제,일반주방세제,애경 트리오베이킹소다를담은주방세제700ML,애경,700ML
10221,Training|Validation,홈클린,주방세제,일반주방세제,애경)순샘구연산자몽향1KG,애경,1KG
55793,Training|Validation,홈클린,주방세제,일반주방세제,애경)순샘버블올리브거픔형주방세제(리필비닐),애경,1L
40201,Training|Validation,홈클린,주방세제,일반주방세제,애경)순샘베이킹소다*피톤치드향1KG,애경,1KG
35344,Training|Validation,홈클린,주방세제,일반주방세제,애경)순샘베이킹소다X피톤치드향,애경,2L
35343,Training|Validation,홈클린,주방세제,일반주방세제,애경)트리오베이킹소다를담은주방세제,애경,2.3L
55795,Training|Validation,홈클린,주방세제,일반주방세제,애경)트리오베이킹소다를담은주방세제(리필비닐),애경,1.2L
65022,Training|Validation,홈클린,주방세제,일반주방세제,애경_순샘히말라야크리스탈솔트주방세제_500ML,애경,500ML
15481,Training|Validation,홈클린,주방세제,일반주방세제,애경트리오 곡물설거지 우리쌀겨 2.3L,애경,2.3L
15482,Training|Validation,홈클린,주방세제,일반주방세제,애경트리오 향균설거지 피톤치드 2.3L,애경,2.3L
20209,Training|Validation,홈클린,주방세제,일반주방세제,항균트리오389ml,애경산업,389ML
20215,Training|Validation,홈클린,주방세제,일반주방세제,항균트리오973ml,애경산업,973ML
15345,Training|Validation,홈클린,주방세제,일반주방세제,에버코스 프릴 시크릿오브맑은식초주방세제 달콤한리치향 1L,에버코스,1L
15346,Training|Validation,홈클린,주방세제,일반주방세제,에버코스 프릴 시크릿오브베이킹소다주방세제 와일드베리향 1L,에버코스,1L
A30023,Training|Validation,홈클린,주방세제,일반주방세제,(주)엘지생활건강자연퐁POP달콤한애플향,엘지생활건강,1.3L
50184,Training|Validation,홈클린,주방세제,일반주방세제,LG 퐁퐁 친환경주방세제 오렌지,엘지생활건강,1.2L
35010,Training|Validation,홈클린,주방세제,일반주방세제,LG)세이프 천연미네랄(퐁퐁) 385ML,엘지생활건강,385ML
40200,Training|Validation,홈클린,주방세제,일반주방세제,LG)자연퐁비린내걱정없는오렌지1.1L,엘지생활건강,1.1L
35319,Training|Validation,홈클린,주방세제,일반주방세제,LG생활건강)SAFE주방세제레몬&버베나향,엘지생활건강,1L
45336,Training|Validation,홈클린,주방세제,일반주방세제,LG생활건강)메소드주방세제레몬민트향,엘지생활건강,1L
35307,Training|Validation,홈클린,주방세제,일반주방세제,LG생활건강)메소드주방세제레몬민트향532ML,엘지생활건강,532ML
35338,Training|Validation,홈클린,주방세제,일반주방세제,LG생활건강)메소드주방세제바질향,엘지생활건강,532ML
35781,Training|Validation,홈클린,주방세제,일반주방세제,LG생활건강)자연퐁비린내걱정없는오렌지,엘지생활건강,490ML
A10015,Training|Validation,홈클린,주방세제,일반주방세제,LG생활건강)자연퐁상쾌한바질향,엘지생활건강,1.3L
45309,Training|Validation,홈클린,주방세제,일반주방세제,LG생활건강)자연퐁솔잎,엘지생활건강,980ML
35780,Training|Validation,홈클린,주방세제,일반주방세제,LG생활건강)자연퐁찌든때걱정없는솔잎,엘지생활건강,490ML
35347,Training|Validation,홈클린,주방세제,일반주방세제,LG생활건강)퐁퐁베이킹소다,엘지생활건강,2L
15348,Training|Validation,홈클린,주방세제,일반주방세제,엘지 자연퐁 크릴오일주방세제 레몬향 1L,엘지생활건강,1L
15356,Training|Validation,홈클린,주방세제,일반주방세제,엘지 퐁퐁 레몬식초 상큼한레몬향 2L,엘지생활건강,2L
15349,Training|Validation,홈클린,주방세제,일반주방세제,엘지 퐁퐁 아침보리 포근한곡물향 2L,엘지생활건강,2L
15872,Training|Validation,홈클린,주방세제,일반주방세제,유한양행 아름다운주방세제쌀추출물1.6KG,유한양행,1.6KG
35346,Training|Validation,홈클린,주방세제,일반주방세제,유한양행)아름다운주방세제트로피칼트리,유한양행,2KG
35318,Training|Validation,홈클린,주방세제,일반주방세제,유한양행)아름다운주방세제흑미배아,유한양행,2KG
A20018,Training|Validation,홈클린,주방세제,일반주방세제,참그린)참그린석류식초설거지,참그린,860ML
A30020,Training|Validation,홈클린,주방세제,일반주방세제,참그린순수발효곡물,참그린,720ML
A10016,Training|Validation,홈클린,주방세제,일반주방세제,프릴)베이킹소다퓨어레몬향,프릴,750ML
A20020,Training|Validation,홈클린,주방세제,일반주방세제,프릴)픨시크릿오브베이킹소다퓨어레몬향,프릴,1L
35320,Training|Validation,홈클린,주방세제,일반주방세제,헨켄)프릴시크릿오브베이킹소다그린허브향,헨켄,1L
35333,Training|Validation,홈클린,주방세제,일반주방세제,헨켈)프릴맑은식초달콤한리치향,헨켈,750ML
35331,Training|Validation,홈클린,주방세제,일반주방세제,헨켈)프릴맑은식초산뜻한자몽향,헨켈,750ML
45332,Training|Validation,홈클린,주방세제,일반주방세제,헨켈)프릴맑은식초산뜻한자몽향,헨켈,1L
35332,Training|Validation,홈클린,주방세제,일반주방세제,헨켈)프릴맑은식초상큼한라임향,헨켈,750ML
35334,Training|Validation,홈클린,주방세제,일반주방세제,헨켈)프릴시크릿오브베이킹소다와일드베리향,헨켈,750ML
65282,Training|Validation,홈클린,욕실주거세제,제품세정제,메디앙스비앤비젖병세정제액상형,메디앙스,700ML
45331,Training|Validation,홈클린,주방세제,주방용청소세제,LG생활건강)메소드베이킹소다키친클리너유칼립투스민트향,엘지생활건강,500ML
35337,Training|Validation,홈클린,욕실주거세제,주방용청소세제,LG생활건강)자연퐁식기세척기전용세제파우더타입,엘지생활건강,450G
A20011,Training|Validation,홈클린,욕실주거세제,주방용청소세제,LG생활건강)홈스타맥스렌지후드클리너,엘지생활건강,480ML
A40022,Training|Validation,홈클린,욕실주거세제,주방용청소세제,헨켈홈케어코리아브레프파워주방용,헨켈코리아,500ML
20177,Training|Validation,홈클린,주방용품,지퍼백/비닐백,청정크린백 中 100H,기타,80매
40168,Training|Validation,홈클린,주방용품,지퍼백/비닐백,크린랩)뽑아쓰는 크린백 17cm X 25cm,크린랩,300매
70152,Training|Validation,홈클린,주방용품,지퍼백/비닐백,크린랩)크린지퍼백 (이중지퍼백) 18cm X 20cm,크린랩,20매
70148,Training|Validation,홈클린,주방용품,지퍼백/비닐백,크린랩)크린지퍼백 15cm X 10cm,크린랩,20매
10327,Training|Validation,홈클린,레저취미,차량용품,뿌리는고속코팅왁스300ML,기타,300ML
55440,Training|Validation,홈클린,레저취미,차량용품,불스원고광택왁스,불스원,550ML
55439,Training|Validation,홈클린,레저취미,차량용품,불스원레자왁스,불스원,550ML
55438,Training|Validation,홈클린,레저취미,차량용품,불스원물없이간편세차,불스원,550ML
55441,Training|Validation,홈클린,레저취미,차량용품,불스원물왁스,불스원,550ML
55437,Training|Validation,홈클린,레저취미,차량용품,불스원유리크리너,불스원,550ML
80216,Training|Validation,홈클린,레저취미,차량용품,불스원광택복원튜브,불스원광,80G
70251,Training|Validation,홈클린,레저취미,차량용품,불스원엔진세정제(휘발유),불스원엔,330ML
30249,Training|Validation,홈클린,레저취미,차량용품,불스원엔진세정제경유차용,불스원엔,330ML
60239,Training|Validation,홈클린,레저취미,차량용품,불스원차량용실내탈취제(쿨워터향),불스원차,250ML
50226,Training|Validation,홈클린,레저취미,차량용품,불스원천연가죽세정제,불스원천,140ML
20273,Training|Validation,홈클린,레저취미,차량용품,불스원퍼스트클래스컴파운드,불스원퍼,100G
90253,Training|Validation,홈클린,레저취미,차량용품,엘코리아소프트컴파운드,엘코리아,300ML
45472,Training|Validation,홈클린,레저취미,차량용품,탑크린)에탄올워셔액,탑크린,1.8L
55387,Training|Validation,홈클린,화장지,청소용물티슈,샤인손걸레청소포,샤인손걸,370G
16028,Training|Validation,홈클린,화장지,청소용물티슈,롯데쇼핑 온리프라이스정전기청소포20*38CM50매,온리프라이스,50매
35311,Training|Validation,홈클린,화장지,청소용물티슈,유한양행)유한크로락스세정살균티슈오렌지퓨젼,유한양행,75매수
45319,Training|Validation,홈클린,화장지,청소용물티슈,유한양행)유한크로락스세정살균티슈후레시센트,유한양행,75매수
55443,Training|Validation,홈클린,화장지,청소용물티슈,유한킴벌리스카트화장실청소티슈,유한킴벌리,30매
35753,Training|Validation,홈클린,화장지,청소용물티슈,자우버)코디데일리항균클리너,자우버,30매입
16025,Training|Validation,홈클린,화장지,청소용물티슈,한국쓰리엠 간편세정티슈15*19CM80매,한국쓰리엠,80매
16026,Training|Validation,홈클린,화장지,청소용물티슈,한국쓰리엠 먼지제거티슈16*20CM90매,한국쓰리엠,90매
16027,Training|Validation,홈클린,화장지,청소용물티슈,한국쓰리엠 손으로쓰는정전기청소포16*20CM90매,한국쓰리엠,90매
25960,Training|Validation,홈클린,화장지,청소용물티슈,한국쓰리엠 스카치브라이트손으로쓰는물걸레청소포80매,한국쓰리엠,80매
16031,Training|Validation,홈클린,화장지,청소용물티슈,한국쓰리엠 한장씩뜯어쓰는원데이행주플러15M*20CM50매입,한국쓰리엠,50매입
75157,Training|Validation,홈클린,제습/탈취제,탈취제,하수구냄새차단트랩,기타,1개
40267,Training|Validation,홈클린,제습/탈취,탈취제,비엘코리아신발냄새제거제,비엘코리,70ML
35545,Training|Validation,홈클린,제습/탈취,탈취제,애경)홈즈탈취탄냉동실용,애경,70G
35546,Training|Validation,홈클린,제습/탈취,탈취제,애경)홈즈탈취탄냉장고용,애경,140G
25646,Training|Validation,홈클린,제습/탈취,탈취제,유한양행 암앤해머베이킹소다매직포켓 100G4입,유한양행,400G
25645,Training|Validation,홈클린,제습/탈취,탈취제,유한양행 암앤해머베이킹소다매직포켓 30G10입,유한양행,300G
45314,Training|Validation,홈클린,제습/탈취,탈취제,페브리즈맨데오드란트파워,페브리즈,320ML
45316,Training|Validation,홈클린,제습/탈취,탈취제,페브리즈맨시원한멘솔향,페브리즈,320ML
55110,Training|Validation,홈클린,제습/탈취,탈취제,피앤지페브리즈비치형화장실용산뜻한사과향,피앤지페브리즈,6ML
65113,Training|Validation,홈클린,제습/탈취,탈취제,피앤지페브리즈비치형화장실용상쾌한비누향,피앤지페브리즈,6ML
65076,Training|Validation,홈클린,제습/탈취,탈취제,피앤지페브리즈비치형화장실형향긋한꽃향기6ML,피앤지페브리즈,6ML
65062,Training|Validation,홈클린,제습/탈취,탈취제,한국미라클 코코브라운 베이킹소다 탈취제 베이비파우더향 550ML,한국미라클,550ML
45310,Training|Validation,홈클린,제습/탈취,탈취제,헨켈)페브리즈레몬그라스앤진저,헨켈,320ML
45312,Training|Validation,홈클린,제습/탈취,탈취제,헨켈)페브리즈민트앤주니퍼베리,헨켈,320ML
65293,Training|Validation,홈클린,세탁세제,특수용세탁세제,엘지생활건강핑크퐁베이비식초세탁세제,엘지생활건강,1L
15856,Training|Validation,홈클린,세탁세제,특수용세탁세제,후레스코 운동화전용세제지브로500ML,후레스코,500ML
40266,Training|Validation,홈클린,제습/탈취,파리/모기살충제,월드캠애드컬초파리트랩,월드그린,25ML
50157,Training|Validation,홈클린,생리용품,팬티라이너,유한)화이트팬티라이너일반24개입,유한,24개입
50158,Training|Validation,홈클린,생리용품,팬티라이너,유한)화이트팬티라이너통20개입,유한,20개입
20192,Training|Validation,홈클린,위생용품,핸드워시/손세정제,옥시데톨,옥시,250ml
35325,Training|Validation,홈클린,위생용품,핸드워시/손세정제,홈플러스)홈플러스시그니처토탈케어핸드워시무향,홈플러스,500ML
35324,Training|Validation,홈클린,위생용품,핸드워시/손세정제,홈플러스)홈플러스시그니처토탈케어핸드워시사과향,홈플러스,500ML
45475,Training|Validation,홈클린,주방용품,행주,지엠에스)부직포칼라행주,지엠에스,20개입
35294,Training|Validation,홈클린,섬유유연제,향기지속제,샤프란)아우라드라인건조기전용섬유유연시트매그놀리아&릴리40매,샤프란,40매
35757,Training|Validation,홈클린,섬유유연제,향기지속제,피죤)피죤건조기용,피죤,40매입
30168,Training|Validation,홈클린,주방용품,호일/기름종이,요리지)크린종이호일원형,요리지,30매
